#VRML V2.0 utf8

Shape {
  appearance Appearance {
    material Material {
      diffuseColor 0.6471 0.6196 0.5882
      specularColor 0.4510 0.4353 0.4118
      ambientIntensity 0.2
      transparency 0.0000
      shininess 0.5
    }
  }
  geometry IndexedFaceSet {
    ccw TRUE
    solid FALSE
    coord DEF co Coordinate {
      point [
        -2.017717 0.580709 0.255906,
        -2.017717 0.580709 0.000000,
        -1.919291 0.580709 0.255906,
        -1.919291 0.580709 0.000000,
        -2.017717 -0.620079 0.255906,
        -1.919291 -0.620079 0.255906,
        -2.017717 -0.620079 0.374016,
        -1.919291 -0.620079 0.374016,
        -2.017717 0.364173 0.374016,
        -1.919291 0.364173 0.374016,
        -2.017717 0.364173 0.677165,
        -1.919291 0.364173 0.677165,
        -2.017717 -0.620079 0.677165,
        -1.919291 -0.620079 0.677165,
        -2.017717 -0.620079 0.795276,
        -1.919291 -0.620079 0.795276,
        -2.017717 0.364173 0.795276,
        -1.919291 0.364173 0.795276,
        -2.017717 0.364173 0.807087,
        -1.919291 0.364173 0.807087,
        -2.017717 0.757874 0.807087,
        -1.919291 0.757874 0.807087,
        -2.017717 0.757874 0.352860,
        -1.919291 0.757874 0.352860,
        -2.017717 0.953254 0.157480,
        -1.919291 0.953254 0.157480,
        -2.017717 1.328740 0.157480,
        -1.919291 1.328740 0.157480,
        -2.017717 1.328740 0.000000,
        -1.919291 1.328740 0.000000,
        -0.442913 0.580709 0.255906,
        -0.442913 0.580709 0.000000,
        -0.344488 0.580709 0.255906,
        -0.344488 0.580709 0.000000,
        -0.442913 -0.620079 0.255906,
        -0.344488 -0.620079 0.255906,
        -0.442913 -0.620079 0.374016,
        -0.344488 -0.620079 0.374016,
        -0.442913 0.364173 0.374016,
        -0.344488 0.364173 0.374016,
        -0.442913 0.364173 0.677165,
        -0.344488 0.364173 0.677165,
        -0.442913 -0.620079 0.677165,
        -0.344488 -0.620079 0.677165,
        -0.442913 -0.620079 0.795276,
        -0.344488 -0.620079 0.795276,
        -0.442913 0.364173 0.795276,
        -0.344488 0.364173 0.795276,
        -0.442913 0.364173 0.807087,
        -0.344488 0.364173 0.807087,
        -0.442913 0.757874 0.807087,
        -0.344488 0.757874 0.807087,
        -0.442913 0.757874 0.352860,
        -0.344488 0.757874 0.352860,
        -0.442913 0.953254 0.157480,
        -0.344488 0.953254 0.157480,
        -0.442913 1.328740 0.157480,
        -0.344488 1.328740 0.157480,
        -0.442913 1.328740 0.000000,
        -0.344488 1.328740 0.000000,
        -4.133858 -0.167323 0.118110,
        -4.133858 -0.167323 0.000000,
        -3.858268 -0.167323 0.118110,
        -3.858268 -0.167323 0.000000,
        -3.827545 -0.167323 0.121136,
        -3.815156 -0.167323 0.003393,
        -3.798003 -0.167323 0.130098,
        -4.133858 -0.167323 0.984252,
        -4.133858 -0.167323 0.866142,
        -3.858268 -0.167323 0.984252,
        -3.858268 -0.167323 0.866142,
        -3.815156 -0.167323 0.980859,
        -3.827545 -0.167323 0.863116,
        -3.773106 -0.167323 0.970764,
        -3.798003 -0.167323 0.854154,
        -3.733152 -0.167323 0.954215,
        -3.770776 -0.167323 0.839602,
        -3.773106 -0.167323 0.013488,
        -3.733152 -0.167323 0.030037,
        -3.770776 -0.167323 0.144650,
        -3.696280 -0.167323 0.052633,
        -3.746913 -0.167323 0.164235,
        -3.663396 -0.167323 0.080719,
        -3.727328 -0.167323 0.188099,
        -3.635310 -0.167323 0.113602,
        -3.712775 -0.167323 0.215326,
        -3.712775 -0.167323 0.768926,
        -3.612715 -0.167323 0.833777,
        -3.727328 -0.167323 0.796153,
        -3.635310 -0.167323 0.870650,
        -3.746913 -0.167323 0.820017,
        -3.663396 -0.167323 0.903533,
        -3.696280 -0.167323 0.931619,
        -3.612715 -0.167323 0.150475,
        -3.596165 -0.167323 0.190428,
        -3.703813 -0.167323 0.244868,
        -3.586070 -0.167323 0.232479,
        -3.700787 -0.167323 0.275591,
        -3.582677 -0.167323 0.275591,
        -3.700787 -0.167323 0.708661,
        -3.582677 -0.167323 0.708661,
        -3.703813 -0.167323 0.739384,
        -3.586070 -0.167323 0.751773,
        -3.596165 -0.167323 0.793824,
        -3.700787 0.757874 0.708661,
        -3.703813 0.757874 0.739384,
        -3.712775 0.757874 0.768926,
        -3.727328 0.757874 0.796153,
        -3.746913 0.757874 0.820017,
        -3.770776 0.757874 0.839602,
        -3.798003 0.757874 0.854154,
        -3.827545 0.757874 0.863116,
        -3.858268 0.757874 0.866142,
        -3.700787 0.757874 0.275591,
        -3.858268 0.757874 0.118110,
        -3.827545 0.757874 0.121136,
        -3.798003 0.757874 0.130098,
        -3.770776 0.757874 0.144650,
        -3.746913 0.757874 0.164235,
        -3.727328 0.757874 0.188099,
        -3.712775 0.757874 0.215326,
        -3.703813 0.757874 0.244868,
        -4.133858 0.757874 0.118110,
        -4.133858 0.757874 0.000000,
        -3.858268 0.757874 0.000000,
        -3.582677 0.757874 0.275591,
        -3.586070 0.757874 0.232479,
        -3.596165 0.757874 0.190428,
        -3.612715 0.757874 0.150475,
        -3.635310 0.757874 0.113602,
        -3.663396 0.757874 0.080719,
        -3.696280 0.757874 0.052633,
        -3.733152 0.757874 0.030037,
        -3.773106 0.757874 0.013488,
        -3.815156 0.757874 0.003393,
        -3.582677 0.757874 0.708661,
        -3.858268 0.757874 0.984252,
        -3.815156 0.757874 0.980859,
        -3.773106 0.757874 0.970764,
        -3.733152 0.757874 0.954215,
        -3.696280 0.757874 0.931619,
        -3.663396 0.757874 0.903533,
        -3.635310 0.757874 0.870650,
        -3.612715 0.757874 0.833777,
        -3.596165 0.757874 0.793824,
        -3.586070 0.757874 0.751773,
        -4.133858 0.757874 0.984252,
        -4.133858 0.757874 0.866142,
      ]
    }
    coordIndex [
      0, 1, 2, -1,
      2, 1, 3, -1,
      4, 0, 5, -1,
      5, 0, 2, -1,
      6, 4, 7, -1,
      7, 4, 5, -1,
      8, 6, 9, -1,
      9, 6, 7, -1,
      10, 8, 11, -1,
      11, 8, 9, -1,
      12, 10, 13, -1,
      13, 10, 11, -1,
      14, 12, 15, -1,
      15, 12, 13, -1,
      16, 14, 17, -1,
      17, 14, 15, -1,
      18, 16, 19, -1,
      19, 16, 17, -1,
      20, 18, 21, -1,
      21, 18, 19, -1,
      22, 20, 23, -1,
      23, 20, 21, -1,
      24, 22, 25, -1,
      25, 22, 23, -1,
      26, 24, 27, -1,
      27, 24, 25, -1,
      28, 26, 29, -1,
      29, 26, 27, -1,
      1, 28, 3, -1,
      3, 28, 29, -1,
      16, 18, 20, -1,
      4, 6, 0, -1,
      0, 6, 8, -1,
      0, 8, 10, -1,
      10, 12, 14, -1,
      14, 16, 10, -1,
      10, 16, 20, -1,
      10, 20, 0, -1,
      0, 20, 22, -1,
      0, 22, 1, -1,
      1, 22, 24, -1,
      1, 24, 28, -1,
      28, 24, 26, -1,
      21, 19, 23, -1,
      23, 19, 17, -1,
      15, 13, 17, -1,
      17, 13, 11, -1,
      17, 11, 23, -1,
      23, 11, 9, -1,
      23, 9, 25, -1,
      25, 9, 29, -1,
      25, 29, 27, -1,
      7, 5, 9, -1,
      9, 5, 2, -1,
      9, 2, 29, -1,
      29, 2, 3, -1,
      30, 31, 32, -1,
      32, 31, 33, -1,
      34, 30, 35, -1,
      35, 30, 32, -1,
      36, 34, 37, -1,
      37, 34, 35, -1,
      38, 36, 39, -1,
      39, 36, 37, -1,
      40, 38, 41, -1,
      41, 38, 39, -1,
      42, 40, 43, -1,
      43, 40, 41, -1,
      44, 42, 45, -1,
      45, 42, 43, -1,
      46, 44, 47, -1,
      47, 44, 45, -1,
      48, 46, 49, -1,
      49, 46, 47, -1,
      50, 48, 51, -1,
      51, 48, 49, -1,
      52, 50, 53, -1,
      53, 50, 51, -1,
      54, 52, 55, -1,
      55, 52, 53, -1,
      56, 54, 57, -1,
      57, 54, 55, -1,
      58, 56, 59, -1,
      59, 56, 57, -1,
      31, 58, 33, -1,
      33, 58, 59, -1,
      46, 48, 50, -1,
      34, 36, 30, -1,
      30, 36, 38, -1,
      30, 38, 40, -1,
      40, 42, 44, -1,
      44, 46, 40, -1,
      40, 46, 50, -1,
      40, 50, 30, -1,
      30, 50, 52, -1,
      30, 52, 31, -1,
      31, 52, 54, -1,
      31, 54, 58, -1,
      58, 54, 56, -1,
      51, 49, 53, -1,
      53, 49, 47, -1,
      45, 43, 47, -1,
      47, 43, 41, -1,
      47, 41, 53, -1,
      53, 41, 39, -1,
      53, 39, 55, -1,
      55, 39, 59, -1,
      55, 59, 57, -1,
      37, 35, 39, -1,
      39, 35, 32, -1,
      39, 32, 59, -1,
      59, 32, 33, -1,
      60, 61, 62, -1,
      62, 61, 63, -1,
      62, 63, 64, -1,
      64, 63, 65, -1,
      64, 65, 66, -1,
      67, 68, 69, -1,
      69, 68, 70, -1,
      69, 70, 71, -1,
      71, 70, 72, -1,
      71, 72, 73, -1,
      73, 72, 74, -1,
      73, 74, 75, -1,
      75, 74, 76, -1,
      65, 77, 66, -1,
      66, 77, 78, -1,
      66, 78, 79, -1,
      79, 78, 80, -1,
      79, 80, 81, -1,
      81, 80, 82, -1,
      81, 82, 83, -1,
      83, 82, 84, -1,
      83, 84, 85, -1,
      86, 87, 88, -1,
      88, 87, 89, -1,
      88, 89, 90, -1,
      90, 89, 91, -1,
      90, 91, 76, -1,
      76, 91, 92, -1,
      76, 92, 75, -1,
      84, 93, 85, -1,
      85, 93, 94, -1,
      85, 94, 95, -1,
      95, 94, 96, -1,
      95, 96, 97, -1,
      97, 96, 98, -1,
      97, 98, 99, -1,
      99, 98, 100, -1,
      99, 100, 101, -1,
      101, 100, 102, -1,
      101, 102, 86, -1,
      86, 102, 103, -1,
      86, 103, 87, -1,
      104, 99, 105, -1,
      105, 99, 101, -1,
      105, 101, 106, -1,
      106, 101, 86, -1,
      106, 86, 107, -1,
      107, 86, 88, -1,
      107, 88, 108, -1,
      108, 88, 90, -1,
      108, 90, 109, -1,
      109, 90, 76, -1,
      109, 76, 110, -1,
      110, 76, 74, -1,
      110, 74, 111, -1,
      111, 74, 72, -1,
      111, 72, 112, -1,
      112, 72, 70, -1,
      113, 97, 104, -1,
      104, 97, 99, -1,
      114, 62, 115, -1,
      115, 62, 64, -1,
      115, 64, 116, -1,
      116, 64, 66, -1,
      116, 66, 117, -1,
      117, 66, 79, -1,
      117, 79, 118, -1,
      118, 79, 81, -1,
      118, 81, 119, -1,
      119, 81, 83, -1,
      119, 83, 120, -1,
      120, 83, 85, -1,
      120, 85, 121, -1,
      121, 85, 95, -1,
      121, 95, 113, -1,
      113, 95, 97, -1,
      122, 60, 114, -1,
      114, 60, 62, -1,
      61, 60, 123, -1,
      123, 60, 122, -1,
      63, 61, 124, -1,
      124, 61, 123, -1,
      125, 98, 96, -1,
      125, 96, 126, -1,
      126, 96, 94, -1,
      126, 94, 127, -1,
      127, 94, 93, -1,
      127, 93, 128, -1,
      128, 93, 84, -1,
      128, 84, 129, -1,
      129, 84, 82, -1,
      129, 82, 130, -1,
      130, 82, 80, -1,
      130, 80, 131, -1,
      131, 80, 78, -1,
      131, 78, 132, -1,
      132, 78, 77, -1,
      132, 77, 133, -1,
      133, 77, 65, -1,
      133, 65, 134, -1,
      134, 65, 63, -1,
      134, 63, 124, -1,
      100, 98, 135, -1,
      135, 98, 125, -1,
      136, 69, 71, -1,
      136, 71, 137, -1,
      137, 71, 73, -1,
      137, 73, 138, -1,
      138, 73, 75, -1,
      138, 75, 139, -1,
      139, 75, 92, -1,
      139, 92, 140, -1,
      140, 92, 91, -1,
      140, 91, 141, -1,
      141, 91, 89, -1,
      141, 89, 142, -1,
      142, 89, 87, -1,
      142, 87, 143, -1,
      143, 87, 103, -1,
      143, 103, 144, -1,
      144, 103, 102, -1,
      144, 102, 145, -1,
      145, 102, 100, -1,
      145, 100, 135, -1,
      67, 69, 146, -1,
      146, 69, 136, -1,
      68, 67, 147, -1,
      147, 67, 146, -1,
      112, 70, 147, -1,
      147, 70, 68, -1,
      110, 139, 109, -1,
      109, 139, 140, -1,
      109, 140, 108, -1,
      108, 140, 141, -1,
      108, 141, 107, -1,
      147, 146, 112, -1,
      112, 146, 136, -1,
      112, 136, 111, -1,
      111, 136, 137, -1,
      111, 137, 110, -1,
      110, 137, 138, -1,
      110, 138, 139, -1,
      117, 132, 116, -1,
      116, 132, 133, -1,
      116, 133, 115, -1,
      115, 133, 134, -1,
      115, 134, 114, -1,
      114, 134, 124, -1,
      114, 124, 122, -1,
      122, 124, 123, -1,
      121, 127, 120, -1,
      120, 127, 128, -1,
      120, 128, 119, -1,
      119, 128, 129, -1,
      119, 129, 118, -1,
      118, 129, 130, -1,
      118, 130, 117, -1,
      117, 130, 131, -1,
      117, 131, 132, -1,
      141, 142, 107, -1,
      107, 142, 143, -1,
      107, 143, 106, -1,
      106, 143, 144, -1,
      106, 144, 105, -1,
      105, 144, 145, -1,
      105, 145, 104, -1,
      104, 145, 135, -1,
      104, 135, 113, -1,
      113, 135, 125, -1,
      113, 125, 121, -1,
      121, 125, 126, -1,
      121, 126, 127, -1,
    ]
  }
}

Shape {
  appearance Appearance {
    material Material {
      diffuseColor 0.1098 0.1098 0.1098
      specularColor 0.0078 0.0078 0.0078
      ambientIntensity 0.2
      transparency 0.0000
      shininess 0.5
    }
  }
  geometry IndexedFaceSet {
    ccw TRUE
    solid FALSE
    coord DEF co Coordinate {
      point [
        -3.346457 -0.935039 0.708661,
        -4.330709 -0.935039 0.708661,
        -3.346457 -0.935039 0.944882,
        -4.330709 -0.935039 0.944882,
        -3.346457 -1.289370 0.944882,
        -4.330709 -1.289370 0.944882,
        -4.192913 0.049213 0.314961,
        4.192913 0.049213 0.314961,
        -4.192913 -0.344488 0.314961,
        4.192913 -0.344488 0.314961,
        -4.330709 -0.935039 0.314961,
        4.330709 -0.935039 0.314961,
        -4.192913 0.049213 0.708661,
        4.192913 0.049213 0.708661,
        3.346457 -0.935039 0.708661,
        4.330709 -0.935039 0.708661,
        4.192913 -0.344488 0.708661,
        -3.346457 -1.289370 0.708661,
        3.346457 -1.289370 0.708661,
        -4.192913 -0.344488 0.708661,
        3.346457 -0.935039 0.944882,
        4.330709 -0.935039 0.944882,
        4.330709 -1.289370 0.944882,
        3.346457 -1.289370 0.944882,
        -3.385827 -1.328740 0.905512,
        -4.291339 -1.328740 0.905512,
        -3.385827 -1.328740 0.669291,
        -4.291339 -1.328740 0.078740,
        3.385827 -1.328740 0.669291,
        4.291339 -1.328740 0.078740,
        3.385827 -1.328740 0.905512,
        4.291339 -1.328740 0.905512,
        -4.330709 -1.289370 0.039370,
        -4.330709 -0.935039 0.039370,
        4.330709 -1.289370 0.039370,
        4.330709 -0.935039 0.039370,
      ]
    }
    coordIndex [
      0, 1, 2, -1,
      2, 1, 3, -1,
      4, 2, 5, -1,
      5, 2, 3, -1,
      6, 7, 8, -1,
      8, 7, 9, -1,
      8, 9, 10, -1,
      10, 9, 11, -1,
      12, 13, 6, -1,
      6, 13, 7, -1,
      14, 15, 16, -1,
      17, 18, 0, -1,
      0, 18, 14, -1,
      1, 0, 19, -1,
      19, 0, 14, -1,
      19, 14, 12, -1,
      12, 14, 16, -1,
      12, 16, 13, -1,
      20, 21, 14, -1,
      14, 21, 15, -1,
      22, 21, 23, -1,
      23, 21, 20, -1,
      24, 25, 26, -1,
      26, 25, 27, -1,
      26, 27, 28, -1,
      28, 27, 29, -1,
      28, 29, 30, -1,
      30, 29, 31, -1,
      32, 33, 34, -1,
      34, 33, 35, -1,
      10, 11, 33, -1,
      33, 11, 35, -1,
      34, 35, 11, -1,
      34, 11, 22, -1,
      22, 11, 15, -1,
      22, 15, 21, -1,
      5, 3, 1, -1,
      5, 1, 32, -1,
      32, 1, 10, -1,
      32, 10, 33, -1,
      17, 0, 4, -1,
      4, 0, 2, -1,
      23, 20, 18, -1,
      18, 20, 14, -1,
      8, 19, 6, -1,
      6, 19, 12, -1,
      10, 1, 8, -1,
      8, 1, 19, -1,
      9, 16, 11, -1,
      11, 16, 15, -1,
      7, 13, 9, -1,
      9, 13, 16, -1,
      27, 32, 29, -1,
      29, 32, 34, -1,
      25, 5, 27, -1,
      27, 5, 32, -1,
      22, 31, 34, -1,
      34, 31, 29, -1,
      24, 4, 25, -1,
      25, 4, 5, -1,
      23, 30, 22, -1,
      22, 30, 31, -1,
      26, 17, 24, -1,
      24, 17, 4, -1,
      18, 28, 23, -1,
      23, 28, 30, -1,
      28, 18, 26, -1,
      26, 18, 17, -1,
    ]
  }
}

Shape {
  appearance Appearance {
    material Material {
      diffuseColor 0.6471 0.6196 0.5882
      specularColor 0.4510 0.4353 0.4118
      ambientIntensity 0.2
      transparency 0.0000
      shininess 0.5
    }
  }
  geometry IndexedFaceSet {
    ccw TRUE
    solid FALSE
    coord DEF co Coordinate {
      point [
        -0.836614 0.580709 0.255906,
        -0.836614 0.580709 0.000000,
        -0.738189 0.580709 0.255906,
        -0.738189 0.580709 0.000000,
        -0.836614 -0.620079 0.255906,
        -0.738189 -0.620079 0.255906,
        -0.836614 -0.620079 0.374016,
        -0.738189 -0.620079 0.374016,
        -0.836614 0.364173 0.374016,
        -0.738189 0.364173 0.374016,
        -0.836614 0.364173 0.677165,
        -0.738189 0.364173 0.677165,
        -0.836614 -0.620079 0.677165,
        -0.738189 -0.620079 0.677165,
        -0.836614 -0.620079 0.795276,
        -0.738189 -0.620079 0.795276,
        -0.836614 0.364173 0.795276,
        -0.738189 0.364173 0.795276,
        -0.836614 0.364173 0.807087,
        -0.738189 0.364173 0.807087,
        -0.836614 0.757874 0.807087,
        -0.738189 0.757874 0.807087,
        -0.836614 0.757874 0.352860,
        -0.738189 0.757874 0.352860,
        -0.836614 0.953254 0.157480,
        -0.738189 0.953254 0.157480,
        -0.836614 1.328740 0.157480,
        -0.738189 1.328740 0.157480,
        -0.836614 1.328740 0.000000,
        -0.738189 1.328740 0.000000,
        -2.411417 0.580709 0.255906,
        -2.411417 0.580709 0.000000,
        -2.312992 0.580709 0.255906,
        -2.312992 0.580709 0.000000,
        -2.411417 -0.620079 0.255906,
        -2.312992 -0.620079 0.255906,
        -2.411417 -0.620079 0.374016,
        -2.312992 -0.620079 0.374016,
        -2.411417 0.364173 0.374016,
        -2.312992 0.364173 0.374016,
        -2.411417 0.364173 0.677165,
        -2.312992 0.364173 0.677165,
        -2.411417 -0.620079 0.677165,
        -2.312992 -0.620079 0.677165,
        -2.411417 -0.620079 0.795276,
        -2.312992 -0.620079 0.795276,
        -2.411417 0.364173 0.795276,
        -2.312992 0.364173 0.795276,
        -2.411417 0.364173 0.807087,
        -2.312992 0.364173 0.807087,
        -2.411417 0.757874 0.807087,
        -2.312992 0.757874 0.807087,
        -2.411417 0.757874 0.352860,
        -2.312992 0.757874 0.352860,
        -2.411417 0.953254 0.157480,
        -2.312992 0.953254 0.157480,
        -2.411417 1.328740 0.157480,
        -2.312992 1.328740 0.157480,
        -2.411417 1.328740 0.000000,
        -2.312992 1.328740 0.000000,
        -1.230315 0.580709 0.255906,
        -1.230315 0.580709 0.000000,
        -1.131890 0.580709 0.255906,
        -1.131890 0.580709 0.000000,
        -1.230315 -0.620079 0.255906,
        -1.131890 -0.620079 0.255906,
        -1.230315 -0.620079 0.374016,
        -1.131890 -0.620079 0.374016,
        -1.230315 0.364173 0.374016,
        -1.131890 0.364173 0.374016,
        -1.230315 0.364173 0.677165,
        -1.131890 0.364173 0.677165,
        -1.230315 -0.620079 0.677165,
        -1.131890 -0.620079 0.677165,
        -1.230315 -0.620079 0.795276,
        -1.131890 -0.620079 0.795276,
        -1.230315 0.364173 0.795276,
        -1.131890 0.364173 0.795276,
        -1.230315 0.364173 0.807087,
        -1.131890 0.364173 0.807087,
        -1.230315 0.757874 0.807087,
        -1.131890 0.757874 0.807087,
        -1.230315 0.757874 0.352860,
        -1.131890 0.757874 0.352860,
        -1.230315 0.953254 0.157480,
        -1.131890 0.953254 0.157480,
        -1.230315 1.328740 0.157480,
        -1.131890 1.328740 0.157480,
        -1.230315 1.328740 0.000000,
        -1.131890 1.328740 0.000000,
      ]
    }
    coordIndex [
      0, 1, 2, -1,
      2, 1, 3, -1,
      4, 0, 5, -1,
      5, 0, 2, -1,
      6, 4, 7, -1,
      7, 4, 5, -1,
      8, 6, 9, -1,
      9, 6, 7, -1,
      10, 8, 11, -1,
      11, 8, 9, -1,
      12, 10, 13, -1,
      13, 10, 11, -1,
      14, 12, 15, -1,
      15, 12, 13, -1,
      16, 14, 17, -1,
      17, 14, 15, -1,
      18, 16, 19, -1,
      19, 16, 17, -1,
      20, 18, 21, -1,
      21, 18, 19, -1,
      22, 20, 23, -1,
      23, 20, 21, -1,
      24, 22, 25, -1,
      25, 22, 23, -1,
      26, 24, 27, -1,
      27, 24, 25, -1,
      28, 26, 29, -1,
      29, 26, 27, -1,
      1, 28, 3, -1,
      3, 28, 29, -1,
      16, 18, 20, -1,
      4, 6, 0, -1,
      0, 6, 8, -1,
      0, 8, 10, -1,
      10, 12, 14, -1,
      14, 16, 10, -1,
      10, 16, 20, -1,
      10, 20, 0, -1,
      0, 20, 22, -1,
      0, 22, 1, -1,
      1, 22, 24, -1,
      1, 24, 28, -1,
      28, 24, 26, -1,
      21, 19, 23, -1,
      23, 19, 17, -1,
      15, 13, 17, -1,
      17, 13, 11, -1,
      17, 11, 23, -1,
      23, 11, 9, -1,
      23, 9, 25, -1,
      25, 9, 29, -1,
      25, 29, 27, -1,
      7, 5, 9, -1,
      9, 5, 2, -1,
      9, 2, 29, -1,
      29, 2, 3, -1,
      30, 31, 32, -1,
      32, 31, 33, -1,
      34, 30, 35, -1,
      35, 30, 32, -1,
      36, 34, 37, -1,
      37, 34, 35, -1,
      38, 36, 39, -1,
      39, 36, 37, -1,
      40, 38, 41, -1,
      41, 38, 39, -1,
      42, 40, 43, -1,
      43, 40, 41, -1,
      44, 42, 45, -1,
      45, 42, 43, -1,
      46, 44, 47, -1,
      47, 44, 45, -1,
      48, 46, 49, -1,
      49, 46, 47, -1,
      50, 48, 51, -1,
      51, 48, 49, -1,
      52, 50, 53, -1,
      53, 50, 51, -1,
      54, 52, 55, -1,
      55, 52, 53, -1,
      56, 54, 57, -1,
      57, 54, 55, -1,
      58, 56, 59, -1,
      59, 56, 57, -1,
      31, 58, 33, -1,
      33, 58, 59, -1,
      46, 48, 50, -1,
      34, 36, 30, -1,
      30, 36, 38, -1,
      30, 38, 40, -1,
      40, 42, 44, -1,
      44, 46, 40, -1,
      40, 46, 50, -1,
      40, 50, 30, -1,
      30, 50, 52, -1,
      30, 52, 31, -1,
      31, 52, 54, -1,
      31, 54, 58, -1,
      58, 54, 56, -1,
      51, 49, 53, -1,
      53, 49, 47, -1,
      45, 43, 47, -1,
      47, 43, 41, -1,
      47, 41, 53, -1,
      53, 41, 39, -1,
      53, 39, 55, -1,
      55, 39, 59, -1,
      55, 59, 57, -1,
      37, 35, 39, -1,
      39, 35, 32, -1,
      39, 32, 59, -1,
      59, 32, 33, -1,
      60, 61, 62, -1,
      62, 61, 63, -1,
      64, 60, 65, -1,
      65, 60, 62, -1,
      66, 64, 67, -1,
      67, 64, 65, -1,
      68, 66, 69, -1,
      69, 66, 67, -1,
      70, 68, 71, -1,
      71, 68, 69, -1,
      72, 70, 73, -1,
      73, 70, 71, -1,
      74, 72, 75, -1,
      75, 72, 73, -1,
      76, 74, 77, -1,
      77, 74, 75, -1,
      78, 76, 79, -1,
      79, 76, 77, -1,
      80, 78, 81, -1,
      81, 78, 79, -1,
      82, 80, 83, -1,
      83, 80, 81, -1,
      84, 82, 85, -1,
      85, 82, 83, -1,
      86, 84, 87, -1,
      87, 84, 85, -1,
      88, 86, 89, -1,
      89, 86, 87, -1,
      61, 88, 63, -1,
      63, 88, 89, -1,
      76, 78, 80, -1,
      64, 66, 60, -1,
      60, 66, 68, -1,
      60, 68, 70, -1,
      70, 72, 74, -1,
      74, 76, 70, -1,
      70, 76, 80, -1,
      70, 80, 60, -1,
      60, 80, 82, -1,
      60, 82, 61, -1,
      61, 82, 84, -1,
      61, 84, 88, -1,
      88, 84, 86, -1,
      81, 79, 83, -1,
      83, 79, 77, -1,
      75, 73, 77, -1,
      77, 73, 71, -1,
      77, 71, 83, -1,
      83, 71, 69, -1,
      83, 69, 85, -1,
      85, 69, 89, -1,
      85, 89, 87, -1,
      67, 65, 69, -1,
      69, 65, 62, -1,
      69, 62, 89, -1,
      89, 62, 63, -1,
    ]
  }
}

Shape {
  appearance Appearance {
    material Material {
      diffuseColor 0.6784 0.6784 0.6784
      specularColor 0.0471 0.0471 0.0471
      ambientIntensity 0.2
      transparency 0.0000
      shininess 0.5
    }
  }
  geometry IndexedFaceSet {
    ccw TRUE
    solid FALSE
    coord DEF co Coordinate {
      point [
        -4.133858 -0.167323 0.118110,
        -4.133858 -0.167323 0.000000,
        -4.133858 -0.167323 0.984252,
        -4.133858 -0.167323 0.866142,
        -4.133858 0.757874 0.118110,
        -4.133858 0.757874 0.866142,
        -0.452756 0.364173 0.236220,
        -0.452756 0.364173 0.748031,
        -0.728346 0.364173 0.236220,
        -0.492126 0.364173 0.748031,
        -0.452756 0.364173 0.807087,
        -0.728346 0.364173 0.807087,
        -0.688976 0.364173 0.795276,
        -0.728346 0.364173 0.795276,
        -0.452756 0.364173 0.795276,
        -0.492126 0.364173 0.795276,
        -0.688976 0.364173 0.748031,
        -0.728346 0.364173 0.748031,
        2.303150 0.757874 0.807087,
        2.303150 0.757874 -0.000000,
        2.027559 0.757874 -0.000000,
        1.515748 0.757874 0.807087,
        1.515748 0.757874 -0.000000,
        1.240157 0.757874 -0.000000,
        -2.421260 0.757874 0.807087,
        -2.421260 0.757874 0.000000,
        -2.696850 0.757874 0.000000,
        0.728346 0.757874 0.807087,
        0.728346 0.757874 -0.000000,
        0.452756 0.757874 -0.000000,
        -0.846457 0.757874 0.000000,
        -1.122047 0.757874 0.000000,
        -0.846457 0.757874 0.807087,
        -1.122047 0.757874 0.807087,
        -2.027559 0.757874 0.807087,
        -2.027559 0.757874 0.000000,
        -2.303150 0.757874 0.000000,
        -2.814961 0.757874 0.000000,
        -3.582677 0.757874 0.000000,
        -2.814961 0.757874 0.807087,
        -3.582677 0.757874 0.984252,
        -2.696850 0.757874 0.807087,
        -0.452756 0.757874 0.807087,
        -0.452756 0.757874 0.000000,
        -0.728346 0.757874 0.000000,
        -2.303150 0.757874 0.807087,
        3.582677 0.757874 0.984252,
        -0.059055 0.757874 0.807087,
        -0.059055 0.757874 0.000000,
        -0.221478 0.757874 0.000000,
        -1.240157 0.757874 0.000000,
        -1.515748 0.757874 0.000000,
        -1.240157 0.757874 0.807087,
        -1.515748 0.757874 0.807087,
        -1.633858 0.757874 0.807087,
        -0.728346 0.757874 0.807087,
        -1.909449 0.757874 0.807087,
        -1.909449 0.757874 0.000000,
        -1.633858 0.757874 0.000000,
        2.027559 0.757874 0.807087,
        1.909449 0.757874 0.807087,
        3.582677 0.757874 -0.000000,
        2.814961 0.757874 -0.000000,
        2.814961 0.757874 0.807087,
        2.696850 0.757874 0.807087,
        2.421260 0.757874 0.807087,
        2.421260 0.757874 -0.000000,
        2.696850 0.757874 -0.000000,
        1.240157 0.757874 0.807087,
        1.122047 0.757874 0.807087,
        0.452756 0.757874 0.807087,
        0.334646 0.757874 0.807087,
        1.633858 0.757874 0.807087,
        1.633858 0.757874 -0.000000,
        1.909449 0.757874 -0.000000,
        0.846457 0.757874 0.807087,
        0.846457 0.757874 -0.000000,
        1.122047 0.757874 -0.000000,
        -0.334646 0.757874 0.807087,
        0.334646 0.757874 -0.000000,
        0.059055 0.757874 -0.000000,
        0.059055 0.757874 0.807087,
        -0.334646 0.757874 0.000000,
        -0.567313 -0.412828 0.000000,
        -0.559120 -0.402593 0.000000,
        -0.221478 -0.402593 0.000000,
        -0.334646 0.561024 0.000000,
        -4.133858 -0.402593 0.000000,
        -3.582677 -0.167323 0.000000,
        -0.302333 -0.393770 0.000000,
        -0.289610 -0.386927 0.000000,
        -0.262118 -0.391855 0.000000,
        -0.253644 -0.391855 0.000000,
        -2.814961 0.561024 0.000000,
        -2.696850 0.561024 0.000000,
        -0.570166 -0.402593 0.000000,
        -0.277408 -0.375888 0.000000,
        -0.271178 -0.367527 0.000000,
        -0.266144 -0.358467 0.000000,
        -0.245172 -0.171054 0.000000,
        -0.253644 -0.240683 0.000000,
        -0.254232 -0.171557 0.000000,
        -0.264383 -0.240683 0.000000,
        -0.318744 -0.398063 0.000000,
        -0.326569 -0.398006 0.000000,
        -0.542398 -0.381704 0.000000,
        -0.384309 -0.336994 0.000000,
        -0.370440 -0.366544 0.000000,
        -0.358435 -0.380909 0.000000,
        -2.303150 0.561024 0.000000,
        -0.343263 -0.392216 0.000000,
        -0.334776 -0.396307 0.000000,
        -0.350505 -0.066201 0.000000,
        -0.342255 -0.058403 0.000000,
        -0.260670 -0.117717 0.000000,
        -0.550871 -0.057214 0.000000,
        -0.398410 -0.166530 0.000000,
        -0.550871 -0.345967 0.000000,
        -0.398021 -0.275246 0.000000,
        -0.550709 -0.352941 0.000000,
        -0.548415 -0.369034 0.000000,
        -0.362135 -0.082851 0.000000,
        -0.318744 -0.050419 0.000000,
        -0.268529 -0.085196 0.000000,
        -0.275763 -0.071720 0.000000,
        -0.314214 -0.379439 0.000000,
        -0.326058 -0.378710 0.000000,
        -0.336092 -0.375250 0.000000,
        -0.378006 -0.306621 0.000000,
        -0.308192 -0.378253 0.000000,
        -0.364914 -0.344409 0.000000,
        -0.355121 -0.359870 0.000000,
        -2.027559 0.561024 0.000000,
        -2.421260 0.561024 0.000000,
        -0.382791 -0.278645 0.000000,
        -0.257084 -0.141608 0.000000,
        -0.385018 -0.187413 0.000000,
        -0.371007 -0.106498 0.000000,
        -0.334926 -0.053817 0.000000,
        -0.327574 -0.051360 0.000000,
        -0.305905 -0.051434 0.000000,
        -0.293664 -0.055981 0.000000,
        -0.283768 -0.062754 0.000000,
        -0.269168 -0.320413 0.000000,
        -0.276265 -0.346208 0.000000,
        -0.283817 -0.360751 0.000000,
        -0.345696 -0.369284 0.000000,
        -1.909449 0.561024 0.000000,
        -1.633858 0.561024 0.000000,
        -0.290770 -0.368835 0.000000,
        -0.299683 -0.375039 0.000000,
        -1.515748 0.561024 0.000000,
        -1.240157 0.561024 0.000000,
        -1.122047 0.561024 0.000000,
        -0.522600 -0.038506 0.000000,
        -0.546341 -0.036241 0.000000,
        -0.846457 0.561024 0.000000,
        -0.566045 -0.375353 0.000000,
        -0.565635 -0.347728 0.000000,
        -0.566298 -0.034865 0.000000,
        -0.566882 -0.035378 0.000000,
        -0.567567 -0.036281 0.000000,
        -0.568366 -0.037800 0.000000,
        -0.568663 -0.039128 0.000000,
        -0.568533 -0.042455 0.000000,
        -0.565635 -0.092867 0.000000,
        -0.566796 -0.058583 0.000000,
        -0.566726 -0.059479 0.000000,
        -0.249560 -0.103187 0.000000,
        -0.559428 -0.035150 0.000000,
        -0.563380 -0.034237 0.000000,
        -0.564773 -0.034296 0.000000,
        -0.565640 -0.034522 0.000000,
        -0.507283 -0.060791 0.000000,
        -0.468994 -0.073049 0.000000,
        -0.486513 -0.064051 0.000000,
        -0.474765 -0.068125 0.000000,
        -0.479089 -0.065869 0.000000,
        -0.447152 -0.056754 0.000000,
        -0.445237 -0.054807 0.000000,
        -0.391312 -0.120900 0.000000,
        -0.728346 0.561024 0.000000,
        -0.265625 -0.058534 0.000000,
        -0.275333 -0.046860 0.000000,
        -0.256413 -0.076763 0.000000,
        -0.452756 0.561024 0.000000,
        -0.375724 -0.075079 0.000000,
        -0.287807 -0.038067 0.000000,
        -0.342449 -0.037744 0.000000,
        -0.443322 -0.048741 0.000000,
        -0.327109 -0.032531 0.000000,
        -0.443987 -0.047454 0.000000,
        -0.444481 -0.046912 0.000000,
        -0.353936 -0.044868 0.000000,
        -0.363573 -0.054977 0.000000,
        -0.443598 -0.050807 0.000000,
        -0.444354 -0.053322 0.000000,
        -0.466560 -0.074160 0.000000,
        -0.453358 -0.062497 0.000000,
        -0.301513 -0.032967 0.000000,
        -0.310858 -0.031711 0.000000,
        -0.447982 -0.045602 0.000000,
        -0.456353 -0.045569 0.000000,
        -0.479816 -0.042338 0.000000,
        -0.445322 -0.046354 0.000000,
        -0.446813 -0.045800 0.000000,
        -0.489659 -0.041286 0.000000,
        -0.197876 -0.380013 0.000000,
        -0.197893 -0.381199 0.000000,
        -0.059055 0.561024 0.000000,
        -0.195888 -0.372509 0.000000,
        -0.197157 -0.375048 0.000000,
        -0.197828 -0.378890 0.000000,
        -0.197761 -0.377320 0.000000,
        0.334646 0.561024 -0.000000,
        -0.002297 -0.379108 -0.000000,
        -0.001823 -0.380093 -0.000000,
        -0.073950 -0.400328 0.000000,
        0.372069 -0.080180 -0.000000,
        0.372669 -0.079179 -0.000000,
        4.133858 -0.402593 -0.000000,
        0.372940 -0.078328 -0.000000,
        0.373016 -0.077040 -0.000000,
        0.452756 0.561024 -0.000000,
        0.846457 0.561024 -0.000000,
        -0.183847 -0.084394 0.000000,
        -0.188965 -0.044714 0.000000,
        -0.183847 -0.073656 0.000000,
        -0.185302 -0.058984 0.000000,
        -0.197795 -0.381569 0.000000,
        -0.197620 -0.381888 0.000000,
        -0.197287 -0.382249 0.000000,
        -0.167405 -0.233301 0.000000,
        -0.119839 -0.239509 0.000000,
        -0.167405 -0.357879 0.000000,
        -0.100206 -0.243495 0.000000,
        -0.002124 -0.374325 -0.000000,
        -0.002595 -0.376010 -0.000000,
        -0.057728 -0.374805 0.000000,
        1.122047 0.561024 -0.000000,
        1.240157 0.561024 -0.000000,
        -0.193571 -0.369447 0.000000,
        -0.189933 -0.364924 0.000000,
        -0.196704 -0.382637 0.000000,
        -0.195891 -0.382933 0.000000,
        -0.194856 -0.383038 0.000000,
        -0.087638 -0.247957 0.000000,
        -0.081920 -0.251422 0.000000,
        -0.096097 -0.369792 0.000000,
        -0.076802 -0.254274 0.000000,
        -0.082752 -0.371416 0.000000,
        -0.057838 -0.232706 0.000000,
        -0.057962 -0.231688 0.000000,
        -0.062121 -0.080452 0.000000,
        -0.058312 -0.230767 0.000000,
        -0.002226 -0.057146 -0.000000,
        -0.002146 -0.057673 -0.000000,
        0.025780 -0.030781 -0.000000,
        0.025293 -0.030620 -0.000000,
        0.059055 0.561024 -0.000000,
        0.107407 -0.391313 -0.000000,
        0.120556 -0.388014 -0.000000,
        0.283189 -0.402593 -0.000000,
        -0.187191 -0.035287 0.000000,
        -0.188056 -0.036355 0.000000,
        -0.188789 -0.037928 0.000000,
        -0.189227 -0.040140 0.000000,
        -0.188968 -0.044685 0.000000,
        0.353307 -0.133639 -0.000000,
        0.346512 -0.161994 -0.000000,
        0.292076 -0.402593 -0.000000,
        0.728346 0.561024 -0.000000,
        -0.192907 -0.382795 0.000000,
        -0.182169 -0.381117 0.000000,
        -0.172545 -0.379932 0.000000,
        -0.058922 -0.229857 0.000000,
        -0.059770 -0.229085 0.000000,
        -0.060456 -0.228686 0.000000,
        -0.002176 -0.056634 -0.000000,
        -0.058817 -0.374463 0.000000,
        -0.060359 -0.374322 0.000000,
        -0.069420 -0.373148 0.000000,
        0.089806 -0.392443 -0.000000,
        -0.183847 -0.357879 0.000000,
        -0.183260 -0.098572 0.000000,
        -0.183502 -0.091482 0.000000,
        -0.167405 -0.213503 0.000000,
        -0.167405 -0.060066 0.000000,
        -0.083010 -0.071894 0.000000,
        -0.056499 -0.381520 0.000000,
        -0.055824 -0.380163 0.000000,
        -0.002639 -0.377537 -0.000000,
        0.121177 -0.052336 -0.000000,
        0.114113 -0.048834 -0.000000,
        0.130796 -0.059856 -0.000000,
        0.213224 -0.017852 -0.000000,
        0.212933 -0.018054 -0.000000,
        0.130385 -0.382913 -0.000000,
        0.138943 -0.375566 -0.000000,
        0.147909 -0.363323 -0.000000,
        0.368356 -0.024756 -0.000000,
        0.368024 -0.022637 -0.000000,
        0.356317 -0.120240 -0.000000,
        0.360102 -0.107045 -0.000000,
        0.364045 -0.096307 -0.000000,
        0.367681 -0.086143 -0.000000,
        0.370074 -0.082579 -0.000000,
        -0.162874 -0.379943 0.000000,
        -0.161197 -0.379943 0.000000,
        -0.150104 -0.380136 0.000000,
        -0.139133 -0.381704 0.000000,
        -0.116986 -0.385647 0.000000,
        -0.097484 -0.389593 0.000000,
        -0.061533 -0.228334 0.000000,
        -0.063212 -0.228184 0.000000,
        -0.067155 -0.077599 0.000000,
        -0.074823 -0.074019 0.000000,
        -0.057591 -0.383382 0.000000,
        -0.055454 -0.379138 0.000000,
        -0.055327 -0.378307 0.000000,
        -0.055398 -0.377528 0.000000,
        -0.055660 -0.376757 0.000000,
        -0.056113 -0.376047 0.000000,
        -0.056751 -0.375414 0.000000,
        -0.001111 -0.059674 -0.000000,
        -0.000811 -0.059897 -0.000000,
        -0.000337 -0.060093 -0.000000,
        -0.000183 -0.060134 -0.000000,
        0.000987 -0.060261 -0.000000,
        0.003230 -0.060066 -0.000000,
        0.011116 -0.060066 -0.000000,
        0.020176 -0.060066 -0.000000,
        0.363331 -0.020083 -0.000000,
        0.248024 -0.164259 -0.000000,
        0.363876 -0.019367 -0.000000,
        0.229904 -0.079864 -0.000000,
        0.364364 -0.018970 -0.000000,
        0.023249 -0.030920 -0.000000,
        -0.044167 -0.059557 0.000000,
        -0.043959 -0.058413 0.000000,
        0.368576 -0.027768 -0.000000,
        0.369750 -0.037415 -0.000000,
        0.372015 -0.062834 -0.000000,
        0.372374 -0.068948 -0.000000,
        0.372531 -0.071282 -0.000000,
        3.582677 -0.167323 -0.000000,
        4.133858 -0.167323 -0.000000,
        -0.081849 -0.395287 0.000000,
        -0.079067 -0.396972 0.000000,
        0.012793 -0.360731 -0.000000,
        0.016385 -0.358578 -0.000000,
        0.020176 -0.356789 -0.000000,
        0.002643 -0.369205 -0.000000,
        0.000239 -0.371120 -0.000000,
        -0.001224 -0.372742 -0.000000,
        -0.060359 -0.237831 0.000000,
        -0.059155 -0.236236 0.000000,
        -0.058404 -0.234937 0.000000,
        -0.057968 -0.233716 0.000000,
        -0.001391 -0.059329 -0.000000,
        -0.001634 -0.058897 -0.000000,
        0.366579 -0.018945 -0.000000,
        0.366137 -0.018720 -0.000000,
        0.365723 -0.018624 -0.000000,
        0.214778 -0.017969 -0.000000,
        0.214255 -0.017775 -0.000000,
        0.213835 -0.017718 -0.000000,
        0.213479 -0.017755 -0.000000,
        0.140429 -0.071515 -0.000000,
        0.206485 -0.069302 -0.000000,
        0.151950 -0.092237 -0.000000,
        0.206720 -0.074473 -0.000000,
        0.207912 -0.077915 -0.000000,
        -0.046266 -0.062834 0.000000,
        -0.044703 -0.060767 0.000000,
        -0.044011 -0.057406 0.000000,
        -0.044341 -0.056322 0.000000,
        -0.044907 -0.055217 0.000000,
        0.024004 -0.030676 -0.000000,
        -0.049622 -0.053774 0.000000,
        -0.058094 -0.053271 0.000000,
        -0.048164 -0.053843 0.000000,
        -0.100973 -0.048007 0.000000,
        -0.143663 -0.041358 0.000000,
        1.515748 0.561024 -0.000000,
        1.633858 0.561024 -0.000000,
        2.027559 0.561024 -0.000000,
        -0.000908 -0.054261 -0.000000,
        -0.001573 -0.055248 -0.000000,
        -0.001978 -0.056020 -0.000000,
        0.367754 -0.021186 -0.000000,
        0.367511 -0.020290 -0.000000,
        0.367234 -0.019667 -0.000000,
        0.366928 -0.019243 -0.000000,
        0.217211 -0.021238 -0.000000,
        0.216550 -0.019881 -0.000000,
        0.365287 -0.018629 -0.000000,
        0.215939 -0.018962 -0.000000,
        0.215342 -0.018344 -0.000000,
        0.362722 -0.021444 -0.000000,
        0.362367 -0.022650 -0.000000,
        0.325036 -0.182883 -0.000000,
        0.358424 -0.045301 -0.000000,
        0.212549 -0.018488 -0.000000,
        0.211970 -0.019531 -0.000000,
        0.211605 -0.020871 -0.000000,
        0.210823 -0.026875 -0.000000,
        0.026676 -0.380830 -0.000000,
        0.031501 -0.381704 -0.000000,
        0.156187 -0.343354 -0.000000,
        0.165384 -0.285252 -0.000000,
        0.225373 -0.134813 -0.000000,
        0.168579 -0.196473 -0.000000,
        0.219187 -0.109709 -0.000000,
        0.162576 -0.128550 -0.000000,
        0.211783 -0.084981 -0.000000,
        0.208931 -0.079864 -0.000000,
        2.303150 0.561024 -0.000000,
        2.421260 0.561024 -0.000000,
        0.364842 -0.018737 -0.000000,
        0.221346 -0.036828 -0.000000,
        0.217991 -0.023238 -0.000000,
        0.098974 -0.044970 -0.000000,
        0.067742 -0.040771 -0.000000,
        0.042826 -0.037919 -0.000000,
        0.210021 -0.034563 -0.000000,
        0.207253 -0.058304 -0.000000,
        0.043414 -0.382795 -0.000000,
        0.064890 -0.389003 -0.000000,
        0.077251 -0.391411 -0.000000,
        1.909449 0.561024 -0.000000,
        0.033576 -0.035443 -0.000000,
        0.027625 -0.031858 -0.000000,
        0.021341 -0.032110 -0.000000,
        0.013480 -0.038822 -0.000000,
        0.008263 -0.044211 -0.000000,
        -0.001046 -0.381003 -0.000000,
        -0.000210 -0.381704 -0.000000,
        0.010025 -0.379943 -0.000000,
        0.021854 -0.379943 -0.000000,
        -0.182320 -0.033347 0.000000,
        -0.184316 -0.033663 0.000000,
        -0.185877 -0.034313 0.000000,
        2.814961 0.561024 -0.000000,
        2.696850 0.561024 -0.000000,
        0.001468 -0.051509 -0.000000,
        0.000059 -0.053053 -0.000000,
        -0.045276 -0.054750 0.000000,
        -0.045672 -0.054443 0.000000,
        -0.046306 -0.054167 0.000000,
        -0.169670 -0.036828 0.000000,
        -0.175863 -0.034540 0.000000,
        -0.179604 -0.033541 0.000000,
        0.283678 -0.404858 -0.000000,
        -0.221478 -0.935039 0.000000,
        0.291563 -0.404858 -0.000000,
        4.133858 -0.935039 -0.000000,
        -4.133858 -0.935039 0.000000,
        -0.571256 -0.408298 0.000000,
        -0.688976 0.442913 0.795276,
        -0.728346 0.442913 0.795276,
        -0.688976 0.442913 0.748031,
        -0.728346 0.442913 0.748031,
        2.952756 -0.935039 0.236220,
        2.952756 0.364173 0.236220,
        2.814961 0.364173 0.236220,
        2.814961 0.561024 0.236220,
        2.696850 0.561024 0.236220,
        2.696850 0.364173 0.236220,
        2.421260 0.364173 0.236220,
        2.421260 0.561024 0.236220,
        2.303150 0.561024 0.236220,
        2.303150 0.364173 0.236220,
        2.027559 0.364173 0.236220,
        2.027559 0.561024 0.236220,
        1.909449 0.561024 0.236220,
        1.909449 0.364173 0.236220,
        1.633858 0.364173 0.236220,
        1.633858 0.561024 0.236220,
        1.515748 0.561024 0.236220,
        1.515748 0.364173 0.236220,
        1.240157 0.364173 0.236220,
        1.240157 0.561024 0.236220,
        1.122047 0.561024 0.236220,
        1.122047 0.364173 0.236220,
        0.846457 0.364173 0.236220,
        0.846457 0.561024 0.236220,
        0.728346 0.561024 0.236220,
        0.728346 0.364173 0.236220,
        0.452756 0.364173 0.236220,
        0.452756 0.561024 0.236220,
        0.334646 0.561024 0.236220,
        0.334646 0.364173 0.236220,
        0.059055 0.364173 0.236220,
        0.059055 0.561024 0.236220,
        -0.059055 0.561024 0.236220,
        -0.059055 0.364173 0.236220,
        -0.334646 0.364173 0.236220,
        -0.334646 0.561024 0.236220,
        -0.452756 0.561024 0.236220,
        -0.728346 0.561024 0.236220,
        -0.846457 0.561024 0.236220,
        -0.846457 0.364173 0.236220,
        -1.122047 0.364173 0.236220,
        -1.122047 0.561024 0.236220,
        -1.240157 0.561024 0.236220,
        -1.240157 0.364173 0.236220,
        -1.515748 0.364173 0.236220,
        -1.515748 0.561024 0.236220,
        -1.633858 0.561024 0.236220,
        -1.633858 0.364173 0.236220,
        -1.909449 0.364173 0.236220,
        -2.696850 0.364173 0.236220,
        -2.696850 0.561024 0.236220,
        -2.814961 0.561024 0.236220,
        -1.909449 0.561024 0.236220,
        -2.027559 0.561024 0.236220,
        -2.027559 0.364173 0.236220,
        -2.303150 0.364173 0.236220,
        -2.952756 0.364173 0.236220,
        -2.952756 -0.935039 0.236220,
        -2.814961 0.364173 0.236220,
        -2.303150 0.561024 0.236220,
        -2.421260 0.561024 0.236220,
        -2.421260 0.364173 0.236220,
        -0.846457 0.364173 0.748031,
        -0.885827 0.364173 0.748031,
        -0.846457 0.364173 0.807087,
        -1.122047 0.364173 0.807087,
        -1.082677 0.364173 0.795276,
        -1.122047 0.364173 0.795276,
        -0.846457 0.364173 0.795276,
        -0.885827 0.364173 0.795276,
        -1.082677 0.364173 0.748031,
        -1.122047 0.364173 0.748031,
        2.814961 0.364173 0.807087,
        2.952756 0.364173 0.807087,
        2.952756 -0.935039 0.807087,
        2.952756 -1.328740 0.807087,
        -2.303150 0.364173 0.807087,
        -2.027559 0.364173 0.807087,
        -2.421260 0.364173 0.807087,
        0.059055 0.364173 0.807087,
        0.334646 0.364173 0.807087,
        -2.952756 0.364173 0.807087,
        -2.814961 0.364173 0.807087,
        -2.952756 -0.935039 0.807087,
        -2.952756 -1.328740 0.807087,
        -2.696850 0.364173 0.807087,
        -1.515748 0.364173 0.807087,
        -1.240157 0.364173 0.807087,
        -0.059055 0.364173 0.807087,
        -1.633858 0.364173 0.807087,
        -0.334646 0.364173 0.807087,
        -1.909449 0.364173 0.807087,
        0.728346 0.364173 0.807087,
        0.846457 0.364173 0.807087,
        0.452756 0.364173 0.807087,
        1.122047 0.364173 0.807087,
        1.240157 0.364173 0.807087,
        2.027559 0.364173 0.807087,
        2.303150 0.364173 0.807087,
        1.515748 0.364173 0.807087,
        1.909449 0.364173 0.807087,
        1.633858 0.364173 0.807087,
        2.696850 0.364173 0.807087,
        2.421260 0.364173 0.807087,
        2.952756 -1.328740 0.984252,
        -2.952756 -1.328740 0.984252,
        -4.133858 -0.935039 0.984252,
        -3.582677 -0.167323 0.984252,
        -2.952756 -0.935039 0.984252,
        3.582677 -0.167323 0.984252,
        2.952756 -0.935039 0.984252,
        4.133858 -0.167323 0.984252,
        4.133858 -0.935039 0.984252,
        3.858268 -0.935039 0.846457,
        4.133858 -0.935039 0.846457,
        -3.858268 -0.935039 0.846457,
        -4.133858 -0.935039 0.846457,
        3.858268 -0.935039 0.137795,
        -3.858268 -0.935039 0.137795,
        4.133858 -0.935039 0.137795,
        -4.133858 -0.935039 0.137795,
        -0.885827 0.442913 0.748031,
        -0.885827 0.442913 0.795276,
        -0.846457 0.442913 0.795276,
        -0.846457 0.442913 0.748031,
        -1.082677 0.442913 0.795276,
        -1.122047 0.442913 0.795276,
        -1.082677 0.442913 0.748031,
        -1.122047 0.442913 0.748031,
        -1.240157 0.364173 0.748031,
        -1.279528 0.364173 0.748031,
        -1.476378 0.364173 0.795276,
        -1.515748 0.364173 0.795276,
        -1.240157 0.364173 0.795276,
        -1.279528 0.364173 0.795276,
        -1.476378 0.364173 0.748031,
        -1.515748 0.364173 0.748031,
        -1.279528 0.442913 0.748031,
        -1.279528 0.442913 0.795276,
        -1.240157 0.442913 0.795276,
        -1.240157 0.442913 0.748031,
        -1.476378 0.442913 0.795276,
        -1.515748 0.442913 0.795276,
        -1.476378 0.442913 0.748031,
        -1.515748 0.442913 0.748031,
        -1.633858 0.364173 0.748031,
        -1.673228 0.364173 0.748031,
        -1.870079 0.364173 0.795276,
        -1.909449 0.364173 0.795276,
        -1.633858 0.364173 0.795276,
        -1.673228 0.364173 0.795276,
        -1.870079 0.364173 0.748031,
        -1.909449 0.364173 0.748031,
        -1.673228 0.442913 0.748031,
        -1.673228 0.442913 0.795276,
        -1.633858 0.442913 0.795276,
        -1.633858 0.442913 0.748031,
        -1.870079 0.442913 0.795276,
        -1.909449 0.442913 0.795276,
        -1.870079 0.442913 0.748031,
        -1.909449 0.442913 0.748031,
        -2.027559 0.364173 0.748031,
        -2.066929 0.364173 0.748031,
        -2.263780 0.364173 0.795276,
        -2.303150 0.364173 0.795276,
        -2.027559 0.364173 0.795276,
        -2.066929 0.364173 0.795276,
        -2.263780 0.364173 0.748031,
        -2.303150 0.364173 0.748031,
        -2.066929 0.442913 0.748031,
        -2.066929 0.442913 0.795276,
        -2.027559 0.442913 0.795276,
        -2.027559 0.442913 0.748031,
        -2.421260 0.364173 0.748031,
        -2.460630 0.364173 0.748031,
        -2.657480 0.364173 0.795276,
        -2.696850 0.364173 0.795276,
        -2.421260 0.364173 0.795276,
        -2.460630 0.364173 0.795276,
        -2.657480 0.364173 0.748031,
        -2.696850 0.364173 0.748031,
        -2.657480 0.442913 0.795276,
        -2.696850 0.442913 0.795276,
        -2.657480 0.442913 0.748031,
        -2.696850 0.442913 0.748031,
        -2.814961 0.364173 0.795276,
        -2.854331 0.364173 0.795276,
        -2.854331 0.364173 0.748031,
        -2.814961 0.364173 0.748031,
        -2.854331 0.442913 0.748031,
        -2.854331 0.442913 0.795276,
        -2.814961 0.442913 0.795276,
        -2.814961 0.442913 0.748031,
        -4.133858 0.757874 0.137795,
        -4.133858 0.757874 0.846457,
        -3.858268 0.757874 0.846457,
        -3.897638 0.757874 0.866142,
        -3.897638 0.757874 0.118110,
        -3.858268 0.757874 0.137795,
        -3.856879 0.757874 0.123476,
        -3.818898 0.757874 0.139209,
        -3.740157 0.757874 0.708661,
        -3.740157 0.757874 0.275591,
        -3.745524 0.757874 0.234831,
        -3.856879 0.757874 0.860776,
        -3.818898 0.757874 0.845043,
        -3.786282 0.757874 0.820017,
        -3.761256 0.757874 0.196850,
        -3.786282 0.757874 0.164235,
        -3.761256 0.757874 0.787402,
        -3.745524 0.757874 0.749420,
        -3.897638 -0.167323 0.866142,
        -3.740157 -0.167323 0.275591,
        -3.740157 -0.167323 0.708661,
        -3.745524 -0.167323 0.749420,
        -3.761256 -0.167323 0.787402,
        -3.786282 -0.167323 0.820017,
        -3.818898 -0.167323 0.845043,
        -3.856879 -0.167323 0.860776,
        -3.856879 -0.167323 0.123476,
        -3.818898 -0.167323 0.139209,
        -3.786282 -0.167323 0.164235,
        -3.761256 -0.167323 0.196850,
        -3.897638 -0.167323 0.118110,
        -3.745524 -0.167323 0.234831,
        -2.263780 0.442913 0.795276,
        -2.303150 0.442913 0.795276,
        -2.263780 0.442913 0.748031,
        -2.303150 0.442913 0.748031,
        -2.460630 0.442913 0.748031,
        -2.460630 0.442913 0.795276,
        -2.421260 0.442913 0.795276,
        -2.421260 0.442913 0.748031,
        4.133858 0.757874 0.118110,
        4.133858 0.757874 0.137795,
        4.133858 -0.167323 0.118110,
        3.858268 0.757874 0.137795,
        3.897638 0.757874 0.118110,
        3.856879 0.757874 0.123476,
        4.133858 0.757874 0.866142,
        4.133858 0.757874 0.846457,
        3.897638 0.757874 0.866142,
        3.858268 0.757874 0.846457,
        3.856879 0.757874 0.860776,
        3.818898 0.757874 0.845043,
        3.818898 0.757874 0.139209,
        3.786282 0.757874 0.164235,
        3.761256 0.757874 0.196850,
        3.745524 0.757874 0.234831,
        3.740157 0.757874 0.275591,
        3.740157 0.757874 0.708661,
        3.745524 0.757874 0.749420,
        3.761256 0.757874 0.787402,
        3.786282 0.757874 0.820017,
        4.133858 -0.167323 0.866142,
        3.897638 -0.167323 0.866142,
        3.740157 -0.167323 0.708661,
        3.740157 -0.167323 0.275591,
        3.856879 -0.167323 0.860776,
        3.818898 -0.167323 0.845043,
        3.786282 -0.167323 0.820017,
        3.761256 -0.167323 0.787402,
        3.745524 -0.167323 0.234831,
        3.761256 -0.167323 0.196850,
        3.786282 -0.167323 0.164235,
        3.818898 -0.167323 0.139209,
        3.897638 -0.167323 0.118110,
        3.856879 -0.167323 0.123476,
        3.745524 -0.167323 0.749420,
      ]
    }
    coordIndex [
      6, 7, 8, -1,
      8, 7, 9, -1,
      10, 11, 12, -1,
      12, 11, 13, -1,
      14, 10, 15, -1,
      15, 10, 12, -1,
      15, 12, 9, -1,
      9, 12, 16, -1,
      9, 16, 8, -1,
      8, 16, 17, -1,
      18, 19, 20, -1,
      21, 22, 23, -1,
      24, 25, 26, -1,
      27, 28, 29, -1,
      30, 31, 32, -1,
      32, 31, 33, -1,
      34, 35, 36, -1,
      37, 38, 39, -1,
      39, 38, 40, -1,
      39, 40, 41, -1,
      42, 43, 44, -1,
      26, 41, 24, -1,
      24, 41, 40, -1,
      24, 40, 45, -1,
      45, 40, 46, -1,
      47, 48, 49, -1,
      50, 51, 52, -1,
      52, 51, 53, -1,
      52, 53, 46, -1,
      46, 53, 54, -1,
      55, 32, 46, -1,
      46, 32, 33, -1,
      46, 33, 52, -1,
      36, 45, 34, -1,
      34, 45, 46, -1,
      34, 46, 56, -1,
      56, 46, 54, -1,
      56, 54, 57, -1,
      57, 54, 58, -1,
      59, 60, 46, -1,
      61, 62, 46, -1,
      46, 62, 63, -1,
      46, 63, 64, -1,
      20, 59, 18, -1,
      18, 59, 46, -1,
      18, 46, 65, -1,
      65, 46, 64, -1,
      65, 64, 66, -1,
      66, 64, 67, -1,
      68, 69, 46, -1,
      70, 71, 46, -1,
      23, 68, 21, -1,
      21, 68, 46, -1,
      21, 46, 72, -1,
      72, 46, 60, -1,
      72, 60, 73, -1,
      73, 60, 74, -1,
      29, 70, 27, -1,
      27, 70, 46, -1,
      27, 46, 75, -1,
      75, 46, 69, -1,
      75, 69, 76, -1,
      76, 69, 77, -1,
      44, 55, 42, -1,
      42, 55, 46, -1,
      42, 46, 78, -1,
      79, 80, 71, -1,
      71, 80, 81, -1,
      71, 81, 46, -1,
      46, 81, 47, -1,
      46, 47, 78, -1,
      78, 47, 49, -1,
      78, 49, 82, -1,
      83, 84, 85, -1,
      86, 82, 49, -1,
      87, 1, 88, -1,
      88, 38, 37, -1,
      89, 90, 91, -1,
      91, 92, 85, -1,
      93, 94, 95, -1,
      90, 96, 91, -1,
      91, 96, 97, -1,
      91, 97, 98, -1,
      99, 100, 101, -1,
      101, 100, 102, -1,
      89, 91, 103, -1,
      103, 91, 85, -1,
      103, 85, 104, -1,
      104, 85, 84, -1,
      104, 84, 105, -1,
      106, 107, 105, -1,
      105, 107, 108, -1,
      109, 36, 35, -1,
      108, 110, 105, -1,
      105, 110, 111, -1,
      105, 111, 104, -1,
      112, 113, 114, -1,
      115, 116, 117, -1,
      117, 116, 118, -1,
      117, 118, 119, -1,
      119, 118, 106, -1,
      119, 106, 120, -1,
      120, 106, 105, -1,
      112, 114, 121, -1,
      114, 122, 123, -1,
      123, 122, 124, -1,
      125, 126, 127, -1,
      128, 129, 130, -1,
      130, 129, 131, -1,
      35, 132, 109, -1,
      109, 132, 95, -1,
      109, 95, 133, -1,
      133, 95, 94, -1,
      133, 94, 25, -1,
      25, 94, 26, -1,
      102, 128, 101, -1,
      101, 128, 134, -1,
      101, 134, 135, -1,
      135, 134, 136, -1,
      135, 136, 114, -1,
      114, 136, 137, -1,
      114, 137, 121, -1,
      113, 138, 114, -1,
      114, 138, 139, -1,
      114, 139, 122, -1,
      140, 141, 122, -1,
      122, 141, 142, -1,
      122, 142, 124, -1,
      102, 143, 128, -1,
      128, 143, 144, -1,
      128, 144, 145, -1,
      125, 127, 129, -1,
      129, 127, 146, -1,
      129, 146, 131, -1,
      57, 58, 147, -1,
      147, 58, 148, -1,
      145, 149, 128, -1,
      128, 149, 150, -1,
      128, 150, 129, -1,
      51, 50, 151, -1,
      151, 50, 152, -1,
      153, 154, 155, -1,
      31, 30, 153, -1,
      153, 30, 156, -1,
      132, 147, 95, -1,
      95, 147, 148, -1,
      95, 148, 157, -1,
      157, 148, 151, -1,
      157, 151, 158, -1,
      159, 160, 151, -1,
      151, 160, 161, -1,
      161, 162, 151, -1,
      151, 162, 163, -1,
      151, 163, 158, -1,
      158, 163, 164, -1,
      158, 164, 165, -1,
      165, 164, 166, -1,
      165, 166, 167, -1,
      92, 100, 85, -1,
      85, 100, 99, -1,
      85, 99, 49, -1,
      49, 99, 168, -1,
      49, 168, 86, -1,
      155, 169, 153, -1,
      153, 169, 170, -1,
      153, 170, 152, -1,
      152, 170, 171, -1,
      152, 171, 151, -1,
      151, 171, 172, -1,
      151, 172, 159, -1,
      115, 173, 174, -1,
      174, 173, 175, -1,
      174, 175, 176, -1,
      176, 175, 177, -1,
      178, 179, 180, -1,
      181, 182, 183, -1,
      168, 184, 86, -1,
      86, 184, 182, -1,
      86, 182, 185, -1,
      185, 182, 181, -1,
      185, 181, 43, -1,
      43, 181, 44, -1,
      180, 179, 186, -1,
      187, 153, 183, -1,
      183, 153, 156, -1,
      183, 156, 181, -1,
      188, 189, 190, -1,
      190, 189, 191, -1,
      190, 191, 192, -1,
      188, 193, 189, -1,
      189, 193, 194, -1,
      189, 194, 195, -1,
      195, 194, 186, -1,
      195, 186, 196, -1,
      196, 186, 179, -1,
      115, 174, 116, -1,
      116, 174, 197, -1,
      116, 197, 180, -1,
      180, 197, 198, -1,
      180, 198, 178, -1,
      187, 199, 153, -1,
      153, 199, 200, -1,
      153, 200, 190, -1,
      201, 202, 203, -1,
      192, 204, 190, -1,
      190, 204, 205, -1,
      190, 205, 153, -1,
      153, 205, 201, -1,
      201, 203, 153, -1,
      153, 203, 206, -1,
      153, 206, 154, -1,
      207, 208, 85, -1,
      49, 48, 209, -1,
      210, 211, 49, -1,
      207, 85, 212, -1,
      49, 211, 85, -1,
      85, 211, 213, -1,
      85, 213, 212, -1,
      80, 79, 214, -1,
      215, 216, 217, -1,
      218, 219, 220, -1,
      219, 221, 220, -1,
      220, 221, 222, -1,
      220, 222, 223, -1,
      223, 222, 214, -1,
      224, 76, 77, -1,
      225, 226, 227, -1,
      227, 226, 228, -1,
      208, 229, 85, -1,
      85, 229, 230, -1,
      85, 230, 231, -1,
      232, 233, 234, -1,
      234, 233, 235, -1,
      236, 237, 238, -1,
      239, 240, 220, -1,
      210, 226, 241, -1,
      241, 226, 242, -1,
      231, 243, 85, -1,
      85, 243, 244, -1,
      85, 244, 245, -1,
      235, 246, 234, -1,
      234, 246, 247, -1,
      234, 247, 248, -1,
      248, 247, 249, -1,
      248, 249, 250, -1,
      251, 252, 253, -1,
      253, 252, 254, -1,
      255, 256, 253, -1,
      257, 258, 259, -1,
      260, 261, 262, -1,
      263, 264, 209, -1,
      209, 264, 265, -1,
      209, 265, 49, -1,
      49, 265, 266, -1,
      49, 266, 210, -1,
      210, 266, 267, -1,
      210, 267, 226, -1,
      268, 220, 269, -1,
      269, 220, 270, -1,
      77, 239, 224, -1,
      224, 239, 220, -1,
      224, 220, 271, -1,
      271, 220, 223, -1,
      271, 223, 28, -1,
      28, 223, 29, -1,
      245, 272, 85, -1,
      85, 272, 273, -1,
      85, 273, 274, -1,
      254, 275, 253, -1,
      253, 275, 276, -1,
      253, 276, 277, -1,
      255, 253, 278, -1,
      279, 280, 249, -1,
      249, 280, 281, -1,
      249, 281, 250, -1,
      260, 262, 282, -1,
      283, 242, 284, -1,
      284, 242, 226, -1,
      284, 226, 285, -1,
      285, 226, 225, -1,
      286, 287, 288, -1,
      289, 290, 291, -1,
      292, 293, 259, -1,
      294, 295, 296, -1,
      261, 297, 262, -1,
      262, 297, 298, -1,
      262, 298, 299, -1,
      214, 300, 301, -1,
      268, 302, 220, -1,
      220, 302, 303, -1,
      220, 303, 304, -1,
      304, 305, 220, -1,
      220, 305, 306, -1,
      220, 306, 218, -1,
      274, 307, 85, -1,
      85, 307, 308, -1,
      85, 308, 309, -1,
      309, 310, 85, -1,
      85, 310, 311, -1,
      85, 311, 312, -1,
      277, 313, 253, -1,
      253, 313, 314, -1,
      253, 314, 315, -1,
      315, 314, 286, -1,
      315, 286, 316, -1,
      316, 286, 288, -1,
      215, 217, 291, -1,
      291, 217, 317, -1,
      291, 317, 289, -1,
      290, 318, 291, -1,
      291, 318, 319, -1,
      291, 319, 237, -1,
      237, 319, 320, -1,
      237, 320, 321, -1,
      321, 322, 237, -1,
      237, 322, 323, -1,
      237, 323, 238, -1,
      324, 325, 238, -1,
      325, 326, 238, -1,
      238, 326, 327, -1,
      238, 327, 328, -1,
      328, 329, 238, -1,
      238, 329, 330, -1,
      238, 330, 331, -1,
      332, 333, 334, -1,
      334, 333, 335, -1,
      334, 335, 336, -1,
      337, 338, 339, -1,
      340, 300, 341, -1,
      341, 300, 214, -1,
      341, 214, 342, -1,
      342, 214, 222, -1,
      342, 222, 343, -1,
      343, 222, 344, -1,
      345, 346, 220, -1,
      312, 347, 85, -1,
      85, 347, 348, -1,
      85, 348, 217, -1,
      349, 331, 350, -1,
      350, 331, 351, -1,
      349, 352, 331, -1,
      331, 352, 353, -1,
      331, 353, 238, -1,
      238, 353, 354, -1,
      238, 354, 236, -1,
      279, 249, 238, -1,
      238, 249, 355, -1,
      238, 355, 356, -1,
      356, 357, 238, -1,
      238, 357, 358, -1,
      238, 358, 324, -1,
      324, 358, 251, -1,
      324, 251, 359, -1,
      359, 251, 253, -1,
      359, 253, 360, -1,
      360, 253, 256, -1,
      361, 362, 259, -1,
      259, 362, 363, -1,
      363, 364, 259, -1,
      259, 364, 365, -1,
      259, 365, 366, -1,
      366, 367, 259, -1,
      259, 367, 295, -1,
      259, 295, 292, -1,
      292, 295, 294, -1,
      368, 369, 370, -1,
      370, 369, 371, -1,
      370, 371, 372, -1,
      253, 373, 337, -1,
      337, 373, 374, -1,
      337, 374, 338, -1,
      339, 375, 337, -1,
      337, 375, 376, -1,
      337, 376, 377, -1,
      259, 258, 209, -1,
      209, 258, 378, -1,
      209, 378, 337, -1,
      379, 380, 381, -1,
      381, 380, 382, -1,
      381, 382, 383, -1,
      23, 22, 240, -1,
      240, 22, 384, -1,
      240, 384, 220, -1,
      220, 384, 385, -1,
      220, 385, 345, -1,
      386, 20, 19, -1,
      387, 388, 253, -1,
      253, 388, 389, -1,
      253, 389, 278, -1,
      301, 390, 214, -1,
      214, 390, 391, -1,
      214, 391, 80, -1,
      80, 391, 392, -1,
      80, 392, 259, -1,
      259, 392, 393, -1,
      259, 393, 361, -1,
      394, 395, 396, -1,
      396, 395, 397, -1,
      396, 397, 363, -1,
      363, 397, 398, -1,
      363, 398, 364, -1,
      332, 399, 333, -1,
      333, 399, 400, -1,
      333, 400, 401, -1,
      401, 400, 402, -1,
      296, 403, 294, -1,
      294, 403, 404, -1,
      294, 404, 368, -1,
      368, 404, 405, -1,
      368, 405, 406, -1,
      407, 408, 217, -1,
      299, 409, 262, -1,
      262, 409, 410, -1,
      262, 410, 411, -1,
      411, 410, 412, -1,
      411, 412, 413, -1,
      413, 412, 414, -1,
      413, 414, 415, -1,
      415, 414, 370, -1,
      415, 370, 416, -1,
      416, 370, 372, -1,
      417, 418, 345, -1,
      336, 335, 419, -1,
      419, 335, 420, -1,
      419, 420, 396, -1,
      396, 420, 421, -1,
      396, 421, 394, -1,
      293, 422, 259, -1,
      259, 422, 423, -1,
      259, 423, 424, -1,
      406, 425, 368, -1,
      368, 425, 426, -1,
      368, 426, 369, -1,
      408, 427, 217, -1,
      217, 427, 428, -1,
      217, 428, 429, -1,
      19, 417, 386, -1,
      386, 417, 345, -1,
      386, 345, 430, -1,
      430, 345, 385, -1,
      430, 385, 74, -1,
      74, 385, 73, -1,
      424, 431, 259, -1,
      259, 431, 432, -1,
      259, 432, 257, -1,
      337, 433, 253, -1,
      253, 433, 434, -1,
      253, 434, 435, -1,
      216, 436, 217, -1,
      217, 436, 437, -1,
      217, 437, 407, -1,
      407, 437, 438, -1,
      407, 438, 439, -1,
      440, 441, 209, -1,
      209, 441, 442, -1,
      209, 442, 263, -1,
      62, 61, 443, -1,
      443, 61, 345, -1,
      443, 345, 444, -1,
      444, 345, 418, -1,
      444, 418, 67, -1,
      67, 418, 66, -1,
      435, 445, 253, -1,
      253, 445, 446, -1,
      253, 446, 387, -1,
      377, 447, 337, -1,
      337, 447, 448, -1,
      337, 448, 209, -1,
      209, 448, 449, -1,
      209, 449, 381, -1,
      383, 450, 381, -1,
      381, 450, 451, -1,
      381, 451, 209, -1,
      209, 451, 452, -1,
      209, 452, 440, -1,
      262, 453, 454, -1,
      454, 453, 455, -1,
      270, 220, 455, -1,
      455, 220, 456, -1,
      455, 456, 454, -1,
      37, 93, 88, -1,
      88, 93, 95, -1,
      88, 95, 87, -1,
      87, 95, 457, -1,
      95, 458, 457, -1,
      457, 458, 83, -1,
      457, 83, 454, -1,
      454, 83, 85, -1,
      454, 85, 262, -1,
      262, 85, 217, -1,
      262, 217, 282, -1,
      282, 217, 429, -1,
      459, 12, 460, -1,
      460, 12, 13, -1,
      16, 461, 17, -1,
      17, 461, 462, -1,
      462, 461, 460, -1,
      460, 461, 459, -1,
      463, 464, 465, -1,
      466, 467, 465, -1,
      465, 467, 468, -1,
      465, 468, 463, -1,
      463, 468, 469, -1,
      470, 471, 469, -1,
      469, 471, 472, -1,
      469, 472, 463, -1,
      463, 472, 473, -1,
      474, 475, 473, -1,
      473, 475, 476, -1,
      473, 476, 463, -1,
      463, 476, 477, -1,
      478, 479, 477, -1,
      477, 479, 480, -1,
      477, 480, 463, -1,
      463, 480, 481, -1,
      482, 483, 481, -1,
      481, 483, 484, -1,
      481, 484, 463, -1,
      463, 484, 485, -1,
      486, 487, 485, -1,
      485, 487, 488, -1,
      485, 488, 463, -1,
      463, 488, 489, -1,
      490, 491, 489, -1,
      489, 491, 492, -1,
      489, 492, 463, -1,
      463, 492, 493, -1,
      494, 495, 493, -1,
      493, 495, 496, -1,
      493, 496, 463, -1,
      463, 496, 497, -1,
      498, 499, 497, -1,
      497, 499, 6, -1,
      497, 6, 463, -1,
      463, 6, 8, -1,
      500, 501, 8, -1,
      8, 501, 502, -1,
      8, 502, 463, -1,
      463, 502, 503, -1,
      504, 505, 503, -1,
      503, 505, 506, -1,
      503, 506, 463, -1,
      463, 506, 507, -1,
      508, 509, 507, -1,
      507, 509, 510, -1,
      507, 510, 463, -1,
      463, 510, 511, -1,
      512, 513, 514, -1,
      515, 516, 511, -1,
      511, 516, 517, -1,
      511, 517, 463, -1,
      463, 517, 518, -1,
      519, 520, 521, -1,
      521, 520, 463, -1,
      522, 523, 518, -1,
      518, 523, 524, -1,
      518, 524, 463, -1,
      463, 524, 512, -1,
      463, 512, 521, -1,
      521, 512, 514, -1,
      502, 525, 503, -1,
      503, 525, 526, -1,
      527, 528, 529, -1,
      529, 528, 530, -1,
      531, 527, 532, -1,
      532, 527, 529, -1,
      532, 529, 526, -1,
      526, 529, 533, -1,
      526, 533, 503, -1,
      503, 533, 534, -1,
      535, 536, 537, -1,
      11, 10, 538, -1,
      539, 540, 538, -1,
      527, 32, 55, -1,
      541, 24, 45, -1,
      542, 543, 538, -1,
      544, 545, 546, -1,
      546, 545, 538, -1,
      546, 538, 547, -1,
      45, 539, 541, -1,
      541, 539, 538, -1,
      541, 538, 548, -1,
      548, 538, 545, -1,
      548, 545, 41, -1,
      41, 545, 39, -1,
      549, 550, 538, -1,
      551, 47, 81, -1,
      552, 54, 53, -1,
      81, 542, 551, -1,
      551, 542, 538, -1,
      551, 538, 553, -1,
      553, 538, 10, -1,
      553, 10, 78, -1,
      78, 10, 42, -1,
      53, 549, 552, -1,
      552, 549, 538, -1,
      552, 538, 554, -1,
      554, 538, 540, -1,
      554, 540, 56, -1,
      56, 540, 34, -1,
      55, 11, 527, -1,
      527, 11, 538, -1,
      527, 538, 528, -1,
      528, 538, 550, -1,
      528, 550, 33, -1,
      33, 550, 52, -1,
      555, 27, 75, -1,
      75, 556, 555, -1,
      555, 556, 538, -1,
      555, 538, 557, -1,
      557, 538, 543, -1,
      557, 543, 70, -1,
      70, 543, 71, -1,
      69, 68, 558, -1,
      558, 68, 559, -1,
      560, 561, 537, -1,
      562, 537, 559, -1,
      559, 537, 538, -1,
      559, 538, 558, -1,
      558, 538, 556, -1,
      563, 60, 59, -1,
      59, 560, 563, -1,
      563, 560, 537, -1,
      563, 537, 564, -1,
      564, 537, 562, -1,
      564, 562, 72, -1,
      72, 562, 21, -1,
      565, 64, 63, -1,
      63, 535, 565, -1,
      565, 535, 537, -1,
      565, 537, 566, -1,
      566, 537, 561, -1,
      566, 561, 65, -1,
      65, 561, 18, -1,
      567, 568, 538, -1,
      538, 568, 547, -1,
      2, 569, 570, -1,
      570, 569, 571, -1,
      46, 40, 572, -1,
      572, 40, 573, -1,
      572, 573, 574, -1,
      574, 573, 575, -1,
      568, 567, 571, -1,
      571, 567, 573, -1,
      571, 573, 570, -1,
      570, 573, 40, -1,
      576, 577, 575, -1,
      571, 569, 578, -1,
      578, 569, 579, -1,
      463, 580, 537, -1,
      537, 580, 576, -1,
      537, 576, 573, -1,
      573, 576, 575, -1,
      571, 578, 546, -1,
      546, 578, 581, -1,
      546, 581, 520, -1,
      582, 580, 456, -1,
      456, 580, 463, -1,
      456, 463, 454, -1,
      454, 463, 520, -1,
      454, 520, 457, -1,
      457, 520, 581, -1,
      457, 581, 583, -1,
      584, 585, 526, -1,
      526, 585, 532, -1,
      531, 532, 586, -1,
      586, 532, 585, -1,
      459, 461, 12, -1,
      12, 461, 16, -1,
      587, 584, 525, -1,
      525, 584, 526, -1,
      585, 584, 586, -1,
      586, 584, 587, -1,
      500, 181, 501, -1,
      501, 181, 156, -1,
      44, 181, 55, -1,
      55, 181, 500, -1,
      13, 11, 460, -1,
      460, 11, 55, -1,
      460, 55, 462, -1,
      462, 55, 500, -1,
      462, 500, 17, -1,
      17, 500, 8, -1,
      501, 156, 30, -1,
      527, 531, 586, -1,
      587, 525, 502, -1,
      502, 501, 587, -1,
      587, 501, 30, -1,
      587, 30, 586, -1,
      586, 30, 32, -1,
      586, 32, 527, -1,
      588, 529, 589, -1,
      589, 529, 530, -1,
      533, 590, 534, -1,
      534, 590, 591, -1,
      591, 590, 589, -1,
      589, 590, 588, -1,
      506, 592, 507, -1,
      507, 592, 593, -1,
      550, 549, 594, -1,
      594, 549, 595, -1,
      596, 550, 597, -1,
      597, 550, 594, -1,
      597, 594, 593, -1,
      593, 594, 598, -1,
      593, 598, 507, -1,
      507, 598, 599, -1,
      600, 601, 593, -1,
      593, 601, 597, -1,
      596, 597, 602, -1,
      602, 597, 601, -1,
      588, 590, 529, -1,
      529, 590, 533, -1,
      603, 600, 592, -1,
      592, 600, 593, -1,
      601, 600, 602, -1,
      602, 600, 603, -1,
      504, 153, 505, -1,
      505, 153, 152, -1,
      31, 153, 33, -1,
      33, 153, 504, -1,
      530, 528, 589, -1,
      589, 528, 33, -1,
      589, 33, 591, -1,
      591, 33, 504, -1,
      591, 504, 534, -1,
      534, 504, 503, -1,
      505, 152, 50, -1,
      550, 596, 602, -1,
      603, 592, 506, -1,
      506, 505, 603, -1,
      603, 505, 50, -1,
      603, 50, 602, -1,
      602, 50, 52, -1,
      602, 52, 550, -1,
      604, 594, 605, -1,
      605, 594, 595, -1,
      598, 606, 599, -1,
      599, 606, 607, -1,
      607, 606, 605, -1,
      605, 606, 604, -1,
      510, 608, 511, -1,
      511, 608, 609, -1,
      552, 554, 610, -1,
      610, 554, 611, -1,
      612, 552, 613, -1,
      613, 552, 610, -1,
      613, 610, 609, -1,
      609, 610, 614, -1,
      609, 614, 511, -1,
      511, 614, 615, -1,
      616, 617, 609, -1,
      609, 617, 613, -1,
      612, 613, 618, -1,
      618, 613, 617, -1,
      604, 606, 594, -1,
      594, 606, 598, -1,
      619, 616, 608, -1,
      608, 616, 609, -1,
      617, 616, 618, -1,
      618, 616, 619, -1,
      508, 151, 509, -1,
      509, 151, 148, -1,
      51, 151, 53, -1,
      53, 151, 508, -1,
      595, 549, 605, -1,
      605, 549, 53, -1,
      605, 53, 607, -1,
      607, 53, 508, -1,
      607, 508, 599, -1,
      599, 508, 507, -1,
      509, 148, 58, -1,
      552, 612, 618, -1,
      619, 608, 510, -1,
      510, 509, 619, -1,
      619, 509, 58, -1,
      619, 58, 618, -1,
      618, 58, 54, -1,
      618, 54, 552, -1,
      620, 610, 621, -1,
      621, 610, 611, -1,
      614, 622, 615, -1,
      615, 622, 623, -1,
      623, 622, 621, -1,
      621, 622, 620, -1,
      517, 624, 518, -1,
      518, 624, 625, -1,
      540, 539, 626, -1,
      626, 539, 627, -1,
      628, 540, 629, -1,
      629, 540, 626, -1,
      629, 626, 625, -1,
      625, 626, 630, -1,
      625, 630, 518, -1,
      518, 630, 631, -1,
      632, 633, 625, -1,
      625, 633, 629, -1,
      628, 629, 634, -1,
      634, 629, 633, -1,
      620, 622, 610, -1,
      610, 622, 614, -1,
      635, 632, 624, -1,
      624, 632, 625, -1,
      633, 632, 634, -1,
      634, 632, 635, -1,
      515, 147, 516, -1,
      516, 147, 132, -1,
      57, 147, 56, -1,
      56, 147, 515, -1,
      611, 554, 621, -1,
      621, 554, 56, -1,
      621, 56, 623, -1,
      623, 56, 515, -1,
      623, 515, 615, -1,
      615, 515, 511, -1,
      516, 132, 35, -1,
      540, 628, 634, -1,
      635, 624, 517, -1,
      517, 516, 635, -1,
      635, 516, 35, -1,
      635, 35, 634, -1,
      634, 35, 34, -1,
      634, 34, 540, -1,
      524, 636, 512, -1,
      512, 636, 637, -1,
      541, 548, 638, -1,
      638, 548, 639, -1,
      640, 541, 641, -1,
      641, 541, 638, -1,
      641, 638, 637, -1,
      637, 638, 642, -1,
      637, 642, 512, -1,
      512, 642, 643, -1,
      644, 638, 645, -1,
      645, 638, 639, -1,
      642, 646, 643, -1,
      643, 646, 647, -1,
      647, 646, 645, -1,
      645, 646, 644, -1,
      648, 545, 649, -1,
      649, 545, 544, -1,
      649, 544, 650, -1,
      650, 544, 519, -1,
      650, 519, 651, -1,
      651, 519, 521, -1,
      547, 568, 546, -1,
      546, 568, 571, -1,
      652, 653, 650, -1,
      650, 653, 649, -1,
      648, 649, 654, -1,
      654, 649, 653, -1,
      644, 646, 638, -1,
      638, 646, 642, -1,
      655, 652, 651, -1,
      651, 652, 650, -1,
      653, 652, 654, -1,
      654, 652, 655, -1,
      513, 94, 514, -1,
      514, 94, 93, -1,
      26, 94, 41, -1,
      41, 94, 513, -1,
      639, 548, 645, -1,
      645, 548, 41, -1,
      645, 41, 647, -1,
      647, 41, 513, -1,
      647, 513, 643, -1,
      643, 513, 512, -1,
      514, 93, 37, -1,
      545, 648, 654, -1,
      655, 651, 521, -1,
      521, 514, 655, -1,
      655, 514, 37, -1,
      655, 37, 654, -1,
      654, 37, 39, -1,
      654, 39, 545, -1,
      656, 4, 0, -1,
      0, 1, 87, -1,
      656, 0, 583, -1,
      583, 0, 87, -1,
      583, 87, 457, -1,
      657, 5, 658, -1,
      658, 5, 659, -1,
      4, 656, 660, -1,
      660, 656, 661, -1,
      660, 661, 662, -1,
      662, 661, 663, -1,
      658, 664, 661, -1,
      661, 664, 665, -1,
      661, 665, 666, -1,
      659, 667, 658, -1,
      658, 667, 668, -1,
      658, 668, 669, -1,
      666, 670, 661, -1,
      661, 670, 671, -1,
      661, 671, 663, -1,
      669, 672, 658, -1,
      658, 672, 673, -1,
      658, 673, 664, -1,
      5, 657, 3, -1,
      3, 657, 579, -1,
      3, 579, 2, -1,
      2, 579, 569, -1,
      544, 546, 519, -1,
      519, 546, 520, -1,
      659, 5, 674, -1,
      674, 5, 3, -1,
      665, 664, 675, -1,
      675, 664, 676, -1,
      88, 570, 38, -1,
      38, 570, 40, -1,
      677, 678, 570, -1,
      570, 678, 679, -1,
      570, 679, 680, -1,
      3, 2, 674, -1,
      674, 2, 570, -1,
      674, 570, 681, -1,
      681, 570, 680, -1,
      682, 683, 88, -1,
      88, 683, 684, -1,
      88, 684, 685, -1,
      1, 0, 88, -1,
      88, 0, 686, -1,
      88, 686, 682, -1,
      685, 687, 88, -1,
      88, 687, 675, -1,
      88, 675, 570, -1,
      570, 675, 676, -1,
      570, 676, 677, -1,
      686, 0, 660, -1,
      660, 0, 4, -1,
      686, 660, 662, -1,
      686, 662, 682, -1,
      682, 662, 663, -1,
      682, 663, 683, -1,
      683, 663, 671, -1,
      683, 671, 684, -1,
      684, 671, 670, -1,
      684, 670, 685, -1,
      685, 670, 666, -1,
      685, 666, 687, -1,
      687, 666, 665, -1,
      687, 665, 675, -1,
      676, 664, 673, -1,
      676, 673, 677, -1,
      677, 673, 672, -1,
      677, 672, 678, -1,
      678, 672, 669, -1,
      678, 669, 679, -1,
      679, 669, 668, -1,
      679, 668, 680, -1,
      680, 668, 667, -1,
      680, 667, 681, -1,
      681, 667, 659, -1,
      681, 659, 674, -1,
      656, 583, 661, -1,
      661, 583, 581, -1,
      657, 658, 579, -1,
      579, 658, 578, -1,
      661, 581, 658, -1,
      658, 581, 578, -1,
      688, 626, 689, -1,
      689, 626, 627, -1,
      630, 690, 631, -1,
      631, 690, 691, -1,
      691, 690, 689, -1,
      689, 690, 688, -1,
      692, 693, 637, -1,
      637, 693, 641, -1,
      640, 641, 694, -1,
      694, 641, 693, -1,
      688, 690, 626, -1,
      626, 690, 630, -1,
      695, 692, 636, -1,
      636, 692, 637, -1,
      693, 692, 694, -1,
      694, 692, 695, -1,
      522, 109, 523, -1,
      523, 109, 133, -1,
      36, 109, 45, -1,
      45, 109, 522, -1,
      627, 539, 689, -1,
      689, 539, 45, -1,
      689, 45, 691, -1,
      691, 45, 522, -1,
      691, 522, 631, -1,
      631, 522, 518, -1,
      523, 133, 25, -1,
      541, 640, 694, -1,
      695, 636, 524, -1,
      524, 523, 695, -1,
      695, 523, 25, -1,
      695, 25, 694, -1,
      694, 25, 24, -1,
      694, 24, 541, -1,
      696, 697, 698, -1,
      698, 697, 582, -1,
      582, 456, 698, -1,
      698, 456, 220, -1,
      698, 220, 346, -1,
      697, 696, 699, -1,
      699, 696, 700, -1,
      699, 700, 701, -1,
      702, 703, 704, -1,
      704, 703, 705, -1,
      704, 705, 706, -1,
      706, 705, 707, -1,
      701, 708, 699, -1,
      699, 708, 709, -1,
      699, 709, 710, -1,
      710, 711, 699, -1,
      699, 711, 712, -1,
      699, 712, 705, -1,
      705, 712, 713, -1,
      705, 713, 714, -1,
      714, 715, 705, -1,
      705, 715, 716, -1,
      705, 716, 707, -1,
      703, 702, 717, -1,
      574, 575, 717, -1,
      717, 575, 577, -1,
      717, 577, 703, -1,
      463, 537, 464, -1,
      464, 537, 536, -1,
      702, 704, 717, -1,
      717, 704, 718, -1,
      713, 712, 719, -1,
      719, 712, 720, -1,
      572, 345, 46, -1,
      46, 345, 61, -1,
      721, 722, 572, -1,
      572, 722, 723, -1,
      572, 723, 724, -1,
      725, 726, 345, -1,
      345, 726, 727, -1,
      345, 727, 728, -1,
      574, 717, 572, -1,
      572, 717, 718, -1,
      572, 718, 721, -1,
      698, 346, 729, -1,
      729, 346, 345, -1,
      729, 345, 730, -1,
      730, 345, 728, -1,
      724, 731, 572, -1,
      572, 731, 719, -1,
      572, 719, 345, -1,
      345, 719, 720, -1,
      345, 720, 725, -1,
      698, 729, 696, -1,
      696, 729, 700, -1,
      720, 712, 711, -1,
      720, 711, 725, -1,
      725, 711, 710, -1,
      725, 710, 726, -1,
      726, 710, 709, -1,
      726, 709, 727, -1,
      727, 709, 708, -1,
      727, 708, 728, -1,
      728, 708, 701, -1,
      728, 701, 730, -1,
      730, 701, 700, -1,
      730, 700, 729, -1,
      718, 704, 706, -1,
      718, 706, 721, -1,
      721, 706, 707, -1,
      721, 707, 722, -1,
      722, 707, 716, -1,
      722, 716, 723, -1,
      723, 716, 715, -1,
      723, 715, 724, -1,
      724, 715, 714, -1,
      724, 714, 731, -1,
      731, 714, 713, -1,
      731, 713, 719, -1,
      582, 697, 580, -1,
      580, 697, 699, -1,
      705, 703, 576, -1,
      576, 703, 577, -1,
      580, 699, 576, -1,
      576, 699, 705, -1,
    ]
  }
}

Shape {
  appearance Appearance {
    material Material {
      diffuseColor 0.7922 0.8196 0.9333
      specularColor 0.3961 0.4118 0.4667
      ambientIntensity 0.2
      transparency 0.0000
      shininess 0.5
    }
  }
  geometry IndexedFaceSet {
    ccw TRUE
    solid FALSE
    coord DEF co Coordinate {
      point [
        2.952756 -0.935039 0.807087,
        2.952756 -1.328740 0.807087,
        2.952756 -1.328740 0.984252,
        2.952756 -0.935039 0.984252,
      ]
    }
    coordIndex [
      3, 2, 0, -1,
      0, 2, 1, -1,
    ]
  }
}

Shape {
  appearance Appearance {
    material Material {
      diffuseColor 0.6784 0.6784 0.6784
      specularColor 0.0471 0.0471 0.0471
      ambientIntensity 0.2
      transparency 0.0000
      shininess 0.5
    }
  }
  geometry IndexedFaceSet {
    ccw TRUE
    solid FALSE
    coord DEF co Coordinate {
      point [
        -0.452756 0.364173 0.236220,
        -0.452756 0.364173 0.748031,
        -0.492126 0.364173 0.748031,
        -0.452756 0.364173 0.807087,
        -0.452756 0.364173 0.795276,
        -0.492126 0.364173 0.795276,
        2.303150 0.757874 0.807087,
        2.303150 0.757874 -0.000000,
        2.027559 0.757874 -0.000000,
        1.515748 0.757874 0.807087,
        1.515748 0.757874 -0.000000,
        1.240157 0.757874 -0.000000,
        0.728346 0.757874 0.807087,
        0.728346 0.757874 -0.000000,
        0.452756 0.757874 -0.000000,
        -0.452756 0.757874 0.807087,
        -0.452756 0.757874 0.000000,
        -0.059055 0.757874 0.807087,
        -0.059055 0.757874 0.000000,
        2.027559 0.757874 0.807087,
        1.909449 0.757874 0.807087,
        2.814961 0.757874 -0.000000,
        2.814961 0.757874 0.807087,
        2.696850 0.757874 0.807087,
        2.421260 0.757874 0.807087,
        2.421260 0.757874 -0.000000,
        2.696850 0.757874 -0.000000,
        1.240157 0.757874 0.807087,
        1.122047 0.757874 0.807087,
        0.452756 0.757874 0.807087,
        0.334646 0.757874 0.807087,
        1.633858 0.757874 0.807087,
        1.633858 0.757874 -0.000000,
        1.909449 0.757874 -0.000000,
        0.846457 0.757874 0.807087,
        0.846457 0.757874 -0.000000,
        1.122047 0.757874 -0.000000,
        -0.334646 0.757874 0.807087,
        0.334646 0.757874 -0.000000,
        0.059055 0.757874 -0.000000,
        0.059055 0.757874 0.807087,
        -0.334646 0.757874 0.000000,
        -0.334646 0.561024 0.000000,
        -0.452756 0.561024 0.000000,
        -0.059055 0.561024 0.000000,
        0.334646 0.561024 -0.000000,
        0.452756 0.561024 -0.000000,
        0.846457 0.561024 -0.000000,
        1.122047 0.561024 -0.000000,
        1.240157 0.561024 -0.000000,
        0.059055 0.561024 -0.000000,
        0.728346 0.561024 -0.000000,
        1.515748 0.561024 -0.000000,
        1.633858 0.561024 -0.000000,
        2.027559 0.561024 -0.000000,
        2.303150 0.561024 -0.000000,
        2.421260 0.561024 -0.000000,
        1.909449 0.561024 -0.000000,
        2.814961 0.561024 -0.000000,
        2.696850 0.561024 -0.000000,
        2.952756 0.364173 0.236220,
        2.814961 0.364173 0.236220,
        2.814961 0.561024 0.236220,
        2.696850 0.561024 0.236220,
        2.696850 0.364173 0.236220,
        2.421260 0.364173 0.236220,
        2.421260 0.561024 0.236220,
        2.303150 0.561024 0.236220,
        2.303150 0.364173 0.236220,
        2.027559 0.364173 0.236220,
        2.027559 0.561024 0.236220,
        1.909449 0.561024 0.236220,
        1.909449 0.364173 0.236220,
        1.633858 0.364173 0.236220,
        1.633858 0.561024 0.236220,
        1.515748 0.561024 0.236220,
        1.515748 0.364173 0.236220,
        1.240157 0.364173 0.236220,
        1.240157 0.561024 0.236220,
        1.122047 0.561024 0.236220,
        1.122047 0.364173 0.236220,
        0.846457 0.364173 0.236220,
        0.846457 0.561024 0.236220,
        0.728346 0.561024 0.236220,
        0.728346 0.364173 0.236220,
        0.452756 0.364173 0.236220,
        0.452756 0.561024 0.236220,
        0.334646 0.561024 0.236220,
        0.334646 0.364173 0.236220,
        0.059055 0.364173 0.236220,
        0.059055 0.561024 0.236220,
        -0.059055 0.561024 0.236220,
        -0.059055 0.364173 0.236220,
        -0.334646 0.364173 0.236220,
        -0.334646 0.561024 0.236220,
        -0.452756 0.561024 0.236220,
        2.814961 0.364173 0.807087,
        2.952756 0.364173 0.807087,
        0.059055 0.364173 0.807087,
        0.334646 0.364173 0.807087,
        -0.059055 0.364173 0.807087,
        -0.334646 0.364173 0.807087,
        0.728346 0.364173 0.807087,
        0.846457 0.364173 0.807087,
        0.452756 0.364173 0.807087,
        1.122047 0.364173 0.807087,
        1.240157 0.364173 0.807087,
        2.027559 0.364173 0.807087,
        2.303150 0.364173 0.807087,
        1.515748 0.364173 0.807087,
        1.909449 0.364173 0.807087,
        1.633858 0.364173 0.807087,
        2.696850 0.364173 0.807087,
        2.421260 0.364173 0.807087,
        -0.059055 0.364173 0.748031,
        -0.098425 0.364173 0.748031,
        -0.295276 0.364173 0.795276,
        -0.334646 0.364173 0.795276,
        -0.059055 0.364173 0.795276,
        -0.098425 0.364173 0.795276,
        -0.295276 0.364173 0.748031,
        -0.334646 0.364173 0.748031,
        -0.295276 0.442913 0.795276,
        -0.334646 0.442913 0.795276,
        -0.295276 0.442913 0.748031,
        -0.334646 0.442913 0.748031,
        -0.492126 0.442913 0.748031,
        -0.492126 0.442913 0.795276,
        -0.452756 0.442913 0.795276,
        -0.452756 0.442913 0.748031,
        0.728346 0.364173 0.748031,
        0.688976 0.364173 0.748031,
        0.492126 0.364173 0.795276,
        0.452756 0.364173 0.795276,
        0.728346 0.364173 0.795276,
        0.688976 0.364173 0.795276,
        0.492126 0.364173 0.748031,
        0.452756 0.364173 0.748031,
        0.492126 0.442913 0.795276,
        0.452756 0.442913 0.795276,
        0.492126 0.442913 0.748031,
        0.452756 0.442913 0.748031,
        0.334646 0.364173 0.748031,
        0.295276 0.364173 0.748031,
        0.098425 0.364173 0.795276,
        0.059055 0.364173 0.795276,
        0.334646 0.364173 0.795276,
        0.295276 0.364173 0.795276,
        0.098425 0.364173 0.748031,
        0.059055 0.364173 0.748031,
        0.295276 0.442913 0.748031,
        0.295276 0.442913 0.795276,
        0.334646 0.442913 0.795276,
        0.334646 0.442913 0.748031,
        0.098425 0.442913 0.795276,
        0.059055 0.442913 0.795276,
        0.098425 0.442913 0.748031,
        0.059055 0.442913 0.748031,
        -0.098425 0.442913 0.748031,
        -0.098425 0.442913 0.795276,
        -0.059055 0.442913 0.795276,
        -0.059055 0.442913 0.748031,
        1.122047 0.364173 0.748031,
        1.082677 0.364173 0.748031,
        0.885827 0.364173 0.795276,
        0.846457 0.364173 0.795276,
        1.122047 0.364173 0.795276,
        1.082677 0.364173 0.795276,
        0.885827 0.364173 0.748031,
        0.846457 0.364173 0.748031,
        0.885827 0.442913 0.795276,
        0.846457 0.442913 0.795276,
        0.885827 0.442913 0.748031,
        0.846457 0.442913 0.748031,
        0.688976 0.442913 0.748031,
        0.688976 0.442913 0.795276,
        0.728346 0.442913 0.795276,
        0.728346 0.442913 0.748031,
        1.515748 0.364173 0.748031,
        1.476378 0.364173 0.748031,
        1.279528 0.364173 0.795276,
        1.240157 0.364173 0.795276,
        1.515748 0.364173 0.795276,
        1.476378 0.364173 0.795276,
        1.279528 0.364173 0.748031,
        1.240157 0.364173 0.748031,
        1.279528 0.442913 0.795276,
        1.240157 0.442913 0.795276,
        1.279528 0.442913 0.748031,
        1.240157 0.442913 0.748031,
        1.082677 0.442913 0.748031,
        1.082677 0.442913 0.795276,
        1.122047 0.442913 0.795276,
        1.122047 0.442913 0.748031,
        2.303150 0.364173 0.748031,
        2.263780 0.364173 0.748031,
        2.066929 0.364173 0.795276,
        2.027559 0.364173 0.795276,
        2.303150 0.364173 0.795276,
        2.263780 0.364173 0.795276,
        2.066929 0.364173 0.748031,
        2.027559 0.364173 0.748031,
        2.066929 0.442913 0.795276,
        2.027559 0.442913 0.795276,
        2.066929 0.442913 0.748031,
        2.027559 0.442913 0.748031,
        1.909449 0.364173 0.748031,
        1.870079 0.364173 0.748031,
        1.673228 0.364173 0.795276,
        1.633858 0.364173 0.795276,
        1.909449 0.364173 0.795276,
        1.870079 0.364173 0.795276,
        1.673228 0.364173 0.748031,
        1.633858 0.364173 0.748031,
        1.870079 0.442913 0.748031,
        1.870079 0.442913 0.795276,
        1.909449 0.442913 0.795276,
        1.909449 0.442913 0.748031,
        1.673228 0.442913 0.795276,
        1.633858 0.442913 0.795276,
        1.673228 0.442913 0.748031,
        1.633858 0.442913 0.748031,
        1.476378 0.442913 0.748031,
        1.476378 0.442913 0.795276,
        1.515748 0.442913 0.795276,
        1.515748 0.442913 0.748031,
        2.696850 0.364173 0.748031,
        2.657480 0.364173 0.748031,
        2.460630 0.364173 0.795276,
        2.421260 0.364173 0.795276,
        2.696850 0.364173 0.795276,
        2.657480 0.364173 0.795276,
        2.460630 0.364173 0.748031,
        2.421260 0.364173 0.748031,
        2.460630 0.442913 0.795276,
        2.421260 0.442913 0.795276,
        2.460630 0.442913 0.748031,
        2.421260 0.442913 0.748031,
        2.263780 0.442913 0.748031,
        2.263780 0.442913 0.795276,
        2.303150 0.442913 0.795276,
        2.303150 0.442913 0.748031,
        2.854331 0.364173 0.748031,
        2.814961 0.364173 0.748031,
        2.854331 0.364173 0.795276,
        2.814961 0.364173 0.795276,
        2.854331 0.442913 0.795276,
        2.814961 0.442913 0.795276,
        2.854331 0.442913 0.748031,
        2.814961 0.442913 0.748031,
        2.657480 0.442913 0.748031,
        2.657480 0.442913 0.795276,
        2.696850 0.442913 0.795276,
        2.696850 0.442913 0.748031,
      ]
    }
    coordIndex [
      92, 114, 93, -1,
      93, 114, 115, -1,
      100, 101, 116, -1,
      116, 101, 117, -1,
      118, 100, 119, -1,
      119, 100, 116, -1,
      119, 116, 115, -1,
      115, 116, 120, -1,
      115, 120, 93, -1,
      93, 120, 121, -1,
      122, 116, 123, -1,
      123, 116, 117, -1,
      120, 124, 121, -1,
      121, 124, 125, -1,
      125, 124, 123, -1,
      123, 124, 122, -1,
      126, 127, 2, -1,
      2, 127, 5, -1,
      4, 5, 128, -1,
      128, 5, 127, -1,
      122, 124, 116, -1,
      116, 124, 120, -1,
      129, 126, 1, -1,
      1, 126, 2, -1,
      127, 126, 128, -1,
      128, 126, 129, -1,
      94, 42, 95, -1,
      95, 42, 43, -1,
      41, 42, 37, -1,
      37, 42, 94, -1,
      117, 101, 123, -1,
      123, 101, 37, -1,
      123, 37, 125, -1,
      125, 37, 94, -1,
      125, 94, 121, -1,
      121, 94, 93, -1,
      95, 43, 16, -1,
      3, 4, 128, -1,
      129, 1, 0, -1,
      0, 95, 129, -1,
      129, 95, 16, -1,
      129, 16, 128, -1,
      128, 16, 15, -1,
      128, 15, 3, -1,
      84, 130, 85, -1,
      85, 130, 131, -1,
      102, 104, 132, -1,
      132, 104, 133, -1,
      134, 102, 135, -1,
      135, 102, 132, -1,
      135, 132, 131, -1,
      131, 132, 136, -1,
      131, 136, 85, -1,
      85, 136, 137, -1,
      138, 132, 139, -1,
      139, 132, 133, -1,
      136, 140, 137, -1,
      137, 140, 141, -1,
      141, 140, 139, -1,
      139, 140, 138, -1,
      88, 142, 89, -1,
      89, 142, 143, -1,
      99, 98, 144, -1,
      144, 98, 145, -1,
      146, 99, 147, -1,
      147, 99, 144, -1,
      147, 144, 143, -1,
      143, 144, 148, -1,
      143, 148, 89, -1,
      89, 148, 149, -1,
      150, 151, 143, -1,
      143, 151, 147, -1,
      146, 147, 152, -1,
      152, 147, 151, -1,
      138, 140, 132, -1,
      132, 140, 136, -1,
      153, 150, 142, -1,
      142, 150, 143, -1,
      151, 150, 152, -1,
      152, 150, 153, -1,
      86, 46, 87, -1,
      87, 46, 45, -1,
      14, 46, 29, -1,
      29, 46, 86, -1,
      133, 104, 139, -1,
      139, 104, 29, -1,
      139, 29, 141, -1,
      141, 29, 86, -1,
      141, 86, 137, -1,
      137, 86, 85, -1,
      87, 45, 38, -1,
      99, 146, 152, -1,
      153, 142, 88, -1,
      88, 87, 153, -1,
      153, 87, 38, -1,
      153, 38, 152, -1,
      152, 38, 30, -1,
      152, 30, 99, -1,
      154, 144, 155, -1,
      155, 144, 145, -1,
      148, 156, 149, -1,
      149, 156, 157, -1,
      157, 156, 155, -1,
      155, 156, 154, -1,
      158, 159, 115, -1,
      115, 159, 119, -1,
      118, 119, 160, -1,
      160, 119, 159, -1,
      154, 156, 144, -1,
      144, 156, 148, -1,
      161, 158, 114, -1,
      114, 158, 115, -1,
      159, 158, 160, -1,
      160, 158, 161, -1,
      90, 50, 91, -1,
      91, 50, 44, -1,
      39, 50, 40, -1,
      40, 50, 90, -1,
      145, 98, 155, -1,
      155, 98, 40, -1,
      155, 40, 157, -1,
      157, 40, 90, -1,
      157, 90, 149, -1,
      149, 90, 89, -1,
      91, 44, 18, -1,
      100, 118, 160, -1,
      161, 114, 92, -1,
      92, 91, 161, -1,
      161, 91, 18, -1,
      161, 18, 160, -1,
      160, 18, 17, -1,
      160, 17, 100, -1,
      80, 162, 81, -1,
      81, 162, 163, -1,
      105, 103, 164, -1,
      164, 103, 165, -1,
      166, 105, 167, -1,
      167, 105, 164, -1,
      167, 164, 163, -1,
      163, 164, 168, -1,
      163, 168, 81, -1,
      81, 168, 169, -1,
      170, 164, 171, -1,
      171, 164, 165, -1,
      168, 172, 169, -1,
      169, 172, 173, -1,
      173, 172, 171, -1,
      171, 172, 170, -1,
      174, 175, 131, -1,
      131, 175, 135, -1,
      134, 135, 176, -1,
      176, 135, 175, -1,
      170, 172, 164, -1,
      164, 172, 168, -1,
      177, 174, 130, -1,
      130, 174, 131, -1,
      175, 174, 176, -1,
      176, 174, 177, -1,
      82, 47, 83, -1,
      83, 47, 51, -1,
      35, 47, 34, -1,
      34, 47, 82, -1,
      165, 103, 171, -1,
      171, 103, 34, -1,
      171, 34, 173, -1,
      173, 34, 82, -1,
      173, 82, 169, -1,
      169, 82, 81, -1,
      83, 51, 13, -1,
      102, 134, 176, -1,
      177, 130, 84, -1,
      84, 83, 177, -1,
      177, 83, 13, -1,
      177, 13, 176, -1,
      176, 13, 12, -1,
      176, 12, 102, -1,
      76, 178, 77, -1,
      77, 178, 179, -1,
      109, 106, 180, -1,
      180, 106, 181, -1,
      182, 109, 183, -1,
      183, 109, 180, -1,
      183, 180, 179, -1,
      179, 180, 184, -1,
      179, 184, 77, -1,
      77, 184, 185, -1,
      186, 180, 187, -1,
      187, 180, 181, -1,
      184, 188, 185, -1,
      185, 188, 189, -1,
      189, 188, 187, -1,
      187, 188, 186, -1,
      190, 191, 163, -1,
      163, 191, 167, -1,
      166, 167, 192, -1,
      192, 167, 191, -1,
      186, 188, 180, -1,
      180, 188, 184, -1,
      193, 190, 162, -1,
      162, 190, 163, -1,
      191, 190, 192, -1,
      192, 190, 193, -1,
      78, 49, 79, -1,
      79, 49, 48, -1,
      11, 49, 27, -1,
      27, 49, 78, -1,
      181, 106, 187, -1,
      187, 106, 27, -1,
      187, 27, 189, -1,
      189, 27, 78, -1,
      189, 78, 185, -1,
      185, 78, 77, -1,
      79, 48, 36, -1,
      105, 166, 192, -1,
      193, 162, 80, -1,
      80, 79, 193, -1,
      193, 79, 36, -1,
      193, 36, 192, -1,
      192, 36, 28, -1,
      192, 28, 105, -1,
      68, 194, 69, -1,
      69, 194, 195, -1,
      108, 107, 196, -1,
      196, 107, 197, -1,
      198, 108, 199, -1,
      199, 108, 196, -1,
      199, 196, 195, -1,
      195, 196, 200, -1,
      195, 200, 69, -1,
      69, 200, 201, -1,
      202, 196, 203, -1,
      203, 196, 197, -1,
      200, 204, 201, -1,
      201, 204, 205, -1,
      205, 204, 203, -1,
      203, 204, 202, -1,
      72, 206, 73, -1,
      73, 206, 207, -1,
      110, 111, 208, -1,
      208, 111, 209, -1,
      210, 110, 211, -1,
      211, 110, 208, -1,
      211, 208, 207, -1,
      207, 208, 212, -1,
      207, 212, 73, -1,
      73, 212, 213, -1,
      214, 215, 207, -1,
      207, 215, 211, -1,
      210, 211, 216, -1,
      216, 211, 215, -1,
      202, 204, 196, -1,
      196, 204, 200, -1,
      217, 214, 206, -1,
      206, 214, 207, -1,
      215, 214, 216, -1,
      216, 214, 217, -1,
      70, 54, 71, -1,
      71, 54, 57, -1,
      8, 54, 19, -1,
      19, 54, 70, -1,
      197, 107, 203, -1,
      203, 107, 19, -1,
      203, 19, 205, -1,
      205, 19, 70, -1,
      205, 70, 201, -1,
      201, 70, 69, -1,
      71, 57, 33, -1,
      110, 210, 216, -1,
      217, 206, 72, -1,
      72, 71, 217, -1,
      217, 71, 33, -1,
      217, 33, 216, -1,
      216, 33, 20, -1,
      216, 20, 110, -1,
      218, 208, 219, -1,
      219, 208, 209, -1,
      212, 220, 213, -1,
      213, 220, 221, -1,
      221, 220, 219, -1,
      219, 220, 218, -1,
      222, 223, 179, -1,
      179, 223, 183, -1,
      182, 183, 224, -1,
      224, 183, 223, -1,
      218, 220, 208, -1,
      208, 220, 212, -1,
      225, 222, 178, -1,
      178, 222, 179, -1,
      223, 222, 224, -1,
      224, 222, 225, -1,
      74, 53, 75, -1,
      75, 53, 52, -1,
      32, 53, 31, -1,
      31, 53, 74, -1,
      209, 111, 219, -1,
      219, 111, 31, -1,
      219, 31, 221, -1,
      221, 31, 74, -1,
      221, 74, 213, -1,
      213, 74, 73, -1,
      75, 52, 10, -1,
      109, 182, 224, -1,
      225, 178, 76, -1,
      76, 75, 225, -1,
      225, 75, 10, -1,
      225, 10, 224, -1,
      224, 10, 9, -1,
      224, 9, 109, -1,
      64, 226, 65, -1,
      65, 226, 227, -1,
      112, 113, 228, -1,
      228, 113, 229, -1,
      230, 112, 231, -1,
      231, 112, 228, -1,
      231, 228, 227, -1,
      227, 228, 232, -1,
      227, 232, 65, -1,
      65, 232, 233, -1,
      234, 228, 235, -1,
      235, 228, 229, -1,
      232, 236, 233, -1,
      233, 236, 237, -1,
      237, 236, 235, -1,
      235, 236, 234, -1,
      238, 239, 195, -1,
      195, 239, 199, -1,
      198, 199, 240, -1,
      240, 199, 239, -1,
      234, 236, 228, -1,
      228, 236, 232, -1,
      241, 238, 194, -1,
      194, 238, 195, -1,
      239, 238, 240, -1,
      240, 238, 241, -1,
      66, 56, 67, -1,
      67, 56, 55, -1,
      25, 56, 24, -1,
      24, 56, 66, -1,
      229, 113, 235, -1,
      235, 113, 24, -1,
      235, 24, 237, -1,
      237, 24, 66, -1,
      237, 66, 233, -1,
      233, 66, 65, -1,
      67, 55, 7, -1,
      108, 198, 240, -1,
      241, 194, 68, -1,
      68, 67, 241, -1,
      241, 67, 7, -1,
      241, 7, 240, -1,
      240, 7, 6, -1,
      240, 6, 108, -1,
      242, 243, 61, -1,
      61, 60, 242, -1,
      242, 60, 97, -1,
      242, 97, 244, -1,
      244, 97, 96, -1,
      244, 96, 245, -1,
      246, 244, 247, -1,
      247, 244, 245, -1,
      242, 248, 243, -1,
      243, 248, 249, -1,
      249, 248, 247, -1,
      247, 248, 246, -1,
      250, 251, 227, -1,
      227, 251, 231, -1,
      230, 231, 252, -1,
      252, 231, 251, -1,
      246, 248, 244, -1,
      244, 248, 242, -1,
      253, 250, 226, -1,
      226, 250, 227, -1,
      251, 250, 252, -1,
      252, 250, 253, -1,
      62, 58, 63, -1,
      63, 58, 59, -1,
      21, 58, 22, -1,
      22, 58, 62, -1,
      245, 96, 247, -1,
      247, 96, 22, -1,
      247, 22, 249, -1,
      249, 22, 62, -1,
      249, 62, 243, -1,
      243, 62, 61, -1,
      63, 59, 26, -1,
      112, 230, 252, -1,
      253, 226, 64, -1,
      64, 63, 253, -1,
      253, 63, 26, -1,
      253, 26, 252, -1,
      252, 26, 23, -1,
      252, 23, 112, -1,
    ]
  }
}

Shape {
  appearance Appearance {
    material Material {
      diffuseColor 0.7922 0.8196 0.9333
      specularColor 0.3961 0.4118 0.4667
      ambientIntensity 0.2
      transparency 0.0000
      shininess 0.5
    }
  }
  geometry IndexedFaceSet {
    ccw TRUE
    solid FALSE
    coord DEF co Coordinate {
      point [
        -0.567313 -0.412828 0.000000,
        -0.559120 -0.402593 0.000000,
        -0.302333 -0.393770 0.000000,
        -0.289610 -0.386927 0.000000,
        -0.262118 -0.391855 0.000000,
        -0.253644 -0.391855 0.000000,
        -0.570166 -0.402593 0.000000,
        -0.277408 -0.375888 0.000000,
        -0.271178 -0.367527 0.000000,
        -0.266144 -0.358467 0.000000,
        -0.245172 -0.171054 0.000000,
        -0.253644 -0.240683 0.000000,
        -0.254232 -0.171557 0.000000,
        -0.264383 -0.240683 0.000000,
        -0.318744 -0.398063 0.000000,
        -0.326569 -0.398006 0.000000,
        -0.542398 -0.381704 0.000000,
        -0.384309 -0.336994 0.000000,
        -0.370440 -0.366544 0.000000,
        -0.358435 -0.380909 0.000000,
        -0.343263 -0.392216 0.000000,
        -0.334776 -0.396307 0.000000,
        -0.350505 -0.066201 0.000000,
        -0.342255 -0.058403 0.000000,
        -0.260670 -0.117717 0.000000,
        -0.550871 -0.057214 0.000000,
        -0.398410 -0.166530 0.000000,
        -0.550871 -0.345967 0.000000,
        -0.398021 -0.275246 0.000000,
        -0.550709 -0.352941 0.000000,
        -0.548415 -0.369034 0.000000,
        -0.362135 -0.082851 0.000000,
        -0.318744 -0.050419 0.000000,
        -0.268529 -0.085196 0.000000,
        -0.275763 -0.071720 0.000000,
        -0.314214 -0.379439 0.000000,
        -0.326058 -0.378710 0.000000,
        -0.336092 -0.375250 0.000000,
        -0.378006 -0.306621 0.000000,
        -0.308192 -0.378253 0.000000,
        -0.364914 -0.344409 0.000000,
        -0.355121 -0.359870 0.000000,
        -0.382791 -0.278645 0.000000,
        -0.257084 -0.141608 0.000000,
        -0.385018 -0.187413 0.000000,
        -0.371007 -0.106498 0.000000,
        -0.334926 -0.053817 0.000000,
        -0.327574 -0.051360 0.000000,
        -0.305905 -0.051434 0.000000,
        -0.293664 -0.055981 0.000000,
        -0.283768 -0.062754 0.000000,
        -0.269168 -0.320413 0.000000,
        -0.276265 -0.346208 0.000000,
        -0.283817 -0.360751 0.000000,
        -0.345696 -0.369284 0.000000,
        -0.290770 -0.368835 0.000000,
        -0.299683 -0.375039 0.000000,
        -0.522600 -0.038506 0.000000,
        -0.546341 -0.036241 0.000000,
        -0.566045 -0.375353 0.000000,
        -0.565635 -0.347728 0.000000,
        -0.566298 -0.034865 0.000000,
        -0.566882 -0.035378 0.000000,
        -0.567567 -0.036281 0.000000,
        -0.568366 -0.037800 0.000000,
        -0.568663 -0.039128 0.000000,
        -0.568533 -0.042455 0.000000,
        -0.565635 -0.092867 0.000000,
        -0.566796 -0.058583 0.000000,
        -0.566726 -0.059479 0.000000,
        -0.249560 -0.103187 0.000000,
        -0.559428 -0.035150 0.000000,
        -0.563380 -0.034237 0.000000,
        -0.564773 -0.034296 0.000000,
        -0.565640 -0.034522 0.000000,
        -0.507283 -0.060791 0.000000,
        -0.468994 -0.073049 0.000000,
        -0.486513 -0.064051 0.000000,
        -0.474765 -0.068125 0.000000,
        -0.479089 -0.065869 0.000000,
        -0.447152 -0.056754 0.000000,
        -0.445237 -0.054807 0.000000,
        -0.391312 -0.120900 0.000000,
        -0.265625 -0.058534 0.000000,
        -0.275333 -0.046860 0.000000,
        -0.256413 -0.076763 0.000000,
        -0.375724 -0.075079 0.000000,
        -0.287807 -0.038067 0.000000,
        -0.342449 -0.037744 0.000000,
        -0.443322 -0.048741 0.000000,
        -0.327109 -0.032531 0.000000,
        -0.443987 -0.047454 0.000000,
        -0.444481 -0.046912 0.000000,
        -0.353936 -0.044868 0.000000,
        -0.363573 -0.054977 0.000000,
        -0.443598 -0.050807 0.000000,
        -0.444354 -0.053322 0.000000,
        -0.466560 -0.074160 0.000000,
        -0.453358 -0.062497 0.000000,
        -0.301513 -0.032967 0.000000,
        -0.310858 -0.031711 0.000000,
        -0.447982 -0.045602 0.000000,
        -0.456353 -0.045569 0.000000,
        -0.479816 -0.042338 0.000000,
        -0.445322 -0.046354 0.000000,
        -0.446813 -0.045800 0.000000,
        -0.489659 -0.041286 0.000000,
        -0.197876 -0.380013 0.000000,
        -0.197893 -0.381199 0.000000,
        -0.195888 -0.372509 0.000000,
        -0.197157 -0.375048 0.000000,
        -0.197828 -0.378890 0.000000,
        -0.197761 -0.377320 0.000000,
        -0.002297 -0.379108 -0.000000,
        -0.001823 -0.380093 -0.000000,
        -0.073950 -0.400328 0.000000,
        0.372069 -0.080180 -0.000000,
        0.372669 -0.079179 -0.000000,
        0.372940 -0.078328 -0.000000,
        0.373016 -0.077040 -0.000000,
        -0.183847 -0.084394 0.000000,
        -0.188965 -0.044714 0.000000,
        -0.183847 -0.073656 0.000000,
        -0.185302 -0.058984 0.000000,
        -0.197795 -0.381569 0.000000,
        -0.197620 -0.381888 0.000000,
        -0.197287 -0.382249 0.000000,
        -0.167405 -0.233301 0.000000,
        -0.119839 -0.239509 0.000000,
        -0.167405 -0.357879 0.000000,
        -0.100206 -0.243495 0.000000,
        -0.002124 -0.374325 -0.000000,
        -0.002595 -0.376010 -0.000000,
        -0.057728 -0.374805 0.000000,
        -0.193571 -0.369447 0.000000,
        -0.189933 -0.364924 0.000000,
        -0.196704 -0.382637 0.000000,
        -0.195891 -0.382933 0.000000,
        -0.194856 -0.383038 0.000000,
        -0.087638 -0.247957 0.000000,
        -0.081920 -0.251422 0.000000,
        -0.096097 -0.369792 0.000000,
        -0.076802 -0.254274 0.000000,
        -0.082752 -0.371416 0.000000,
        -0.057838 -0.232706 0.000000,
        -0.057962 -0.231688 0.000000,
        -0.062121 -0.080452 0.000000,
        -0.058312 -0.230767 0.000000,
        -0.002226 -0.057146 -0.000000,
        -0.002146 -0.057673 -0.000000,
        0.025780 -0.030781 -0.000000,
        0.025293 -0.030620 -0.000000,
        0.107407 -0.391313 -0.000000,
        0.120556 -0.388014 -0.000000,
        0.283189 -0.402593 -0.000000,
        -0.187191 -0.035287 0.000000,
        -0.188056 -0.036355 0.000000,
        -0.188789 -0.037928 0.000000,
        -0.189227 -0.040140 0.000000,
        -0.188968 -0.044685 0.000000,
        0.353307 -0.133639 -0.000000,
        0.346512 -0.161994 -0.000000,
        0.292076 -0.402593 -0.000000,
        -0.192907 -0.382795 0.000000,
        -0.182169 -0.381117 0.000000,
        -0.172545 -0.379932 0.000000,
        -0.058922 -0.229857 0.000000,
        -0.059770 -0.229085 0.000000,
        -0.060456 -0.228686 0.000000,
        -0.002176 -0.056634 -0.000000,
        -0.058817 -0.374463 0.000000,
        -0.060359 -0.374322 0.000000,
        -0.069420 -0.373148 0.000000,
        0.089806 -0.392443 -0.000000,
        -0.183847 -0.357879 0.000000,
        -0.183260 -0.098572 0.000000,
        -0.183502 -0.091482 0.000000,
        -0.167405 -0.213503 0.000000,
        -0.167405 -0.060066 0.000000,
        -0.083010 -0.071894 0.000000,
        -0.056499 -0.381520 0.000000,
        -0.055824 -0.380163 0.000000,
        -0.002639 -0.377537 -0.000000,
        0.121177 -0.052336 -0.000000,
        0.114113 -0.048834 -0.000000,
        0.130796 -0.059856 -0.000000,
        0.213224 -0.017852 -0.000000,
        0.212933 -0.018054 -0.000000,
        0.130385 -0.382913 -0.000000,
        0.138943 -0.375566 -0.000000,
        0.147909 -0.363323 -0.000000,
        0.368356 -0.024756 -0.000000,
        0.368024 -0.022637 -0.000000,
        0.356317 -0.120240 -0.000000,
        0.360102 -0.107045 -0.000000,
        0.364045 -0.096307 -0.000000,
        0.367681 -0.086143 -0.000000,
        0.370074 -0.082579 -0.000000,
        -0.162874 -0.379943 0.000000,
        -0.161197 -0.379943 0.000000,
        -0.150104 -0.380136 0.000000,
        -0.139133 -0.381704 0.000000,
        -0.116986 -0.385647 0.000000,
        -0.097484 -0.389593 0.000000,
        -0.061533 -0.228334 0.000000,
        -0.063212 -0.228184 0.000000,
        -0.067155 -0.077599 0.000000,
        -0.074823 -0.074019 0.000000,
        -0.057591 -0.383382 0.000000,
        -0.055454 -0.379138 0.000000,
        -0.055327 -0.378307 0.000000,
        -0.055398 -0.377528 0.000000,
        -0.055660 -0.376757 0.000000,
        -0.056113 -0.376047 0.000000,
        -0.056751 -0.375414 0.000000,
        -0.001111 -0.059674 -0.000000,
        -0.000811 -0.059897 -0.000000,
        -0.000337 -0.060093 -0.000000,
        -0.000183 -0.060134 -0.000000,
        0.000987 -0.060261 -0.000000,
        0.003230 -0.060066 -0.000000,
        0.011116 -0.060066 -0.000000,
        0.020176 -0.060066 -0.000000,
        0.363331 -0.020083 -0.000000,
        0.248024 -0.164259 -0.000000,
        0.363876 -0.019367 -0.000000,
        0.229904 -0.079864 -0.000000,
        0.364364 -0.018970 -0.000000,
        0.023249 -0.030920 -0.000000,
        -0.044167 -0.059557 0.000000,
        -0.043959 -0.058413 0.000000,
        0.368576 -0.027768 -0.000000,
        0.369750 -0.037415 -0.000000,
        0.372015 -0.062834 -0.000000,
        0.372374 -0.068948 -0.000000,
        0.372531 -0.071282 -0.000000,
        -0.081849 -0.395287 0.000000,
        -0.079067 -0.396972 0.000000,
        0.012793 -0.360731 -0.000000,
        0.016385 -0.358578 -0.000000,
        0.020176 -0.356789 -0.000000,
        0.002643 -0.369205 -0.000000,
        0.000239 -0.371120 -0.000000,
        -0.001224 -0.372742 -0.000000,
        -0.060359 -0.237831 0.000000,
        -0.059155 -0.236236 0.000000,
        -0.058404 -0.234937 0.000000,
        -0.057968 -0.233716 0.000000,
        -0.001391 -0.059329 -0.000000,
        -0.001634 -0.058897 -0.000000,
        0.366579 -0.018945 -0.000000,
        0.366137 -0.018720 -0.000000,
        0.365723 -0.018624 -0.000000,
        0.214778 -0.017969 -0.000000,
        0.214255 -0.017775 -0.000000,
        0.213835 -0.017718 -0.000000,
        0.213479 -0.017755 -0.000000,
        0.140429 -0.071515 -0.000000,
        0.206485 -0.069302 -0.000000,
        0.151950 -0.092237 -0.000000,
        0.206720 -0.074473 -0.000000,
        0.207912 -0.077915 -0.000000,
        -0.046266 -0.062834 0.000000,
        -0.044703 -0.060767 0.000000,
        -0.044011 -0.057406 0.000000,
        -0.044341 -0.056322 0.000000,
        -0.044907 -0.055217 0.000000,
        0.024004 -0.030676 -0.000000,
        -0.049622 -0.053774 0.000000,
        -0.058094 -0.053271 0.000000,
        -0.048164 -0.053843 0.000000,
        -0.100973 -0.048007 0.000000,
        -0.143663 -0.041358 0.000000,
        -0.000908 -0.054261 -0.000000,
        -0.001573 -0.055248 -0.000000,
        -0.001978 -0.056020 -0.000000,
        0.367754 -0.021186 -0.000000,
        0.367511 -0.020290 -0.000000,
        0.367234 -0.019667 -0.000000,
        0.366928 -0.019243 -0.000000,
        0.217211 -0.021238 -0.000000,
        0.216550 -0.019881 -0.000000,
        0.365287 -0.018629 -0.000000,
        0.215939 -0.018962 -0.000000,
        0.215342 -0.018344 -0.000000,
        0.362722 -0.021444 -0.000000,
        0.362367 -0.022650 -0.000000,
        0.325036 -0.182883 -0.000000,
        0.358424 -0.045301 -0.000000,
        0.212549 -0.018488 -0.000000,
        0.211970 -0.019531 -0.000000,
        0.211605 -0.020871 -0.000000,
        0.210823 -0.026875 -0.000000,
        0.026676 -0.380830 -0.000000,
        0.031501 -0.381704 -0.000000,
        0.156187 -0.343354 -0.000000,
        0.165384 -0.285252 -0.000000,
        0.225373 -0.134813 -0.000000,
        0.168579 -0.196473 -0.000000,
        0.219187 -0.109709 -0.000000,
        0.162576 -0.128550 -0.000000,
        0.211783 -0.084981 -0.000000,
        0.208931 -0.079864 -0.000000,
        0.364842 -0.018737 -0.000000,
        0.221346 -0.036828 -0.000000,
        0.217991 -0.023238 -0.000000,
        0.098974 -0.044970 -0.000000,
        0.067742 -0.040771 -0.000000,
        0.042826 -0.037919 -0.000000,
        0.210021 -0.034563 -0.000000,
        0.207253 -0.058304 -0.000000,
        0.043414 -0.382795 -0.000000,
        0.064890 -0.389003 -0.000000,
        0.077251 -0.391411 -0.000000,
        0.033576 -0.035443 -0.000000,
        0.027625 -0.031858 -0.000000,
        0.021341 -0.032110 -0.000000,
        0.013480 -0.038822 -0.000000,
        0.008263 -0.044211 -0.000000,
        -0.001046 -0.381003 -0.000000,
        -0.000210 -0.381704 -0.000000,
        0.010025 -0.379943 -0.000000,
        0.021854 -0.379943 -0.000000,
        -0.182320 -0.033347 0.000000,
        -0.184316 -0.033663 0.000000,
        -0.185877 -0.034313 0.000000,
        0.001468 -0.051509 -0.000000,
        0.000059 -0.053053 -0.000000,
        -0.045276 -0.054750 0.000000,
        -0.045672 -0.054443 0.000000,
        -0.046306 -0.054167 0.000000,
        -0.169670 -0.036828 0.000000,
        -0.175863 -0.034540 0.000000,
        -0.179604 -0.033541 0.000000,
        0.283678 -0.404858 -0.000000,
        0.291563 -0.404858 -0.000000,
        -0.571256 -0.408298 0.000000,
        0.229904 -0.079864 0.003937,
        0.248024 -0.164259 0.003937,
        0.221346 -0.036828 0.003937,
        0.217991 -0.023238 0.003937,
        0.210021 -0.034563 0.003937,
        0.210823 -0.026875 0.003937,
        0.211605 -0.020871 0.003937,
        0.211970 -0.019531 0.003937,
        0.212549 -0.018488 0.003937,
        0.212933 -0.018054 0.003937,
        0.213224 -0.017852 0.003937,
        0.213479 -0.017755 0.003937,
        0.213835 -0.017718 0.003937,
        0.214255 -0.017775 0.003937,
        0.214778 -0.017969 0.003937,
        0.215342 -0.018344 0.003937,
        0.215939 -0.018962 0.003937,
        0.216550 -0.019881 0.003937,
        0.217211 -0.021238 0.003937,
        0.207253 -0.058304 0.003937,
        0.208931 -0.079864 0.003937,
        0.207912 -0.077915 0.003937,
        0.206720 -0.074473 0.003937,
        0.206485 -0.069302 0.003937,
        0.211783 -0.084981 0.003937,
        0.225373 -0.134813 0.003937,
        0.219187 -0.109709 0.003937,
        0.283678 -0.404858 0.003937,
        0.291563 -0.404858 0.003937,
        0.346512 -0.161994 0.003937,
        0.353307 -0.133639 0.003937,
        0.360102 -0.107045 0.003937,
        0.356317 -0.120240 0.003937,
        0.364045 -0.096307 0.003937,
        0.372015 -0.062834 0.003937,
        0.372374 -0.068948 0.003937,
        0.372531 -0.071282 0.003937,
        0.373016 -0.077040 0.003937,
        0.372940 -0.078328 0.003937,
        0.372669 -0.079179 0.003937,
        0.372069 -0.080180 0.003937,
        0.370074 -0.082579 0.003937,
        0.367681 -0.086143 0.003937,
        0.369750 -0.037415 0.003937,
        0.368576 -0.027768 0.003937,
        0.362367 -0.022650 0.003937,
        0.362722 -0.021444 0.003937,
        0.363331 -0.020083 0.003937,
        0.363876 -0.019367 0.003937,
        0.364364 -0.018970 0.003937,
        0.364842 -0.018737 0.003937,
        0.365287 -0.018629 0.003937,
        0.365723 -0.018624 0.003937,
        0.366137 -0.018720 0.003937,
        0.366579 -0.018945 0.003937,
        0.366928 -0.019243 0.003937,
        0.367234 -0.019667 0.003937,
        0.367511 -0.020290 0.003937,
        0.367754 -0.021186 0.003937,
        0.368024 -0.022637 0.003937,
        0.368356 -0.024756 0.003937,
        0.358424 -0.045301 0.003937,
        0.325036 -0.182883 0.003937,
        0.287620 -0.350497 0.003937,
        0.250793 -0.184057 0.003937,
        0.323861 -0.191439 0.003937,
        0.308593 -0.206120 0.003937,
        0.294416 -0.196473 0.003937,
        0.289191 -0.193730 0.003937,
        0.273085 -0.188709 0.003937,
        0.250793 -0.184057 -0.000000,
        0.287620 -0.350497 -0.000000,
        0.294416 -0.196473 -0.000000,
        0.289191 -0.193730 -0.000000,
        0.273085 -0.188709 -0.000000,
        0.308593 -0.206120 -0.000000,
        0.323861 -0.191439 -0.000000,
        0.002643 -0.369205 0.003937,
        0.012793 -0.360731 0.003937,
        -0.000210 -0.381704 0.003937,
        -0.001046 -0.381003 0.003937,
        -0.001823 -0.380093 0.003937,
        -0.002297 -0.379108 0.003937,
        -0.002639 -0.377537 0.003937,
        -0.002595 -0.376010 0.003937,
        -0.002124 -0.374325 0.003937,
        -0.001224 -0.372742 0.003937,
        0.000239 -0.371120 0.003937,
        0.010025 -0.379943 0.003937,
        0.021854 -0.379943 0.003937,
        0.031501 -0.381704 0.003937,
        0.026676 -0.380830 0.003937,
        0.043414 -0.382795 0.003937,
        0.064890 -0.389003 0.003937,
        0.089806 -0.392443 0.003937,
        0.077251 -0.391411 0.003937,
        0.168579 -0.196473 0.003937,
        0.165384 -0.285252 0.003937,
        0.156187 -0.343354 0.003937,
        0.147909 -0.363323 0.003937,
        0.138943 -0.375566 0.003937,
        0.130385 -0.382913 0.003937,
        0.120556 -0.388014 0.003937,
        0.107407 -0.391313 0.003937,
        0.067742 -0.040771 0.003937,
        0.098974 -0.044970 0.003937,
        0.114113 -0.048834 0.003937,
        0.121177 -0.052336 0.003937,
        0.130796 -0.059856 0.003937,
        0.140429 -0.071515 0.003937,
        0.151950 -0.092237 0.003937,
        0.162576 -0.128550 0.003937,
        0.042826 -0.037919 0.003937,
        0.025293 -0.030620 0.003937,
        0.025780 -0.030781 0.003937,
        0.027625 -0.031858 0.003937,
        0.033576 -0.035443 0.003937,
        0.008263 -0.044211 0.003937,
        0.013480 -0.038822 0.003937,
        0.021341 -0.032110 0.003937,
        0.023249 -0.030920 0.003937,
        0.024004 -0.030676 0.003937,
        0.001468 -0.051509 0.003937,
        0.003230 -0.060066 0.003937,
        0.000987 -0.060261 0.003937,
        -0.000183 -0.060134 0.003937,
        -0.000337 -0.060093 0.003937,
        -0.000811 -0.059897 0.003937,
        -0.001111 -0.059674 0.003937,
        -0.001391 -0.059329 0.003937,
        -0.001634 -0.058897 0.003937,
        -0.002146 -0.057673 0.003937,
        -0.002226 -0.057146 0.003937,
        -0.002176 -0.056634 0.003937,
        -0.001978 -0.056020 0.003937,
        -0.001573 -0.055248 0.003937,
        -0.000908 -0.054261 0.003937,
        0.000059 -0.053053 0.003937,
        0.011116 -0.060066 0.003937,
        0.020176 -0.060066 0.003937,
        0.020176 -0.356789 0.003937,
        0.016385 -0.358578 0.003937,
        0.036031 -0.360731 0.003937,
        0.036031 -0.061157 0.003937,
        0.108556 -0.069492 0.003937,
        0.095905 -0.066293 0.003937,
        0.078480 -0.064009 0.003937,
        0.053565 -0.061157 0.003937,
        0.044799 -0.060905 0.003937,
        0.046769 -0.365262 0.003937,
        0.070875 -0.370749 0.003937,
        0.095510 -0.372644 0.003937,
        0.109420 -0.370053 0.003937,
        0.117701 -0.073526 0.003937,
        0.124541 -0.078944 0.003937,
        0.131008 -0.087230 0.003937,
        0.142802 -0.114113 0.003937,
        0.120839 -0.365756 0.003937,
        0.127400 -0.361145 0.003937,
        0.134731 -0.352557 0.003937,
        0.141099 -0.340357 0.003937,
        0.146104 -0.323271 0.003937,
        0.152724 -0.246304 0.003937,
        0.152051 -0.171381 0.003937,
        0.078480 -0.064009 -0.000000,
        0.053565 -0.061157 -0.000000,
        0.152724 -0.246304 -0.000000,
        0.152051 -0.171381 -0.000000,
        0.142802 -0.114113 -0.000000,
        0.131008 -0.087230 -0.000000,
        0.124541 -0.078944 -0.000000,
        0.117701 -0.073526 -0.000000,
        0.108556 -0.069492 -0.000000,
        0.095905 -0.066293 -0.000000,
        0.095510 -0.372644 -0.000000,
        0.109420 -0.370053 -0.000000,
        0.120839 -0.365756 -0.000000,
        0.127400 -0.361145 -0.000000,
        0.134731 -0.352557 -0.000000,
        0.141099 -0.340357 -0.000000,
        0.146104 -0.323271 -0.000000,
        0.046769 -0.365262 -0.000000,
        0.070875 -0.370749 -0.000000,
        0.036031 -0.360731 -0.000000,
        0.036031 -0.061157 -0.000000,
        0.044799 -0.060905 -0.000000,
        -0.119839 -0.239509 0.003937,
        -0.167405 -0.233301 0.003937,
        -0.081920 -0.251422 0.003937,
        -0.087638 -0.247957 0.003937,
        -0.100206 -0.243495 0.003937,
        -0.076802 -0.254274 0.003937,
        -0.060359 -0.237831 0.003937,
        -0.063212 -0.228184 0.003937,
        -0.061533 -0.228334 0.003937,
        -0.060456 -0.228686 0.003937,
        -0.059770 -0.229085 0.003937,
        -0.058922 -0.229857 0.003937,
        -0.058312 -0.230767 0.003937,
        -0.057962 -0.231688 0.003937,
        -0.057838 -0.232706 0.003937,
        -0.057968 -0.233716 0.003937,
        -0.058404 -0.234937 0.003937,
        -0.059155 -0.236236 0.003937,
        -0.167405 -0.213503 0.003937,
        -0.167405 -0.060066 0.003937,
        -0.083010 -0.071894 0.003937,
        -0.067155 -0.077599 0.003937,
        -0.074823 -0.074019 0.003937,
        -0.062121 -0.080452 0.003937,
        -0.046266 -0.062834 0.003937,
        -0.049622 -0.053774 0.003937,
        -0.048164 -0.053843 0.003937,
        -0.046306 -0.054167 0.003937,
        -0.045672 -0.054443 0.003937,
        -0.045276 -0.054750 0.003937,
        -0.044907 -0.055217 0.003937,
        -0.044341 -0.056322 0.003937,
        -0.044011 -0.057406 0.003937,
        -0.043959 -0.058413 0.003937,
        -0.044167 -0.059557 0.003937,
        -0.044703 -0.060767 0.003937,
        -0.058094 -0.053271 0.003937,
        -0.143663 -0.041358 0.003937,
        -0.100973 -0.048007 0.003937,
        -0.169670 -0.036828 0.003937,
        -0.188965 -0.044714 0.003937,
        -0.188968 -0.044685 0.003937,
        -0.189227 -0.040140 0.003937,
        -0.188789 -0.037928 0.003937,
        -0.188056 -0.036355 0.003937,
        -0.187191 -0.035287 0.003937,
        -0.185877 -0.034313 0.003937,
        -0.184316 -0.033663 0.003937,
        -0.182320 -0.033347 0.003937,
        -0.179604 -0.033541 0.003937,
        -0.175863 -0.034540 0.003937,
        -0.183847 -0.073656 0.003937,
        -0.185302 -0.058984 0.003937,
        -0.183847 -0.084394 0.003937,
        -0.183260 -0.098572 0.003937,
        -0.183502 -0.091482 0.003937,
        -0.183847 -0.357879 0.003937,
        -0.192907 -0.382795 0.003937,
        -0.194856 -0.383038 0.003937,
        -0.195891 -0.382933 0.003937,
        -0.196704 -0.382637 0.003937,
        -0.197287 -0.382249 0.003937,
        -0.197620 -0.381888 0.003937,
        -0.197795 -0.381569 0.003937,
        -0.197893 -0.381199 0.003937,
        -0.197876 -0.380013 0.003937,
        -0.197828 -0.378890 0.003937,
        -0.197761 -0.377320 0.003937,
        -0.197157 -0.375048 0.003937,
        -0.195888 -0.372509 0.003937,
        -0.193571 -0.369447 0.003937,
        -0.189933 -0.364924 0.003937,
        -0.182169 -0.381117 0.003937,
        -0.162874 -0.379943 0.003937,
        -0.172545 -0.379932 0.003937,
        -0.161197 -0.379943 0.003937,
        -0.139133 -0.381704 0.003937,
        -0.150104 -0.380136 0.003937,
        -0.116986 -0.385647 0.003937,
        -0.079067 -0.396972 0.003937,
        -0.081849 -0.395287 0.003937,
        -0.097484 -0.389593 0.003937,
        -0.073950 -0.400328 0.003937,
        -0.057591 -0.383382 0.003937,
        -0.060359 -0.374322 0.003937,
        -0.058817 -0.374463 0.003937,
        -0.057728 -0.374805 0.003937,
        -0.056751 -0.375414 0.003937,
        -0.056113 -0.376047 0.003937,
        -0.055660 -0.376757 0.003937,
        -0.055398 -0.377528 0.003937,
        -0.055327 -0.378307 0.003937,
        -0.055454 -0.379138 0.003937,
        -0.055824 -0.380163 0.003937,
        -0.056499 -0.381520 0.003937,
        -0.069420 -0.373148 0.003937,
        -0.096097 -0.369792 0.003937,
        -0.082752 -0.371416 0.003937,
        -0.167405 -0.357879 0.003937,
        -0.253644 -0.391855 0.003937,
        -0.262118 -0.391855 0.003937,
        -0.253644 -0.240683 0.003937,
        -0.264383 -0.240683 0.003937,
        -0.314214 -0.379439 0.003937,
        -0.308192 -0.378253 0.003937,
        -0.299683 -0.375039 0.003937,
        -0.290770 -0.368835 0.003937,
        -0.283817 -0.360751 0.003937,
        -0.276265 -0.346208 0.003937,
        -0.269168 -0.320413 0.003937,
        -0.385018 -0.187413 0.003937,
        -0.382791 -0.278645 0.003937,
        -0.378006 -0.306621 0.003937,
        -0.364914 -0.344409 0.003937,
        -0.355121 -0.359870 0.003937,
        -0.345696 -0.369284 0.003937,
        -0.336092 -0.375250 0.003937,
        -0.326058 -0.378710 0.003937,
        -0.318744 -0.050419 0.003937,
        -0.327574 -0.051360 0.003937,
        -0.334926 -0.053817 0.003937,
        -0.342255 -0.058403 0.003937,
        -0.350505 -0.066201 0.003937,
        -0.362135 -0.082851 0.003937,
        -0.371007 -0.106498 0.003937,
        -0.257084 -0.141608 0.003937,
        -0.260670 -0.117717 0.003937,
        -0.268529 -0.085196 0.003937,
        -0.275763 -0.071720 0.003937,
        -0.283768 -0.062754 0.003937,
        -0.293664 -0.055981 0.003937,
        -0.305905 -0.051434 0.003937,
        -0.254232 -0.171557 0.003937,
        -0.245172 -0.171054 0.003937,
        -0.310858 -0.031711 0.003937,
        -0.301513 -0.032967 0.003937,
        -0.287807 -0.038067 0.003937,
        -0.275333 -0.046860 0.003937,
        -0.265625 -0.058534 0.003937,
        -0.256413 -0.076763 0.003937,
        -0.249560 -0.103187 0.003937,
        -0.398021 -0.275246 0.003937,
        -0.398410 -0.166530 0.003937,
        -0.391312 -0.120900 0.003937,
        -0.375724 -0.075079 0.003937,
        -0.363573 -0.054977 0.003937,
        -0.353936 -0.044868 0.003937,
        -0.342449 -0.037744 0.003937,
        -0.327109 -0.032531 0.003937,
        -0.318744 -0.398063 0.003937,
        -0.326569 -0.398006 0.003937,
        -0.334776 -0.396307 0.003937,
        -0.343263 -0.392216 0.003937,
        -0.358435 -0.380909 0.003937,
        -0.370440 -0.366544 0.003937,
        -0.384309 -0.336994 0.003937,
        -0.271178 -0.367527 0.003937,
        -0.277408 -0.375888 0.003937,
        -0.289610 -0.386927 0.003937,
        -0.302333 -0.393770 0.003937,
        -0.266144 -0.358467 0.003937,
        -0.567313 -0.412828 0.003937,
        -0.542398 -0.381704 0.003937,
        -0.550871 -0.345967 0.003937,
        -0.550709 -0.352941 0.003937,
        -0.548415 -0.369034 0.003937,
        -0.550871 -0.057214 0.003937,
        -0.466560 -0.074160 0.003937,
        -0.468994 -0.073049 0.003937,
        -0.474765 -0.068125 0.003937,
        -0.479089 -0.065869 0.003937,
        -0.486513 -0.064051 0.003937,
        -0.507283 -0.060791 0.003937,
        -0.443322 -0.048741 0.003937,
        -0.443598 -0.050807 0.003937,
        -0.444354 -0.053322 0.003937,
        -0.445237 -0.054807 0.003937,
        -0.447152 -0.056754 0.003937,
        -0.453358 -0.062497 0.003937,
        -0.522600 -0.038506 0.003937,
        -0.489659 -0.041286 0.003937,
        -0.479816 -0.042338 0.003937,
        -0.456353 -0.045569 0.003937,
        -0.447982 -0.045602 0.003937,
        -0.446813 -0.045800 0.003937,
        -0.445322 -0.046354 0.003937,
        -0.444481 -0.046912 0.003937,
        -0.443987 -0.047454 0.003937,
        -0.546341 -0.036241 0.003937,
        -0.559428 -0.035150 0.003937,
        -0.566726 -0.059479 0.003937,
        -0.566796 -0.058583 0.003937,
        -0.568533 -0.042455 0.003937,
        -0.568663 -0.039128 0.003937,
        -0.568366 -0.037800 0.003937,
        -0.567567 -0.036281 0.003937,
        -0.566882 -0.035378 0.003937,
        -0.566298 -0.034865 0.003937,
        -0.565640 -0.034522 0.003937,
        -0.564773 -0.034296 0.003937,
        -0.563380 -0.034237 0.003937,
        -0.565635 -0.092867 0.003937,
        -0.565635 -0.347728 0.003937,
        -0.570166 -0.402593 0.003937,
        -0.566045 -0.375353 0.003937,
        -0.571256 -0.408298 0.003937,
      ]
    }
    coordIndex [
      337, 226, 338, -1,
      338, 226, 224, -1,
      339, 304, 337, -1,
      337, 304, 226, -1,
      340, 305, 339, -1,
      339, 305, 304, -1,
      341, 309, 292, -1,
      341, 292, 342, -1,
      342, 292, 291, -1,
      342, 291, 343, -1,
      343, 291, 290, -1,
      343, 290, 344, -1,
      344, 290, 289, -1,
      344, 289, 345, -1,
      345, 289, 187, -1,
      345, 187, 346, -1,
      346, 187, 186, -1,
      346, 186, 347, -1,
      347, 186, 256, -1,
      347, 256, 348, -1,
      348, 256, 255, -1,
      348, 255, 349, -1,
      349, 255, 254, -1,
      349, 254, 350, -1,
      350, 254, 253, -1,
      350, 253, 351, -1,
      351, 253, 284, -1,
      351, 284, 352, -1,
      352, 284, 283, -1,
      352, 283, 353, -1,
      353, 283, 281, -1,
      353, 281, 354, -1,
      354, 281, 280, -1,
      354, 280, 355, -1,
      355, 280, 305, -1,
      355, 305, 340, -1,
      356, 310, 341, -1,
      341, 310, 309, -1,
      357, 302, 261, -1,
      357, 261, 358, -1,
      358, 261, 260, -1,
      358, 260, 359, -1,
      359, 260, 258, -1,
      359, 258, 360, -1,
      360, 258, 310, -1,
      360, 310, 356, -1,
      361, 301, 357, -1,
      357, 301, 302, -1,
      362, 297, 299, -1,
      362, 299, 363, -1,
      363, 299, 301, -1,
      363, 301, 361, -1,
      297, 362, 154, -1,
      154, 362, 364, -1,
      154, 364, 334, -1,
      365, 335, 364, -1,
      364, 335, 334, -1,
      366, 161, 365, -1,
      365, 161, 162, -1,
      365, 162, 335, -1,
      367, 160, 366, -1,
      366, 160, 161, -1,
      368, 194, 193, -1,
      368, 193, 369, -1,
      369, 193, 160, -1,
      369, 160, 367, -1,
      370, 195, 368, -1,
      368, 195, 194, -1,
      371, 233, 234, -1,
      371, 234, 372, -1,
      372, 234, 235, -1,
      372, 235, 373, -1,
      373, 235, 119, -1,
      373, 119, 374, -1,
      374, 119, 118, -1,
      374, 118, 375, -1,
      375, 118, 117, -1,
      375, 117, 376, -1,
      376, 117, 116, -1,
      376, 116, 377, -1,
      377, 116, 197, -1,
      377, 197, 378, -1,
      378, 197, 196, -1,
      378, 196, 379, -1,
      379, 196, 195, -1,
      379, 195, 370, -1,
      380, 232, 371, -1,
      371, 232, 233, -1,
      381, 231, 380, -1,
      380, 231, 232, -1,
      382, 286, 285, -1,
      382, 285, 383, -1,
      383, 285, 223, -1,
      383, 223, 384, -1,
      384, 223, 225, -1,
      384, 225, 385, -1,
      385, 225, 227, -1,
      385, 227, 386, -1,
      386, 227, 303, -1,
      386, 303, 387, -1,
      387, 303, 282, -1,
      387, 282, 388, -1,
      388, 282, 252, -1,
      388, 252, 389, -1,
      389, 252, 251, -1,
      389, 251, 390, -1,
      390, 251, 250, -1,
      390, 250, 391, -1,
      391, 250, 279, -1,
      391, 279, 392, -1,
      392, 279, 278, -1,
      392, 278, 393, -1,
      393, 278, 277, -1,
      393, 277, 394, -1,
      394, 277, 276, -1,
      394, 276, 395, -1,
      395, 276, 192, -1,
      395, 192, 396, -1,
      396, 192, 191, -1,
      396, 191, 397, -1,
      397, 191, 231, -1,
      397, 231, 381, -1,
      398, 288, 382, -1,
      382, 288, 286, -1,
      399, 287, 398, -1,
      398, 287, 288, -1,
      399, 338, 287, -1,
      287, 338, 224, -1,
      400, 364, 401, -1,
      401, 364, 362, -1,
      399, 402, 403, -1,
      378, 379, 398, -1,
      398, 379, 370, -1,
      403, 404, 399, -1,
      399, 404, 405, -1,
      399, 405, 338, -1,
      338, 405, 406, -1,
      363, 337, 362, -1,
      362, 337, 338, -1,
      362, 338, 401, -1,
      401, 338, 406, -1,
      370, 368, 398, -1,
      398, 368, 369, -1,
      398, 369, 399, -1,
      399, 369, 367, -1,
      399, 367, 402, -1,
      402, 367, 366, -1,
      402, 366, 400, -1,
      400, 366, 365, -1,
      400, 365, 364, -1,
      337, 356, 339, -1,
      339, 356, 341, -1,
      339, 341, 340, -1,
      340, 341, 342, -1,
      340, 342, 355, -1,
      396, 382, 395, -1,
      395, 382, 383, -1,
      395, 383, 394, -1,
      371, 372, 398, -1,
      398, 372, 373, -1,
      398, 373, 378, -1,
      378, 373, 374, -1,
      363, 361, 337, -1,
      337, 361, 357, -1,
      337, 357, 358, -1,
      355, 342, 354, -1,
      354, 342, 343, -1,
      354, 343, 353, -1,
      375, 376, 374, -1,
      374, 376, 377, -1,
      374, 377, 378, -1,
      358, 359, 337, -1,
      337, 359, 360, -1,
      337, 360, 356, -1,
      351, 352, 345, -1,
      396, 397, 382, -1,
      382, 397, 381, -1,
      382, 381, 398, -1,
      398, 381, 380, -1,
      398, 380, 371, -1,
      353, 343, 352, -1,
      352, 343, 344, -1,
      352, 344, 345, -1,
      385, 386, 393, -1,
      394, 383, 393, -1,
      393, 383, 384, -1,
      393, 384, 385, -1,
      391, 388, 390, -1,
      390, 388, 389, -1,
      386, 387, 393, -1,
      393, 387, 388, -1,
      393, 388, 392, -1,
      392, 388, 391, -1,
      351, 345, 350, -1,
      350, 345, 346, -1,
      350, 346, 349, -1,
      349, 346, 347, -1,
      349, 347, 348, -1,
      401, 407, 400, -1,
      400, 407, 408, -1,
      404, 409, 410, -1,
      404, 410, 405, -1,
      405, 410, 411, -1,
      405, 411, 406, -1,
      406, 411, 407, -1,
      406, 407, 401, -1,
      403, 412, 404, -1,
      404, 412, 409, -1,
      402, 413, 403, -1,
      403, 413, 412, -1,
      408, 413, 400, -1,
      400, 413, 402, -1,
      414, 241, 415, -1,
      415, 241, 238, -1,
      416, 320, 319, -1,
      416, 319, 417, -1,
      417, 319, 114, -1,
      417, 114, 418, -1,
      418, 114, 113, -1,
      418, 113, 419, -1,
      419, 113, 182, -1,
      419, 182, 420, -1,
      420, 182, 132, -1,
      420, 132, 421, -1,
      421, 132, 131, -1,
      421, 131, 422, -1,
      422, 131, 243, -1,
      422, 243, 423, -1,
      423, 243, 242, -1,
      423, 242, 424, -1,
      424, 242, 241, -1,
      424, 241, 414, -1,
      425, 321, 416, -1,
      416, 321, 320, -1,
      426, 322, 425, -1,
      425, 322, 321, -1,
      427, 294, 293, -1,
      427, 293, 428, -1,
      428, 293, 322, -1,
      428, 322, 426, -1,
      429, 311, 427, -1,
      427, 311, 294, -1,
      430, 312, 429, -1,
      429, 312, 311, -1,
      431, 173, 313, -1,
      431, 313, 432, -1,
      432, 313, 312, -1,
      432, 312, 430, -1,
      433, 298, 296, -1,
      433, 296, 434, -1,
      434, 296, 295, -1,
      434, 295, 435, -1,
      435, 295, 190, -1,
      435, 190, 436, -1,
      436, 190, 189, -1,
      436, 189, 437, -1,
      437, 189, 188, -1,
      437, 188, 438, -1,
      438, 188, 153, -1,
      438, 153, 439, -1,
      439, 153, 152, -1,
      439, 152, 440, -1,
      440, 152, 173, -1,
      440, 173, 431, -1,
      441, 307, 306, -1,
      441, 306, 442, -1,
      442, 306, 184, -1,
      442, 184, 443, -1,
      443, 184, 183, -1,
      443, 183, 444, -1,
      444, 183, 185, -1,
      444, 185, 445, -1,
      445, 185, 257, -1,
      445, 257, 446, -1,
      446, 257, 259, -1,
      446, 259, 447, -1,
      447, 259, 300, -1,
      447, 300, 448, -1,
      448, 300, 298, -1,
      448, 298, 433, -1,
      449, 308, 441, -1,
      441, 308, 307, -1,
      450, 151, 150, -1,
      450, 150, 451, -1,
      451, 150, 315, -1,
      451, 315, 452, -1,
      452, 315, 314, -1,
      452, 314, 453, -1,
      453, 314, 308, -1,
      453, 308, 449, -1,
      454, 318, 317, -1,
      454, 317, 455, -1,
      455, 317, 316, -1,
      455, 316, 456, -1,
      456, 316, 228, -1,
      456, 228, 457, -1,
      457, 228, 267, -1,
      457, 267, 458, -1,
      458, 267, 151, -1,
      458, 151, 450, -1,
      459, 326, 454, -1,
      454, 326, 318, -1,
      460, 220, 219, -1,
      460, 219, 461, -1,
      461, 219, 218, -1,
      461, 218, 462, -1,
      462, 218, 217, -1,
      462, 217, 463, -1,
      463, 217, 216, -1,
      463, 216, 464, -1,
      464, 216, 215, -1,
      464, 215, 465, -1,
      465, 215, 248, -1,
      465, 248, 466, -1,
      466, 248, 249, -1,
      466, 249, 467, -1,
      467, 249, 149, -1,
      467, 149, 468, -1,
      468, 149, 148, -1,
      468, 148, 469, -1,
      469, 148, 169, -1,
      469, 169, 470, -1,
      470, 169, 275, -1,
      470, 275, 471, -1,
      471, 275, 274, -1,
      471, 274, 472, -1,
      472, 274, 273, -1,
      472, 273, 473, -1,
      473, 273, 327, -1,
      473, 327, 474, -1,
      474, 327, 326, -1,
      474, 326, 459, -1,
      475, 221, 460, -1,
      460, 221, 220, -1,
      476, 222, 475, -1,
      475, 222, 221, -1,
      477, 240, 476, -1,
      476, 240, 222, -1,
      415, 238, 239, -1,
      415, 239, 478, -1,
      478, 239, 240, -1,
      478, 240, 477, -1,
      424, 414, 425, -1,
      426, 425, 479, -1,
      455, 476, 475, -1,
      472, 473, 460, -1,
      414, 415, 425, -1,
      425, 415, 478, -1,
      425, 478, 479, -1,
      479, 478, 477, -1,
      479, 477, 480, -1,
      473, 474, 460, -1,
      460, 474, 459, -1,
      460, 459, 475, -1,
      475, 459, 454, -1,
      475, 454, 455, -1,
      481, 482, 455, -1,
      455, 482, 483, -1,
      455, 483, 484, -1,
      477, 476, 480, -1,
      480, 476, 455, -1,
      480, 455, 485, -1,
      485, 455, 484, -1,
      486, 487, 430, -1,
      430, 487, 432, -1,
      432, 487, 488, -1,
      432, 488, 431, -1,
      458, 450, 451, -1,
      430, 429, 486, -1,
      486, 429, 427, -1,
      486, 427, 479, -1,
      479, 427, 428, -1,
      479, 428, 426, -1,
      469, 470, 460, -1,
      460, 470, 471, -1,
      460, 471, 472, -1,
      425, 416, 424, -1,
      424, 416, 417, -1,
      424, 417, 423, -1,
      423, 417, 418, -1,
      431, 488, 440, -1,
      440, 488, 489, -1,
      440, 489, 439, -1,
      490, 445, 491, -1,
      491, 445, 446, -1,
      491, 446, 492, -1,
      492, 446, 493, -1,
      461, 462, 467, -1,
      467, 462, 463, -1,
      467, 463, 466, -1,
      466, 463, 464, -1,
      466, 464, 465, -1,
      418, 419, 423, -1,
      423, 419, 420, -1,
      423, 420, 422, -1,
      422, 420, 421, -1,
      490, 481, 453, -1,
      453, 481, 455, -1,
      453, 455, 452, -1,
      452, 455, 456, -1,
      452, 456, 451, -1,
      451, 456, 457, -1,
      451, 457, 458, -1,
      439, 489, 438, -1,
      438, 489, 494, -1,
      438, 494, 437, -1,
      437, 494, 495, -1,
      437, 495, 436, -1,
      436, 495, 496, -1,
      436, 496, 435, -1,
      453, 449, 490, -1,
      490, 449, 441, -1,
      490, 441, 442, -1,
      461, 467, 460, -1,
      460, 467, 468, -1,
      460, 468, 469, -1,
      496, 497, 435, -1,
      435, 497, 498, -1,
      435, 498, 434, -1,
      434, 498, 499, -1,
      434, 499, 433, -1,
      433, 499, 500, -1,
      433, 500, 448, -1,
      448, 500, 493, -1,
      448, 493, 447, -1,
      447, 493, 446, -1,
      442, 443, 490, -1,
      490, 443, 444, -1,
      490, 444, 445, -1,
      483, 501, 484, -1,
      484, 501, 502, -1,
      499, 503, 504, -1,
      499, 504, 500, -1,
      500, 504, 505, -1,
      500, 505, 493, -1,
      493, 505, 506, -1,
      493, 506, 492, -1,
      492, 506, 507, -1,
      492, 507, 491, -1,
      491, 507, 508, -1,
      491, 508, 490, -1,
      490, 508, 509, -1,
      490, 509, 481, -1,
      481, 509, 510, -1,
      481, 510, 482, -1,
      482, 510, 501, -1,
      482, 501, 483, -1,
      488, 511, 512, -1,
      488, 512, 489, -1,
      489, 512, 513, -1,
      489, 513, 494, -1,
      494, 513, 514, -1,
      494, 514, 495, -1,
      495, 514, 515, -1,
      495, 515, 496, -1,
      496, 515, 516, -1,
      496, 516, 497, -1,
      497, 516, 517, -1,
      497, 517, 498, -1,
      498, 517, 503, -1,
      498, 503, 499, -1,
      486, 518, 519, -1,
      486, 519, 487, -1,
      487, 519, 511, -1,
      487, 511, 488, -1,
      479, 520, 486, -1,
      486, 520, 518, -1,
      480, 521, 479, -1,
      479, 521, 520, -1,
      484, 502, 522, -1,
      484, 522, 485, -1,
      485, 522, 521, -1,
      485, 521, 480, -1,
      523, 128, 524, -1,
      524, 128, 127, -1,
      525, 140, 139, -1,
      525, 139, 526, -1,
      526, 139, 130, -1,
      526, 130, 527, -1,
      527, 130, 128, -1,
      527, 128, 523, -1,
      528, 142, 525, -1,
      525, 142, 140, -1,
      529, 244, 528, -1,
      528, 244, 142, -1,
      530, 205, 204, -1,
      530, 204, 531, -1,
      531, 204, 168, -1,
      531, 168, 532, -1,
      532, 168, 167, -1,
      532, 167, 533, -1,
      533, 167, 166, -1,
      533, 166, 534, -1,
      534, 166, 147, -1,
      534, 147, 535, -1,
      535, 147, 145, -1,
      535, 145, 536, -1,
      536, 145, 144, -1,
      536, 144, 537, -1,
      537, 144, 247, -1,
      537, 247, 538, -1,
      538, 247, 246, -1,
      538, 246, 539, -1,
      539, 246, 245, -1,
      539, 245, 540, -1,
      540, 245, 244, -1,
      540, 244, 529, -1,
      541, 177, 530, -1,
      530, 177, 205, -1,
      542, 178, 541, -1,
      541, 178, 177, -1,
      543, 179, 542, -1,
      542, 179, 178, -1,
      544, 206, 207, -1,
      544, 207, 545, -1,
      545, 207, 179, -1,
      545, 179, 543, -1,
      546, 146, 544, -1,
      544, 146, 206, -1,
      547, 262, 546, -1,
      546, 262, 146, -1,
      548, 268, 270, -1,
      548, 270, 549, -1,
      549, 270, 330, -1,
      549, 330, 550, -1,
      550, 330, 329, -1,
      550, 329, 551, -1,
      551, 329, 328, -1,
      551, 328, 552, -1,
      552, 328, 266, -1,
      552, 266, 553, -1,
      553, 266, 265, -1,
      553, 265, 554, -1,
      554, 265, 264, -1,
      554, 264, 555, -1,
      555, 264, 230, -1,
      555, 230, 556, -1,
      556, 230, 229, -1,
      556, 229, 557, -1,
      557, 229, 263, -1,
      557, 263, 558, -1,
      558, 263, 262, -1,
      558, 262, 547, -1,
      559, 269, 548, -1,
      548, 269, 268, -1,
      560, 272, 271, -1,
      560, 271, 561, -1,
      561, 271, 269, -1,
      561, 269, 559, -1,
      562, 331, 560, -1,
      560, 331, 272, -1,
      563, 121, 159, -1,
      563, 159, 564, -1,
      564, 159, 158, -1,
      564, 158, 565, -1,
      565, 158, 157, -1,
      565, 157, 566, -1,
      566, 157, 156, -1,
      566, 156, 567, -1,
      567, 156, 155, -1,
      567, 155, 568, -1,
      568, 155, 325, -1,
      568, 325, 569, -1,
      569, 325, 324, -1,
      569, 324, 570, -1,
      570, 324, 323, -1,
      570, 323, 571, -1,
      571, 323, 333, -1,
      571, 333, 572, -1,
      572, 333, 332, -1,
      572, 332, 573, -1,
      573, 332, 331, -1,
      573, 331, 562, -1,
      574, 122, 123, -1,
      574, 123, 575, -1,
      575, 123, 121, -1,
      575, 121, 563, -1,
      576, 120, 574, -1,
      574, 120, 122, -1,
      577, 175, 176, -1,
      577, 176, 578, -1,
      578, 176, 120, -1,
      578, 120, 576, -1,
      579, 174, 577, -1,
      577, 174, 175, -1,
      580, 163, 138, -1,
      580, 138, 581, -1,
      581, 138, 137, -1,
      581, 137, 582, -1,
      582, 137, 136, -1,
      582, 136, 583, -1,
      583, 136, 126, -1,
      583, 126, 584, -1,
      584, 126, 125, -1,
      584, 125, 585, -1,
      585, 125, 124, -1,
      585, 124, 586, -1,
      586, 124, 108, -1,
      586, 108, 587, -1,
      587, 108, 107, -1,
      587, 107, 588, -1,
      588, 107, 111, -1,
      588, 111, 589, -1,
      589, 111, 112, -1,
      589, 112, 590, -1,
      590, 112, 110, -1,
      590, 110, 591, -1,
      591, 110, 109, -1,
      591, 109, 592, -1,
      592, 109, 134, -1,
      592, 134, 593, -1,
      593, 134, 135, -1,
      593, 135, 594, -1,
      594, 135, 174, -1,
      594, 174, 579, -1,
      595, 164, 580, -1,
      580, 164, 163, -1,
      596, 198, 165, -1,
      596, 165, 597, -1,
      597, 165, 164, -1,
      597, 164, 595, -1,
      598, 199, 596, -1,
      596, 199, 198, -1,
      599, 201, 200, -1,
      599, 200, 600, -1,
      600, 200, 199, -1,
      600, 199, 598, -1,
      601, 202, 599, -1,
      599, 202, 201, -1,
      602, 237, 236, -1,
      602, 236, 603, -1,
      603, 236, 203, -1,
      603, 203, 604, -1,
      604, 203, 202, -1,
      604, 202, 601, -1,
      605, 115, 602, -1,
      602, 115, 237, -1,
      606, 208, 605, -1,
      605, 208, 115, -1,
      607, 171, 170, -1,
      607, 170, 608, -1,
      608, 170, 133, -1,
      608, 133, 609, -1,
      609, 133, 214, -1,
      609, 214, 610, -1,
      610, 214, 213, -1,
      610, 213, 611, -1,
      611, 213, 212, -1,
      611, 212, 612, -1,
      612, 212, 211, -1,
      612, 211, 613, -1,
      613, 211, 210, -1,
      613, 210, 614, -1,
      614, 210, 209, -1,
      614, 209, 615, -1,
      615, 209, 181, -1,
      615, 181, 616, -1,
      616, 181, 180, -1,
      616, 180, 617, -1,
      617, 180, 208, -1,
      617, 208, 606, -1,
      618, 172, 607, -1,
      607, 172, 171, -1,
      619, 141, 143, -1,
      619, 143, 620, -1,
      620, 143, 172, -1,
      620, 172, 618, -1,
      621, 129, 619, -1,
      619, 129, 141, -1,
      621, 524, 129, -1,
      129, 524, 127, -1,
      544, 545, 559, -1,
      559, 545, 543, -1,
      570, 571, 542, -1,
      542, 571, 572, -1,
      542, 572, 573, -1,
      564, 542, 563, -1,
      563, 542, 575, -1,
      592, 593, 621, -1,
      553, 554, 547, -1,
      573, 562, 542, -1,
      542, 562, 560, -1,
      542, 560, 543, -1,
      543, 560, 561, -1,
      543, 561, 559, -1,
      577, 578, 542, -1,
      578, 576, 542, -1,
      542, 576, 574, -1,
      542, 574, 575, -1,
      564, 565, 542, -1,
      542, 565, 566, -1,
      542, 566, 567, -1,
      524, 541, 523, -1,
      523, 541, 530, -1,
      523, 530, 527, -1,
      527, 530, 526, -1,
      616, 617, 607, -1,
      607, 617, 606, -1,
      593, 594, 621, -1,
      621, 594, 579, -1,
      621, 579, 524, -1,
      524, 579, 577, -1,
      524, 577, 541, -1,
      541, 577, 542, -1,
      526, 530, 525, -1,
      525, 530, 529, -1,
      525, 529, 528, -1,
      544, 559, 546, -1,
      546, 559, 548, -1,
      546, 548, 547, -1,
      547, 548, 549, -1,
      547, 549, 550, -1,
      554, 555, 556, -1,
      567, 568, 542, -1,
      542, 568, 569, -1,
      542, 569, 570, -1,
      584, 585, 621, -1,
      621, 585, 586, -1,
      589, 590, 621, -1,
      621, 590, 591, -1,
      621, 591, 592, -1,
      606, 605, 607, -1,
      607, 605, 602, -1,
      607, 602, 618, -1,
      618, 602, 603, -1,
      618, 603, 620, -1,
      620, 603, 604, -1,
      620, 604, 619, -1,
      619, 604, 601, -1,
      619, 601, 621, -1,
      621, 601, 599, -1,
      621, 599, 600, -1,
      600, 598, 621, -1,
      621, 598, 596, -1,
      621, 596, 597, -1,
      556, 557, 554, -1,
      554, 557, 558, -1,
      554, 558, 547, -1,
      531, 539, 530, -1,
      530, 539, 540, -1,
      530, 540, 529, -1,
      586, 587, 621, -1,
      621, 587, 588, -1,
      621, 588, 589, -1,
      610, 611, 615, -1,
      597, 595, 621, -1,
      621, 595, 580, -1,
      621, 580, 581, -1,
      550, 551, 547, -1,
      547, 551, 552, -1,
      547, 552, 553, -1,
      531, 532, 539, -1,
      539, 532, 533, -1,
      539, 533, 538, -1,
      538, 533, 534, -1,
      534, 535, 538, -1,
      538, 535, 536, -1,
      538, 536, 537, -1,
      610, 615, 609, -1,
      581, 582, 621, -1,
      621, 582, 583, -1,
      621, 583, 584, -1,
      616, 607, 615, -1,
      615, 607, 608, -1,
      615, 608, 609, -1,
      611, 612, 615, -1,
      615, 612, 613, -1,
      615, 613, 614, -1,
      622, 5, 623, -1,
      623, 5, 4, -1,
      624, 11, 622, -1,
      622, 11, 5, -1,
      625, 13, 624, -1,
      624, 13, 11, -1,
      626, 35, 39, -1,
      626, 39, 627, -1,
      627, 39, 56, -1,
      627, 56, 628, -1,
      628, 56, 55, -1,
      628, 55, 629, -1,
      629, 55, 53, -1,
      629, 53, 630, -1,
      630, 53, 52, -1,
      630, 52, 631, -1,
      631, 52, 51, -1,
      631, 51, 632, -1,
      632, 51, 13, -1,
      632, 13, 625, -1,
      633, 44, 42, -1,
      633, 42, 634, -1,
      634, 42, 38, -1,
      634, 38, 635, -1,
      635, 38, 40, -1,
      635, 40, 636, -1,
      636, 40, 41, -1,
      636, 41, 637, -1,
      637, 41, 54, -1,
      637, 54, 638, -1,
      638, 54, 37, -1,
      638, 37, 639, -1,
      639, 37, 36, -1,
      639, 36, 640, -1,
      640, 36, 35, -1,
      640, 35, 626, -1,
      641, 32, 47, -1,
      641, 47, 642, -1,
      642, 47, 46, -1,
      642, 46, 643, -1,
      643, 46, 23, -1,
      643, 23, 644, -1,
      644, 23, 22, -1,
      644, 22, 645, -1,
      645, 22, 31, -1,
      645, 31, 646, -1,
      646, 31, 45, -1,
      646, 45, 647, -1,
      647, 45, 44, -1,
      647, 44, 633, -1,
      648, 43, 24, -1,
      648, 24, 649, -1,
      649, 24, 33, -1,
      649, 33, 650, -1,
      650, 33, 34, -1,
      650, 34, 651, -1,
      651, 34, 50, -1,
      651, 50, 652, -1,
      652, 50, 49, -1,
      652, 49, 653, -1,
      653, 49, 48, -1,
      653, 48, 654, -1,
      654, 48, 32, -1,
      654, 32, 641, -1,
      655, 12, 648, -1,
      648, 12, 43, -1,
      656, 10, 655, -1,
      655, 10, 12, -1,
      657, 100, 99, -1,
      657, 99, 658, -1,
      658, 99, 87, -1,
      658, 87, 659, -1,
      659, 87, 84, -1,
      659, 84, 660, -1,
      660, 84, 83, -1,
      660, 83, 661, -1,
      661, 83, 85, -1,
      661, 85, 662, -1,
      662, 85, 70, -1,
      662, 70, 663, -1,
      663, 70, 10, -1,
      663, 10, 656, -1,
      664, 28, 26, -1,
      664, 26, 665, -1,
      665, 26, 82, -1,
      665, 82, 666, -1,
      666, 82, 86, -1,
      666, 86, 667, -1,
      667, 86, 94, -1,
      667, 94, 668, -1,
      668, 94, 93, -1,
      668, 93, 669, -1,
      669, 93, 88, -1,
      669, 88, 670, -1,
      670, 88, 90, -1,
      670, 90, 671, -1,
      671, 90, 100, -1,
      671, 100, 657, -1,
      672, 14, 15, -1,
      672, 15, 673, -1,
      673, 15, 21, -1,
      673, 21, 674, -1,
      674, 21, 20, -1,
      674, 20, 675, -1,
      675, 20, 19, -1,
      675, 19, 676, -1,
      676, 19, 18, -1,
      676, 18, 677, -1,
      677, 18, 17, -1,
      677, 17, 678, -1,
      678, 17, 28, -1,
      678, 28, 664, -1,
      679, 8, 7, -1,
      679, 7, 680, -1,
      680, 7, 3, -1,
      680, 3, 681, -1,
      681, 3, 2, -1,
      681, 2, 682, -1,
      682, 2, 14, -1,
      682, 14, 672, -1,
      683, 9, 679, -1,
      679, 9, 8, -1,
      683, 623, 9, -1,
      9, 623, 4, -1,
      624, 622, 683, -1,
      683, 622, 623, -1,
      656, 655, 648, -1,
      625, 624, 632, -1,
      632, 624, 683, -1,
      632, 683, 631, -1,
      631, 683, 630, -1,
      679, 628, 683, -1,
      683, 628, 629, -1,
      683, 629, 630, -1,
      679, 680, 628, -1,
      628, 680, 681, -1,
      628, 681, 627, -1,
      627, 681, 682, -1,
      627, 682, 626, -1,
      626, 682, 672, -1,
      626, 672, 640, -1,
      656, 648, 663, -1,
      663, 648, 649, -1,
      663, 649, 662, -1,
      662, 649, 650, -1,
      662, 650, 661, -1,
      661, 650, 651, -1,
      661, 651, 660, -1,
      660, 651, 652, -1,
      660, 652, 659, -1,
      659, 652, 653, -1,
      659, 653, 658, -1,
      658, 653, 654, -1,
      658, 654, 657, -1,
      657, 654, 641, -1,
      657, 641, 671, -1,
      671, 641, 642, -1,
      671, 642, 670, -1,
      670, 642, 643, -1,
      670, 643, 669, -1,
      669, 643, 644, -1,
      669, 644, 668, -1,
      668, 644, 645, -1,
      668, 645, 667, -1,
      667, 645, 646, -1,
      667, 646, 666, -1,
      666, 646, 647, -1,
      666, 647, 665, -1,
      665, 647, 633, -1,
      665, 633, 664, -1,
      664, 633, 634, -1,
      664, 634, 678, -1,
      634, 635, 678, -1,
      678, 635, 636, -1,
      678, 636, 677, -1,
      677, 636, 637, -1,
      677, 637, 676, -1,
      676, 637, 638, -1,
      676, 638, 675, -1,
      675, 638, 639, -1,
      675, 639, 674, -1,
      674, 639, 640, -1,
      674, 640, 673, -1,
      673, 640, 672, -1,
      0, 684, 1, -1,
      1, 684, 685, -1,
      1, 685, 16, -1,
      686, 27, 29, -1,
      686, 29, 687, -1,
      687, 29, 30, -1,
      687, 30, 688, -1,
      688, 30, 16, -1,
      688, 16, 685, -1,
      689, 25, 686, -1,
      686, 25, 27, -1,
      690, 97, 76, -1,
      690, 76, 691, -1,
      691, 76, 78, -1,
      691, 78, 692, -1,
      692, 78, 79, -1,
      692, 79, 693, -1,
      693, 79, 77, -1,
      693, 77, 694, -1,
      694, 77, 75, -1,
      694, 75, 695, -1,
      695, 75, 25, -1,
      695, 25, 689, -1,
      696, 89, 95, -1,
      696, 95, 697, -1,
      697, 95, 96, -1,
      697, 96, 698, -1,
      698, 96, 81, -1,
      698, 81, 699, -1,
      699, 81, 80, -1,
      699, 80, 700, -1,
      700, 80, 98, -1,
      700, 98, 701, -1,
      701, 98, 97, -1,
      701, 97, 690, -1,
      702, 57, 106, -1,
      702, 106, 703, -1,
      703, 106, 103, -1,
      703, 103, 704, -1,
      704, 103, 102, -1,
      704, 102, 705, -1,
      705, 102, 101, -1,
      705, 101, 706, -1,
      706, 101, 105, -1,
      706, 105, 707, -1,
      707, 105, 104, -1,
      707, 104, 708, -1,
      708, 104, 92, -1,
      708, 92, 709, -1,
      709, 92, 91, -1,
      709, 91, 710, -1,
      710, 91, 89, -1,
      710, 89, 696, -1,
      711, 58, 702, -1,
      702, 58, 57, -1,
      712, 71, 711, -1,
      711, 71, 58, -1,
      713, 69, 68, -1,
      713, 68, 714, -1,
      714, 68, 66, -1,
      714, 66, 715, -1,
      715, 66, 65, -1,
      715, 65, 716, -1,
      716, 65, 64, -1,
      716, 64, 717, -1,
      717, 64, 63, -1,
      717, 63, 718, -1,
      718, 63, 62, -1,
      718, 62, 719, -1,
      719, 62, 61, -1,
      719, 61, 720, -1,
      720, 61, 74, -1,
      720, 74, 721, -1,
      721, 74, 73, -1,
      721, 73, 722, -1,
      722, 73, 72, -1,
      722, 72, 723, -1,
      723, 72, 71, -1,
      723, 71, 712, -1,
      724, 67, 713, -1,
      713, 67, 69, -1,
      725, 60, 724, -1,
      724, 60, 67, -1,
      726, 6, 59, -1,
      726, 59, 727, -1,
      727, 59, 60, -1,
      727, 60, 725, -1,
      728, 336, 726, -1,
      726, 336, 6, -1,
      728, 684, 336, -1,
      336, 684, 0, -1,
      700, 701, 705, -1,
      704, 705, 692, -1,
      689, 718, 719, -1,
      701, 690, 705, -1,
      705, 690, 691, -1,
      705, 691, 692, -1,
      692, 693, 704, -1,
      704, 693, 694, -1,
      704, 694, 703, -1,
      703, 694, 695, -1,
      725, 724, 689, -1,
      724, 713, 689, -1,
      689, 713, 714, -1,
      689, 714, 715, -1,
      689, 722, 723, -1,
      684, 728, 685, -1,
      685, 728, 726, -1,
      685, 726, 688, -1,
      688, 726, 727, -1,
      688, 727, 687, -1,
      687, 727, 725, -1,
      687, 725, 686, -1,
      686, 725, 689, -1,
      715, 716, 689, -1,
      689, 716, 717, -1,
      689, 717, 718, -1,
      697, 698, 705, -1,
      705, 698, 699, -1,
      705, 699, 700, -1,
      719, 720, 689, -1,
      689, 720, 721, -1,
      689, 721, 722, -1,
      723, 712, 689, -1,
      689, 712, 711, -1,
      689, 711, 695, -1,
      695, 711, 702, -1,
      695, 702, 703, -1,
      705, 706, 697, -1,
      697, 706, 707, -1,
      697, 707, 708, -1,
      708, 709, 697, -1,
      697, 709, 710, -1,
      697, 710, 696, -1,
    ]
  }
}

Shape {
  appearance Appearance {
    material Material {
      diffuseColor 0.6784 0.6784 0.6784
      specularColor 0.0471 0.0471 0.0471
      ambientIntensity 0.2
      transparency 0.0000
      shininess 0.5
    }
  }
  geometry IndexedFaceSet {
    ccw TRUE
    solid FALSE
    coord DEF co Coordinate {
      point [
        0.250793 -0.184057 -0.000000,
        0.287620 -0.350497 -0.000000,
        0.294416 -0.196473 -0.000000,
        0.289191 -0.193730 -0.000000,
        0.273085 -0.188709 -0.000000,
        0.308593 -0.206120 -0.000000,
        0.323861 -0.191439 -0.000000,
        0.078480 -0.064009 -0.000000,
        0.053565 -0.061157 -0.000000,
        0.152724 -0.246304 -0.000000,
        0.152051 -0.171381 -0.000000,
        0.142802 -0.114113 -0.000000,
        0.131008 -0.087230 -0.000000,
        0.124541 -0.078944 -0.000000,
        0.117701 -0.073526 -0.000000,
        0.108556 -0.069492 -0.000000,
        0.095905 -0.066293 -0.000000,
        0.095510 -0.372644 -0.000000,
        0.109420 -0.370053 -0.000000,
        0.120839 -0.365756 -0.000000,
        0.127400 -0.361145 -0.000000,
        0.134731 -0.352557 -0.000000,
        0.141099 -0.340357 -0.000000,
        0.146104 -0.323271 -0.000000,
        0.046769 -0.365262 -0.000000,
        0.070875 -0.370749 -0.000000,
        0.036031 -0.360731 -0.000000,
        0.036031 -0.061157 -0.000000,
        0.044799 -0.060905 -0.000000,
      ]
    }
    coordIndex [
      5, 6, 1, -1,
      1, 0, 4, -1,
      4, 3, 1, -1,
      1, 3, 2, -1,
      1, 2, 5, -1,
      25, 24, 9, -1,
      26, 27, 24, -1,
      24, 27, 28, -1,
      24, 28, 8, -1,
      25, 9, 17, -1,
      8, 7, 24, -1,
      24, 7, 16, -1,
      24, 16, 15, -1,
      17, 9, 18, -1,
      18, 9, 23, -1,
      18, 23, 22, -1,
      15, 14, 24, -1,
      24, 14, 13, -1,
      24, 13, 12, -1,
      22, 21, 18, -1,
      18, 21, 20, -1,
      18, 20, 19, -1,
      12, 11, 24, -1,
      24, 11, 10, -1,
      24, 10, 9, -1,
    ]
  }
}

Shape {
  appearance Appearance {
    material Material {
      diffuseColor 0.6471 0.6196 0.5882
      specularColor 0.4510 0.4353 0.4118
      ambientIntensity 0.2
      transparency 0.0000
      shininess 0.5
    }
  }
  geometry IndexedFaceSet {
    ccw TRUE
    solid FALSE
    coord DEF co Coordinate {
      point [
        4.133858 -0.167323 -0.000000,
        4.133858 -0.167323 0.984252,
        4.133858 0.757874 0.118110,
        4.133858 -0.167323 0.118110,
        4.133858 0.757874 0.866142,
        4.133858 -0.167323 0.866142,
        3.858268 -0.167323 -0.000000,
        3.858268 -0.167323 0.118110,
        3.815156 -0.167323 0.003393,
        3.827545 -0.167323 0.121136,
        3.773106 -0.167323 0.013488,
        3.798003 -0.167323 0.130098,
        3.733152 -0.167323 0.030037,
        3.770776 -0.167323 0.144650,
        3.703813 -0.167323 0.244868,
        3.596165 -0.167323 0.190428,
        3.712775 -0.167323 0.215326,
        3.612715 -0.167323 0.150475,
        3.727328 -0.167323 0.188099,
        3.635310 -0.167323 0.113602,
        3.746913 -0.167323 0.164235,
        3.663396 -0.167323 0.080719,
        3.696280 -0.167323 0.052633,
        3.712775 -0.167323 0.768926,
        3.596165 -0.167323 0.793824,
        3.703813 -0.167323 0.739384,
        3.586070 -0.167323 0.751773,
        3.700787 -0.167323 0.708661,
        3.582677 -0.167323 0.708661,
        3.700787 -0.167323 0.275591,
        3.582677 -0.167323 0.275591,
        3.586070 -0.167323 0.232479,
        3.858268 -0.167323 0.866142,
        3.858268 -0.167323 0.984252,
        3.827545 -0.167323 0.863116,
        3.815156 -0.167323 0.980859,
        3.798003 -0.167323 0.854154,
        3.773106 -0.167323 0.970764,
        3.733152 -0.167323 0.954215,
        3.770776 -0.167323 0.839602,
        3.696280 -0.167323 0.931619,
        3.746913 -0.167323 0.820017,
        3.663396 -0.167323 0.903533,
        3.727328 -0.167323 0.796153,
        3.635310 -0.167323 0.870650,
        3.612715 -0.167323 0.833777,
        3.858268 0.757874 0.866142,
        3.827545 0.757874 0.863116,
        3.798003 0.757874 0.854154,
        3.770776 0.757874 0.839602,
        3.746913 0.757874 0.820017,
        3.727328 0.757874 0.796153,
        3.712775 0.757874 0.768926,
        3.703813 0.757874 0.739384,
        3.700787 0.757874 0.708661,
        3.700787 0.757874 0.275591,
        3.703813 0.757874 0.244868,
        3.712775 0.757874 0.215326,
        3.727328 0.757874 0.188099,
        3.746913 0.757874 0.164235,
        3.770776 0.757874 0.144650,
        3.798003 0.757874 0.130098,
        3.827545 0.757874 0.121136,
        3.858268 0.757874 0.118110,
        4.133858 0.757874 -0.000000,
        3.858268 0.757874 -0.000000,
        3.815156 0.757874 0.003393,
        3.773106 0.757874 0.013488,
        3.733152 0.757874 0.030037,
        3.696280 0.757874 0.052633,
        3.663396 0.757874 0.080719,
        3.635310 0.757874 0.113602,
        3.612715 0.757874 0.150475,
        3.596165 0.757874 0.190428,
        3.586070 0.757874 0.232479,
        3.582677 0.757874 0.275591,
        3.582677 0.757874 0.708661,
        3.586070 0.757874 0.751773,
        3.596165 0.757874 0.793824,
        3.612715 0.757874 0.833777,
        3.635310 0.757874 0.870650,
        3.663396 0.757874 0.903533,
        3.696280 0.757874 0.931619,
        3.733152 0.757874 0.954215,
        3.773106 0.757874 0.970764,
        3.815156 0.757874 0.980859,
        3.858268 0.757874 0.984252,
        4.133858 0.757874 0.984252,
        -2.805118 0.580709 0.255906,
        -2.805118 0.580709 0.000000,
        -2.706693 0.580709 0.255906,
        -2.706693 0.580709 0.000000,
        -2.805118 -0.620079 0.255906,
        -2.706693 -0.620079 0.255906,
        -2.805118 -0.620079 0.374016,
        -2.706693 -0.620079 0.374016,
        -2.805118 0.364173 0.374016,
        -2.706693 0.364173 0.374016,
        -2.805118 0.364173 0.677165,
        -2.706693 0.364173 0.677165,
        -2.805118 -0.620079 0.677165,
        -2.706693 -0.620079 0.677165,
        -2.805118 -0.620079 0.795276,
        -2.706693 -0.620079 0.795276,
        -2.805118 0.364173 0.795276,
        -2.706693 0.364173 0.795276,
        -2.805118 0.364173 0.807087,
        -2.706693 0.364173 0.807087,
        -2.805118 0.757874 0.807087,
        -2.706693 0.757874 0.807087,
        -2.805118 0.757874 0.352860,
        -2.706693 0.757874 0.352860,
        -2.805118 0.953254 0.157480,
        -2.706693 0.953254 0.157480,
        -2.805118 1.328740 0.157480,
        -2.706693 1.328740 0.157480,
        -2.805118 1.328740 0.000000,
        -2.706693 1.328740 0.000000,
        -1.624016 0.580709 0.255906,
        -1.624016 0.580709 0.000000,
        -1.525591 0.580709 0.255906,
        -1.525591 0.580709 0.000000,
        -1.624016 -0.620079 0.255906,
        -1.525591 -0.620079 0.255906,
        -1.624016 -0.620079 0.374016,
        -1.525591 -0.620079 0.374016,
        -1.624016 0.364173 0.374016,
        -1.525591 0.364173 0.374016,
        -1.624016 0.364173 0.677165,
        -1.525591 0.364173 0.677165,
        -1.624016 -0.620079 0.677165,
        -1.525591 -0.620079 0.677165,
        -1.624016 -0.620079 0.795276,
        -1.525591 -0.620079 0.795276,
        -1.624016 0.364173 0.795276,
        -1.525591 0.364173 0.795276,
        -1.624016 0.364173 0.807087,
        -1.525591 0.364173 0.807087,
        -1.624016 0.757874 0.807087,
        -1.525591 0.757874 0.807087,
        -1.624016 0.757874 0.352860,
        -1.525591 0.757874 0.352860,
        -1.624016 0.953254 0.157480,
        -1.525591 0.953254 0.157480,
        -1.624016 1.328740 0.157480,
        -1.525591 1.328740 0.157480,
        -1.624016 1.328740 0.000000,
        -1.525591 1.328740 0.000000,
        -0.049213 0.580709 0.255906,
        -0.049213 0.580709 0.000000,
        0.049213 0.580709 0.255906,
        0.049213 0.580709 -0.000000,
        -0.049213 -0.620079 0.255906,
        0.049213 -0.620079 0.255906,
        -0.049213 -0.620079 0.374016,
        0.049213 -0.620079 0.374016,
        -0.049213 0.364173 0.374016,
        0.049213 0.364173 0.374016,
        -0.049213 0.364173 0.677165,
        0.049213 0.364173 0.677165,
        -0.049213 -0.620079 0.677165,
        0.049213 -0.620079 0.677165,
        -0.049213 -0.620079 0.795276,
        0.049213 -0.620079 0.795276,
        -0.049213 0.364173 0.795276,
        0.049213 0.364173 0.795276,
        -0.049213 0.364173 0.807087,
        0.049213 0.364173 0.807087,
        -0.049213 0.757874 0.807087,
        0.049213 0.757874 0.807087,
        -0.049213 0.757874 0.352860,
        0.049213 0.757874 0.352860,
        -0.049213 0.953254 0.157480,
        0.049213 0.953254 0.157480,
        -0.049213 1.328740 0.157480,
        0.049213 1.328740 0.157480,
        -0.049213 1.328740 0.000000,
        0.049213 1.328740 -0.000000,
        0.344488 0.580709 0.255906,
        0.344488 0.580709 -0.000000,
        0.442913 0.580709 0.255906,
        0.442913 0.580709 -0.000000,
        0.344488 -0.620079 0.255906,
        0.442913 -0.620079 0.255906,
        0.344488 -0.620079 0.374016,
        0.442913 -0.620079 0.374016,
        0.344488 0.364173 0.374016,
        0.442913 0.364173 0.374016,
        0.344488 0.364173 0.677165,
        0.442913 0.364173 0.677165,
        0.344488 -0.620079 0.677165,
        0.442913 -0.620079 0.677165,
        0.344488 -0.620079 0.795276,
        0.442913 -0.620079 0.795276,
        0.344488 0.364173 0.795276,
        0.442913 0.364173 0.795276,
        0.344488 0.364173 0.807087,
        0.442913 0.364173 0.807087,
        0.344488 0.757874 0.807087,
        0.442913 0.757874 0.807087,
        0.344488 0.757874 0.352860,
        0.442913 0.757874 0.352860,
        0.344488 0.953254 0.157480,
        0.442913 0.953254 0.157480,
        0.344488 1.328740 0.157480,
        0.442913 1.328740 0.157480,
        0.344488 1.328740 -0.000000,
        0.442913 1.328740 -0.000000,
        0.738189 0.580709 0.255906,
        0.738189 0.580709 -0.000000,
        0.836614 0.580709 0.255906,
        0.836614 0.580709 -0.000000,
        0.738189 -0.620079 0.255906,
        0.836614 -0.620079 0.255906,
        0.738189 -0.620079 0.374016,
        0.836614 -0.620079 0.374016,
        0.738189 0.364173 0.374016,
        0.836614 0.364173 0.374016,
        0.738189 0.364173 0.677165,
        0.836614 0.364173 0.677165,
        0.738189 -0.620079 0.677165,
        0.836614 -0.620079 0.677165,
        0.738189 -0.620079 0.795276,
        0.836614 -0.620079 0.795276,
        0.738189 0.364173 0.795276,
        0.836614 0.364173 0.795276,
        0.738189 0.364173 0.807087,
        0.836614 0.364173 0.807087,
        0.738189 0.757874 0.807087,
        0.836614 0.757874 0.807087,
        0.738189 0.757874 0.352860,
        0.836614 0.757874 0.352860,
        0.738189 0.953254 0.157480,
        0.836614 0.953254 0.157480,
        0.738189 1.328740 0.157480,
        0.836614 1.328740 0.157480,
        0.738189 1.328740 -0.000000,
        0.836614 1.328740 -0.000000,
        1.131890 0.580709 0.255906,
        1.131890 0.580709 -0.000000,
        1.230315 0.580709 0.255906,
        1.230315 0.580709 -0.000000,
        1.131890 -0.620079 0.255906,
        1.230315 -0.620079 0.255906,
        1.131890 -0.620079 0.374016,
        1.230315 -0.620079 0.374016,
        1.131890 0.364173 0.374016,
        1.230315 0.364173 0.374016,
        1.131890 0.364173 0.677165,
        1.230315 0.364173 0.677165,
        1.131890 -0.620079 0.677165,
        1.230315 -0.620079 0.677165,
        1.131890 -0.620079 0.795276,
        1.230315 -0.620079 0.795276,
        1.131890 0.364173 0.795276,
        1.230315 0.364173 0.795276,
        1.131890 0.364173 0.807087,
        1.230315 0.364173 0.807087,
        1.131890 0.757874 0.807087,
        1.230315 0.757874 0.807087,
        1.131890 0.757874 0.352860,
        1.230315 0.757874 0.352860,
        1.131890 0.953254 0.157480,
        1.230315 0.953254 0.157480,
        1.131890 1.328740 0.157480,
        1.230315 1.328740 0.157480,
        1.131890 1.328740 -0.000000,
        1.230315 1.328740 -0.000000,
        1.525591 0.580709 0.255906,
        1.525591 0.580709 -0.000000,
        1.624016 0.580709 0.255906,
        1.624016 0.580709 -0.000000,
        1.525591 -0.620079 0.255906,
        1.624016 -0.620079 0.255906,
        1.525591 -0.620079 0.374016,
        1.624016 -0.620079 0.374016,
        1.525591 0.364173 0.374016,
        1.624016 0.364173 0.374016,
        1.525591 0.364173 0.677165,
        1.624016 0.364173 0.677165,
        1.525591 -0.620079 0.677165,
        1.624016 -0.620079 0.677165,
        1.525591 -0.620079 0.795276,
        1.624016 -0.620079 0.795276,
        1.525591 0.364173 0.795276,
        1.624016 0.364173 0.795276,
        1.525591 0.364173 0.807087,
        1.624016 0.364173 0.807087,
        1.525591 0.757874 0.807087,
        1.624016 0.757874 0.807087,
        1.525591 0.757874 0.352860,
        1.624016 0.757874 0.352860,
        1.525591 0.953254 0.157480,
        1.624016 0.953254 0.157480,
        1.525591 1.328740 0.157480,
        1.624016 1.328740 0.157480,
        1.525591 1.328740 -0.000000,
        1.624016 1.328740 -0.000000,
        1.919291 0.580709 0.255906,
        1.919291 0.580709 -0.000000,
        2.017717 0.580709 0.255906,
        2.017717 0.580709 -0.000000,
        1.919291 -0.620079 0.255906,
        2.017717 -0.620079 0.255906,
        1.919291 -0.620079 0.374016,
        2.017717 -0.620079 0.374016,
        1.919291 0.364173 0.374016,
        2.017717 0.364173 0.374016,
        1.919291 0.364173 0.677165,
        2.017717 0.364173 0.677165,
        1.919291 -0.620079 0.677165,
        2.017717 -0.620079 0.677165,
        1.919291 -0.620079 0.795276,
        2.017717 -0.620079 0.795276,
        1.919291 0.364173 0.795276,
        2.017717 0.364173 0.795276,
        1.919291 0.364173 0.807087,
        2.017717 0.364173 0.807087,
        1.919291 0.757874 0.807087,
        2.017717 0.757874 0.807087,
        1.919291 0.757874 0.352860,
        2.017717 0.757874 0.352860,
        1.919291 0.953254 0.157480,
        2.017717 0.953254 0.157480,
        1.919291 1.328740 0.157480,
        2.017717 1.328740 0.157480,
        1.919291 1.328740 -0.000000,
        2.017717 1.328740 -0.000000,
        2.312992 0.580709 0.255906,
        2.312992 0.580709 -0.000000,
        2.411417 0.580709 0.255906,
        2.411417 0.580709 -0.000000,
        2.312992 -0.620079 0.255906,
        2.411417 -0.620079 0.255906,
        2.312992 -0.620079 0.374016,
        2.411417 -0.620079 0.374016,
        2.312992 0.364173 0.374016,
        2.411417 0.364173 0.374016,
        2.312992 0.364173 0.677165,
        2.411417 0.364173 0.677165,
        2.312992 -0.620079 0.677165,
        2.411417 -0.620079 0.677165,
        2.312992 -0.620079 0.795276,
        2.411417 -0.620079 0.795276,
        2.312992 0.364173 0.795276,
        2.411417 0.364173 0.795276,
        2.312992 0.364173 0.807087,
        2.411417 0.364173 0.807087,
        2.312992 0.757874 0.807087,
        2.411417 0.757874 0.807087,
        2.312992 0.757874 0.352860,
        2.411417 0.757874 0.352860,
        2.312992 0.953254 0.157480,
        2.411417 0.953254 0.157480,
        2.312992 1.328740 0.157480,
        2.411417 1.328740 0.157480,
        2.312992 1.328740 -0.000000,
        2.411417 1.328740 -0.000000,
        2.706693 0.580709 0.255906,
        2.706693 0.580709 -0.000000,
        2.805118 0.580709 0.255906,
        2.805118 0.580709 -0.000000,
        2.706693 -0.620079 0.255906,
        2.805118 -0.620079 0.255906,
        2.706693 -0.620079 0.374016,
        2.805118 -0.620079 0.374016,
        2.706693 0.364173 0.374016,
        2.805118 0.364173 0.374016,
        2.706693 0.364173 0.677165,
        2.805118 0.364173 0.677165,
        2.706693 -0.620079 0.677165,
        2.805118 -0.620079 0.677165,
        2.706693 -0.620079 0.795276,
        2.805118 -0.620079 0.795276,
        2.706693 0.364173 0.795276,
        2.805118 0.364173 0.795276,
        2.706693 0.364173 0.807087,
        2.805118 0.364173 0.807087,
        2.706693 0.757874 0.807087,
        2.805118 0.757874 0.807087,
        2.706693 0.757874 0.352860,
        2.805118 0.757874 0.352860,
        2.706693 0.953254 0.157480,
        2.805118 0.953254 0.157480,
        2.706693 1.328740 0.157480,
        2.805118 1.328740 0.157480,
        2.706693 1.328740 -0.000000,
        2.805118 1.328740 -0.000000,
      ]
    }
    coordIndex [
      0, 3, 6, -1,
      6, 3, 7, -1,
      6, 7, 8, -1,
      8, 7, 9, -1,
      8, 9, 10, -1,
      10, 9, 11, -1,
      10, 11, 12, -1,
      12, 11, 13, -1,
      14, 15, 16, -1,
      16, 15, 17, -1,
      16, 17, 18, -1,
      18, 17, 19, -1,
      18, 19, 20, -1,
      20, 19, 21, -1,
      20, 21, 13, -1,
      13, 21, 22, -1,
      13, 22, 12, -1,
      23, 24, 25, -1,
      25, 24, 26, -1,
      25, 26, 27, -1,
      27, 26, 28, -1,
      27, 28, 29, -1,
      29, 28, 30, -1,
      29, 30, 14, -1,
      14, 30, 31, -1,
      14, 31, 15, -1,
      5, 1, 32, -1,
      32, 1, 33, -1,
      32, 33, 34, -1,
      34, 33, 35, -1,
      34, 35, 36, -1,
      35, 37, 36, -1,
      36, 37, 38, -1,
      36, 38, 39, -1,
      39, 38, 40, -1,
      39, 40, 41, -1,
      41, 40, 42, -1,
      41, 42, 43, -1,
      43, 42, 44, -1,
      43, 44, 23, -1,
      23, 44, 45, -1,
      23, 45, 24, -1,
      46, 32, 47, -1,
      47, 32, 34, -1,
      47, 34, 48, -1,
      48, 34, 36, -1,
      48, 36, 49, -1,
      49, 36, 39, -1,
      49, 39, 50, -1,
      50, 39, 41, -1,
      50, 41, 51, -1,
      51, 41, 43, -1,
      51, 43, 52, -1,
      52, 43, 23, -1,
      52, 23, 53, -1,
      53, 23, 25, -1,
      53, 25, 54, -1,
      54, 25, 27, -1,
      29, 55, 27, -1,
      27, 55, 54, -1,
      55, 29, 56, -1,
      56, 29, 14, -1,
      56, 14, 57, -1,
      57, 14, 16, -1,
      57, 16, 58, -1,
      58, 16, 18, -1,
      58, 18, 59, -1,
      59, 18, 20, -1,
      59, 20, 60, -1,
      60, 20, 13, -1,
      60, 13, 61, -1,
      61, 13, 11, -1,
      61, 11, 62, -1,
      62, 11, 9, -1,
      62, 9, 63, -1,
      63, 9, 7, -1,
      3, 2, 7, -1,
      7, 2, 63, -1,
      3, 0, 2, -1,
      2, 0, 64, -1,
      0, 6, 64, -1,
      64, 6, 65, -1,
      65, 6, 8, -1,
      65, 8, 66, -1,
      66, 8, 10, -1,
      66, 10, 67, -1,
      67, 10, 12, -1,
      67, 12, 68, -1,
      68, 12, 22, -1,
      68, 22, 69, -1,
      69, 22, 21, -1,
      69, 21, 70, -1,
      70, 21, 19, -1,
      70, 19, 71, -1,
      71, 19, 17, -1,
      71, 17, 72, -1,
      72, 17, 15, -1,
      72, 15, 73, -1,
      73, 15, 31, -1,
      73, 31, 74, -1,
      74, 31, 30, -1,
      74, 30, 75, -1,
      30, 28, 75, -1,
      75, 28, 76, -1,
      76, 28, 26, -1,
      76, 26, 77, -1,
      77, 26, 24, -1,
      77, 24, 78, -1,
      78, 24, 45, -1,
      78, 45, 79, -1,
      79, 45, 44, -1,
      79, 44, 80, -1,
      80, 44, 42, -1,
      80, 42, 81, -1,
      81, 42, 40, -1,
      81, 40, 82, -1,
      82, 40, 38, -1,
      82, 38, 83, -1,
      83, 38, 37, -1,
      83, 37, 84, -1,
      84, 37, 35, -1,
      84, 35, 85, -1,
      85, 35, 33, -1,
      85, 33, 86, -1,
      33, 1, 86, -1,
      86, 1, 87, -1,
      1, 5, 87, -1,
      87, 5, 4, -1,
      32, 46, 5, -1,
      5, 46, 4, -1,
      2, 64, 63, -1,
      63, 64, 65, -1,
      63, 65, 62, -1,
      62, 65, 66, -1,
      62, 66, 61, -1,
      87, 4, 86, -1,
      86, 4, 46, -1,
      86, 46, 85, -1,
      85, 46, 47, -1,
      85, 47, 84, -1,
      84, 47, 48, -1,
      84, 48, 83, -1,
      83, 48, 49, -1,
      53, 78, 52, -1,
      52, 78, 79, -1,
      52, 79, 51, -1,
      51, 79, 80, -1,
      51, 80, 50, -1,
      50, 80, 81, -1,
      50, 81, 49, -1,
      49, 81, 82, -1,
      49, 82, 83, -1,
      57, 73, 56, -1,
      56, 73, 74, -1,
      56, 74, 55, -1,
      55, 74, 75, -1,
      55, 75, 54, -1,
      54, 75, 76, -1,
      54, 76, 53, -1,
      53, 76, 77, -1,
      53, 77, 78, -1,
      66, 67, 61, -1,
      61, 67, 68, -1,
      61, 68, 60, -1,
      60, 68, 69, -1,
      60, 69, 59, -1,
      59, 69, 70, -1,
      59, 70, 58, -1,
      58, 70, 71, -1,
      58, 71, 57, -1,
      57, 71, 72, -1,
      57, 72, 73, -1,
      88, 89, 90, -1,
      90, 89, 91, -1,
      92, 88, 93, -1,
      93, 88, 90, -1,
      94, 92, 95, -1,
      95, 92, 93, -1,
      96, 94, 97, -1,
      97, 94, 95, -1,
      98, 96, 99, -1,
      99, 96, 97, -1,
      100, 98, 101, -1,
      101, 98, 99, -1,
      102, 100, 103, -1,
      103, 100, 101, -1,
      104, 102, 105, -1,
      105, 102, 103, -1,
      106, 104, 107, -1,
      107, 104, 105, -1,
      108, 106, 109, -1,
      109, 106, 107, -1,
      110, 108, 111, -1,
      111, 108, 109, -1,
      112, 110, 113, -1,
      113, 110, 111, -1,
      114, 112, 115, -1,
      115, 112, 113, -1,
      116, 114, 117, -1,
      117, 114, 115, -1,
      89, 116, 91, -1,
      91, 116, 117, -1,
      104, 106, 108, -1,
      92, 94, 88, -1,
      88, 94, 96, -1,
      88, 96, 98, -1,
      98, 100, 102, -1,
      102, 104, 98, -1,
      98, 104, 108, -1,
      98, 108, 88, -1,
      88, 108, 110, -1,
      88, 110, 89, -1,
      89, 110, 112, -1,
      89, 112, 116, -1,
      116, 112, 114, -1,
      109, 107, 111, -1,
      111, 107, 105, -1,
      103, 101, 105, -1,
      105, 101, 99, -1,
      105, 99, 111, -1,
      111, 99, 97, -1,
      111, 97, 113, -1,
      113, 97, 117, -1,
      113, 117, 115, -1,
      95, 93, 97, -1,
      97, 93, 90, -1,
      97, 90, 117, -1,
      117, 90, 91, -1,
      118, 119, 120, -1,
      120, 119, 121, -1,
      122, 118, 123, -1,
      123, 118, 120, -1,
      124, 122, 125, -1,
      125, 122, 123, -1,
      126, 124, 127, -1,
      127, 124, 125, -1,
      128, 126, 129, -1,
      129, 126, 127, -1,
      130, 128, 131, -1,
      131, 128, 129, -1,
      132, 130, 133, -1,
      133, 130, 131, -1,
      134, 132, 135, -1,
      135, 132, 133, -1,
      136, 134, 137, -1,
      137, 134, 135, -1,
      138, 136, 139, -1,
      139, 136, 137, -1,
      140, 138, 141, -1,
      141, 138, 139, -1,
      142, 140, 143, -1,
      143, 140, 141, -1,
      144, 142, 145, -1,
      145, 142, 143, -1,
      146, 144, 147, -1,
      147, 144, 145, -1,
      119, 146, 121, -1,
      121, 146, 147, -1,
      134, 136, 138, -1,
      122, 124, 118, -1,
      118, 124, 126, -1,
      118, 126, 128, -1,
      128, 130, 132, -1,
      132, 134, 128, -1,
      128, 134, 138, -1,
      128, 138, 118, -1,
      118, 138, 140, -1,
      118, 140, 119, -1,
      119, 140, 142, -1,
      119, 142, 146, -1,
      146, 142, 144, -1,
      139, 137, 141, -1,
      141, 137, 135, -1,
      133, 131, 135, -1,
      135, 131, 129, -1,
      135, 129, 141, -1,
      141, 129, 127, -1,
      141, 127, 143, -1,
      143, 127, 147, -1,
      143, 147, 145, -1,
      125, 123, 127, -1,
      127, 123, 120, -1,
      127, 120, 147, -1,
      147, 120, 121, -1,
      148, 149, 150, -1,
      150, 149, 151, -1,
      152, 148, 153, -1,
      153, 148, 150, -1,
      154, 152, 155, -1,
      155, 152, 153, -1,
      156, 154, 157, -1,
      157, 154, 155, -1,
      158, 156, 159, -1,
      159, 156, 157, -1,
      160, 158, 161, -1,
      161, 158, 159, -1,
      162, 160, 163, -1,
      163, 160, 161, -1,
      164, 162, 165, -1,
      165, 162, 163, -1,
      166, 164, 167, -1,
      167, 164, 165, -1,
      168, 166, 169, -1,
      169, 166, 167, -1,
      170, 168, 171, -1,
      171, 168, 169, -1,
      172, 170, 173, -1,
      173, 170, 171, -1,
      174, 172, 175, -1,
      175, 172, 173, -1,
      176, 174, 177, -1,
      177, 174, 175, -1,
      149, 176, 151, -1,
      151, 176, 177, -1,
      164, 166, 168, -1,
      152, 154, 148, -1,
      148, 154, 156, -1,
      148, 156, 158, -1,
      158, 160, 162, -1,
      162, 164, 158, -1,
      158, 164, 168, -1,
      158, 168, 148, -1,
      148, 168, 170, -1,
      148, 170, 149, -1,
      149, 170, 172, -1,
      149, 172, 176, -1,
      176, 172, 174, -1,
      169, 167, 171, -1,
      171, 167, 165, -1,
      163, 161, 165, -1,
      165, 161, 159, -1,
      165, 159, 171, -1,
      171, 159, 157, -1,
      171, 157, 173, -1,
      173, 157, 177, -1,
      173, 177, 175, -1,
      155, 153, 157, -1,
      157, 153, 150, -1,
      157, 150, 177, -1,
      177, 150, 151, -1,
      178, 179, 180, -1,
      180, 179, 181, -1,
      182, 178, 183, -1,
      183, 178, 180, -1,
      184, 182, 185, -1,
      185, 182, 183, -1,
      186, 184, 187, -1,
      187, 184, 185, -1,
      188, 186, 189, -1,
      189, 186, 187, -1,
      190, 188, 191, -1,
      191, 188, 189, -1,
      192, 190, 193, -1,
      193, 190, 191, -1,
      194, 192, 195, -1,
      195, 192, 193, -1,
      196, 194, 197, -1,
      197, 194, 195, -1,
      198, 196, 199, -1,
      199, 196, 197, -1,
      200, 198, 201, -1,
      201, 198, 199, -1,
      202, 200, 203, -1,
      203, 200, 201, -1,
      204, 202, 205, -1,
      205, 202, 203, -1,
      206, 204, 207, -1,
      207, 204, 205, -1,
      179, 206, 181, -1,
      181, 206, 207, -1,
      194, 196, 198, -1,
      182, 184, 178, -1,
      178, 184, 186, -1,
      178, 186, 188, -1,
      188, 190, 192, -1,
      192, 194, 188, -1,
      188, 194, 198, -1,
      188, 198, 178, -1,
      178, 198, 200, -1,
      178, 200, 179, -1,
      179, 200, 202, -1,
      179, 202, 206, -1,
      206, 202, 204, -1,
      199, 197, 201, -1,
      201, 197, 195, -1,
      193, 191, 195, -1,
      195, 191, 189, -1,
      195, 189, 201, -1,
      201, 189, 187, -1,
      201, 187, 203, -1,
      203, 187, 207, -1,
      203, 207, 205, -1,
      185, 183, 187, -1,
      187, 183, 180, -1,
      187, 180, 207, -1,
      207, 180, 181, -1,
      208, 209, 210, -1,
      210, 209, 211, -1,
      212, 208, 213, -1,
      213, 208, 210, -1,
      214, 212, 215, -1,
      215, 212, 213, -1,
      216, 214, 217, -1,
      217, 214, 215, -1,
      218, 216, 219, -1,
      219, 216, 217, -1,
      220, 218, 221, -1,
      221, 218, 219, -1,
      222, 220, 223, -1,
      223, 220, 221, -1,
      224, 222, 225, -1,
      225, 222, 223, -1,
      226, 224, 227, -1,
      227, 224, 225, -1,
      228, 226, 229, -1,
      229, 226, 227, -1,
      230, 228, 231, -1,
      231, 228, 229, -1,
      232, 230, 233, -1,
      233, 230, 231, -1,
      234, 232, 235, -1,
      235, 232, 233, -1,
      236, 234, 237, -1,
      237, 234, 235, -1,
      209, 236, 211, -1,
      211, 236, 237, -1,
      224, 226, 228, -1,
      212, 214, 208, -1,
      208, 214, 216, -1,
      208, 216, 218, -1,
      218, 220, 222, -1,
      222, 224, 218, -1,
      218, 224, 228, -1,
      218, 228, 208, -1,
      208, 228, 230, -1,
      208, 230, 209, -1,
      209, 230, 232, -1,
      209, 232, 236, -1,
      236, 232, 234, -1,
      229, 227, 231, -1,
      231, 227, 225, -1,
      223, 221, 225, -1,
      225, 221, 219, -1,
      225, 219, 231, -1,
      231, 219, 217, -1,
      231, 217, 233, -1,
      233, 217, 237, -1,
      233, 237, 235, -1,
      215, 213, 217, -1,
      217, 213, 210, -1,
      217, 210, 237, -1,
      237, 210, 211, -1,
      238, 239, 240, -1,
      240, 239, 241, -1,
      242, 238, 243, -1,
      243, 238, 240, -1,
      244, 242, 245, -1,
      245, 242, 243, -1,
      246, 244, 247, -1,
      247, 244, 245, -1,
      248, 246, 249, -1,
      249, 246, 247, -1,
      250, 248, 251, -1,
      251, 248, 249, -1,
      252, 250, 253, -1,
      253, 250, 251, -1,
      254, 252, 255, -1,
      255, 252, 253, -1,
      256, 254, 257, -1,
      257, 254, 255, -1,
      258, 256, 259, -1,
      259, 256, 257, -1,
      260, 258, 261, -1,
      261, 258, 259, -1,
      262, 260, 263, -1,
      263, 260, 261, -1,
      264, 262, 265, -1,
      265, 262, 263, -1,
      266, 264, 267, -1,
      267, 264, 265, -1,
      239, 266, 241, -1,
      241, 266, 267, -1,
      254, 256, 258, -1,
      242, 244, 238, -1,
      238, 244, 246, -1,
      238, 246, 248, -1,
      248, 250, 252, -1,
      252, 254, 248, -1,
      248, 254, 258, -1,
      248, 258, 238, -1,
      238, 258, 260, -1,
      238, 260, 239, -1,
      239, 260, 262, -1,
      239, 262, 266, -1,
      266, 262, 264, -1,
      259, 257, 261, -1,
      261, 257, 255, -1,
      253, 251, 255, -1,
      255, 251, 249, -1,
      255, 249, 261, -1,
      261, 249, 247, -1,
      261, 247, 263, -1,
      263, 247, 267, -1,
      263, 267, 265, -1,
      245, 243, 247, -1,
      247, 243, 240, -1,
      247, 240, 267, -1,
      267, 240, 241, -1,
      268, 269, 270, -1,
      270, 269, 271, -1,
      272, 268, 273, -1,
      273, 268, 270, -1,
      274, 272, 275, -1,
      275, 272, 273, -1,
      276, 274, 277, -1,
      277, 274, 275, -1,
      278, 276, 279, -1,
      279, 276, 277, -1,
      280, 278, 281, -1,
      281, 278, 279, -1,
      282, 280, 283, -1,
      283, 280, 281, -1,
      284, 282, 285, -1,
      285, 282, 283, -1,
      286, 284, 287, -1,
      287, 284, 285, -1,
      288, 286, 289, -1,
      289, 286, 287, -1,
      290, 288, 291, -1,
      291, 288, 289, -1,
      292, 290, 293, -1,
      293, 290, 291, -1,
      294, 292, 295, -1,
      295, 292, 293, -1,
      296, 294, 297, -1,
      297, 294, 295, -1,
      269, 296, 271, -1,
      271, 296, 297, -1,
      284, 286, 288, -1,
      272, 274, 268, -1,
      268, 274, 276, -1,
      268, 276, 278, -1,
      278, 280, 282, -1,
      282, 284, 278, -1,
      278, 284, 288, -1,
      278, 288, 268, -1,
      268, 288, 290, -1,
      268, 290, 269, -1,
      269, 290, 292, -1,
      269, 292, 296, -1,
      296, 292, 294, -1,
      289, 287, 291, -1,
      291, 287, 285, -1,
      283, 281, 285, -1,
      285, 281, 279, -1,
      285, 279, 291, -1,
      291, 279, 277, -1,
      291, 277, 293, -1,
      293, 277, 297, -1,
      293, 297, 295, -1,
      275, 273, 277, -1,
      277, 273, 270, -1,
      277, 270, 297, -1,
      297, 270, 271, -1,
      298, 299, 300, -1,
      300, 299, 301, -1,
      302, 298, 303, -1,
      303, 298, 300, -1,
      304, 302, 305, -1,
      305, 302, 303, -1,
      306, 304, 307, -1,
      307, 304, 305, -1,
      308, 306, 309, -1,
      309, 306, 307, -1,
      310, 308, 311, -1,
      311, 308, 309, -1,
      312, 310, 313, -1,
      313, 310, 311, -1,
      314, 312, 315, -1,
      315, 312, 313, -1,
      316, 314, 317, -1,
      317, 314, 315, -1,
      318, 316, 319, -1,
      319, 316, 317, -1,
      320, 318, 321, -1,
      321, 318, 319, -1,
      322, 320, 323, -1,
      323, 320, 321, -1,
      324, 322, 325, -1,
      325, 322, 323, -1,
      326, 324, 327, -1,
      327, 324, 325, -1,
      299, 326, 301, -1,
      301, 326, 327, -1,
      314, 316, 318, -1,
      302, 304, 298, -1,
      298, 304, 306, -1,
      298, 306, 308, -1,
      308, 310, 312, -1,
      312, 314, 308, -1,
      308, 314, 318, -1,
      308, 318, 298, -1,
      298, 318, 320, -1,
      298, 320, 299, -1,
      299, 320, 322, -1,
      299, 322, 326, -1,
      326, 322, 324, -1,
      319, 317, 321, -1,
      321, 317, 315, -1,
      313, 311, 315, -1,
      315, 311, 309, -1,
      315, 309, 321, -1,
      321, 309, 307, -1,
      321, 307, 323, -1,
      323, 307, 327, -1,
      323, 327, 325, -1,
      305, 303, 307, -1,
      307, 303, 300, -1,
      307, 300, 327, -1,
      327, 300, 301, -1,
      328, 329, 330, -1,
      330, 329, 331, -1,
      332, 328, 333, -1,
      333, 328, 330, -1,
      334, 332, 335, -1,
      335, 332, 333, -1,
      336, 334, 337, -1,
      337, 334, 335, -1,
      338, 336, 339, -1,
      339, 336, 337, -1,
      340, 338, 341, -1,
      341, 338, 339, -1,
      342, 340, 343, -1,
      343, 340, 341, -1,
      344, 342, 345, -1,
      345, 342, 343, -1,
      346, 344, 347, -1,
      347, 344, 345, -1,
      348, 346, 349, -1,
      349, 346, 347, -1,
      350, 348, 351, -1,
      351, 348, 349, -1,
      352, 350, 353, -1,
      353, 350, 351, -1,
      354, 352, 355, -1,
      355, 352, 353, -1,
      356, 354, 357, -1,
      357, 354, 355, -1,
      329, 356, 331, -1,
      331, 356, 357, -1,
      344, 346, 348, -1,
      332, 334, 328, -1,
      328, 334, 336, -1,
      328, 336, 338, -1,
      338, 340, 342, -1,
      342, 344, 338, -1,
      338, 344, 348, -1,
      338, 348, 328, -1,
      328, 348, 350, -1,
      328, 350, 329, -1,
      329, 350, 352, -1,
      329, 352, 356, -1,
      356, 352, 354, -1,
      349, 347, 351, -1,
      351, 347, 345, -1,
      343, 341, 345, -1,
      345, 341, 339, -1,
      345, 339, 351, -1,
      351, 339, 337, -1,
      351, 337, 353, -1,
      353, 337, 357, -1,
      353, 357, 355, -1,
      335, 333, 337, -1,
      337, 333, 330, -1,
      337, 330, 357, -1,
      357, 330, 331, -1,
      358, 359, 360, -1,
      360, 359, 361, -1,
      362, 358, 363, -1,
      363, 358, 360, -1,
      364, 362, 365, -1,
      365, 362, 363, -1,
      366, 364, 367, -1,
      367, 364, 365, -1,
      368, 366, 369, -1,
      369, 366, 367, -1,
      370, 368, 371, -1,
      371, 368, 369, -1,
      372, 370, 373, -1,
      373, 370, 371, -1,
      374, 372, 375, -1,
      375, 372, 373, -1,
      376, 374, 377, -1,
      377, 374, 375, -1,
      378, 376, 379, -1,
      379, 376, 377, -1,
      380, 378, 381, -1,
      381, 378, 379, -1,
      382, 380, 383, -1,
      383, 380, 381, -1,
      384, 382, 385, -1,
      385, 382, 383, -1,
      386, 384, 387, -1,
      387, 384, 385, -1,
      359, 386, 361, -1,
      361, 386, 387, -1,
      374, 376, 378, -1,
      362, 364, 358, -1,
      358, 364, 366, -1,
      358, 366, 368, -1,
      368, 370, 372, -1,
      372, 374, 368, -1,
      368, 374, 378, -1,
      368, 378, 358, -1,
      358, 378, 380, -1,
      358, 380, 359, -1,
      359, 380, 382, -1,
      359, 382, 386, -1,
      386, 382, 384, -1,
      379, 377, 381, -1,
      381, 377, 375, -1,
      373, 371, 375, -1,
      375, 371, 369, -1,
      375, 369, 381, -1,
      381, 369, 367, -1,
      381, 367, 383, -1,
      383, 367, 387, -1,
      383, 387, 385, -1,
      365, 363, 367, -1,
      367, 363, 360, -1,
      367, 360, 387, -1,
      387, 360, 361, -1,
    ]
  }
}
