#VRML V2.0 utf8

Shape {
  appearance Appearance {
    material Material {
      diffuseColor 0.8510 0.8510 0.8510
      specularColor 0.4235 0.4235 0.4235
      ambientIntensity 0.2
      transparency 0.0000
      shininess 0.5
    }
  }
  geometry IndexedFaceSet {
    ccw TRUE
    solid FALSE
    coord DEF co Coordinate {
      point [
        -0.964567 0.255906 0.905512,
        -0.728346 0.255906 0.905512,
        -0.964567 0.261000 0.906183,
        -0.728346 0.261000 0.906183,
        -0.964567 0.265748 0.908149,
        -0.728346 0.265748 0.908149,
        -0.964567 0.269825 0.911278,
        -0.728346 0.269825 0.911278,
        -0.964567 0.272953 0.915354,
        -0.728346 0.272953 0.915354,
        -0.964567 0.274920 0.920102,
        -0.728346 0.274920 0.920102,
        -0.964567 0.275591 0.925197,
        -0.728346 0.275591 0.925197,
        -0.964567 0.095060 0.905512,
        -0.794985 -0.072426 0.905512,
        -0.728346 -0.072426 0.905512,
        -0.964567 0.095060 0.826772,
        -0.794985 -0.072426 0.826772,
        -0.728346 -0.072426 0.826772,
        -0.964567 0.255906 0.826772,
        -0.728346 0.255906 0.826772,
        -0.728346 0.275591 1.344488,
        -0.964567 0.275591 1.344488,
        -0.728346 0.319172 0.849799,
        -0.728346 0.331304 0.861930,
        -0.728346 0.272997 0.828267,
        -0.728346 0.289569 0.832707,
        -0.728346 0.305118 0.839958,
        -0.728346 0.341144 0.875984,
        -0.728346 0.348395 0.891533,
        -0.728346 0.352835 0.908106,
        -0.728346 0.354331 0.925197,
        -0.728346 0.354331 1.344488,
        -0.964567 0.319172 0.849799,
        -0.964567 0.305118 0.839958,
        -0.964567 0.272997 0.828267,
        -0.964567 0.289569 0.832707,
        -0.964567 0.348395 0.891533,
        -0.964567 0.341144 0.875984,
        -0.964567 0.331304 0.861930,
        -0.964567 0.354331 1.344488,
        -0.964567 0.354331 0.925197,
        -0.964567 0.352835 0.908106,
      ]
    }
    coordIndex [
      0, 1, 2, -1,
      2, 1, 3, -1,
      2, 3, 4, -1,
      4, 3, 5, -1,
      4, 5, 6, -1,
      6, 5, 7, -1,
      6, 7, 8, -1,
      8, 7, 9, -1,
      8, 9, 10, -1,
      10, 9, 11, -1,
      10, 11, 12, -1,
      12, 11, 13, -1,
      0, 14, 1, -1,
      1, 14, 15, -1,
      1, 15, 16, -1,
      14, 17, 15, -1,
      15, 17, 18, -1,
      15, 18, 16, -1,
      16, 18, 19, -1,
      17, 20, 18, -1,
      18, 20, 21, -1,
      18, 21, 19, -1,
      13, 22, 12, -1,
      12, 22, 23, -1,
      1, 16, 19, -1,
      5, 24, 7, -1,
      7, 24, 25, -1,
      7, 25, 9, -1,
      19, 21, 1, -1,
      1, 21, 26, -1,
      1, 26, 3, -1,
      3, 26, 27, -1,
      3, 27, 5, -1,
      5, 27, 28, -1,
      5, 28, 24, -1,
      25, 29, 9, -1,
      9, 29, 30, -1,
      9, 30, 11, -1,
      11, 30, 31, -1,
      11, 31, 13, -1,
      13, 31, 32, -1,
      13, 32, 22, -1,
      22, 32, 33, -1,
      6, 34, 4, -1,
      4, 34, 35, -1,
      4, 35, 2, -1,
      17, 14, 20, -1,
      20, 14, 0, -1,
      20, 0, 36, -1,
      36, 0, 2, -1,
      36, 2, 37, -1,
      37, 2, 35, -1,
      10, 38, 8, -1,
      8, 38, 39, -1,
      8, 39, 6, -1,
      6, 39, 40, -1,
      6, 40, 34, -1,
      23, 41, 12, -1,
      12, 41, 42, -1,
      12, 42, 10, -1,
      10, 42, 43, -1,
      10, 43, 38, -1,
      23, 22, 41, -1,
      41, 22, 33, -1,
      42, 32, 31, -1,
      42, 31, 43, -1,
      43, 31, 30, -1,
      43, 30, 38, -1,
      38, 30, 29, -1,
      38, 29, 39, -1,
      39, 29, 25, -1,
      39, 25, 40, -1,
      40, 25, 24, -1,
      40, 24, 34, -1,
      34, 24, 28, -1,
      34, 28, 35, -1,
      35, 28, 27, -1,
      35, 27, 37, -1,
      37, 27, 26, -1,
      37, 26, 36, -1,
      36, 26, 21, -1,
      36, 21, 20, -1,
      41, 33, 42, -1,
      42, 33, 32, -1,
    ]
  }
}

Shape {
  appearance Appearance {
    material Material {
      diffuseColor 0.2235 0.2235 0.2235
      specularColor 0.1137 0.1137 0.1137
      ambientIntensity 0.2
      transparency 0.0000
      shininess 0.5
    }
  }
  geometry IndexedFaceSet {
    ccw TRUE
    solid FALSE
    coord DEF co Coordinate {
      point [
        -0.964567 0.095060 0.905512,
        -0.794985 -0.072426 0.905512,
        -0.728346 -0.072426 0.905512,
        -0.964567 0.095060 0.826772,
        -0.794985 -0.072426 0.826772,
        -0.728346 -0.072426 0.826772,
        -0.964567 0.255906 0.826772,
        -0.728346 0.255906 0.826772,
        -0.728346 0.305118 0.839958,
        -0.728346 0.341144 0.875984,
        -0.728346 0.354331 0.925197,
        -0.964567 0.305118 0.839958,
        -0.964567 0.341144 0.875984,
        -0.964567 0.354331 0.925197,
        0.352362 -0.669291 0.417327,
        0.352362 -0.590551 0.417327,
        0.364226 -0.590551 0.418045,
        0.364226 -0.669291 0.418045,
        0.375917 -0.590551 0.420187,
        0.375917 -0.669291 0.420187,
        0.387264 -0.590551 0.423723,
        0.387264 -0.669291 0.423723,
        0.398103 -0.590551 0.428601,
        0.398103 -0.669291 0.428601,
        0.408274 -0.590551 0.434750,
        0.408274 -0.669291 0.434750,
        0.417630 -0.590551 0.442080,
        0.417630 -0.669291 0.442080,
        0.426035 -0.590551 0.450485,
        0.426035 -0.669291 0.450485,
        0.433365 -0.590551 0.459841,
        0.433365 -0.669291 0.459841,
        0.439513 -0.590551 0.470012,
        0.439513 -0.669291 0.470012,
        0.444391 -0.590551 0.480850,
        0.444391 -0.669291 0.480850,
        0.447927 -0.590551 0.492198,
        0.447927 -0.669291 0.492198,
        0.450070 -0.590551 0.503889,
        0.450070 -0.669291 0.503889,
        0.450787 -0.590551 0.515752,
        0.450787 -0.669291 0.515752,
        0.450070 -0.590551 0.527616,
        0.450070 -0.669291 0.527616,
        0.447927 -0.590551 0.539307,
        0.447927 -0.669291 0.539307,
        0.444391 -0.590551 0.550655,
        0.444391 -0.669291 0.550655,
        0.439513 -0.590551 0.561493,
        0.439513 -0.669291 0.561493,
        0.433365 -0.590551 0.571664,
        0.433365 -0.669291 0.571664,
        0.426035 -0.590551 0.581020,
        0.426035 -0.669291 0.581020,
        0.417630 -0.590551 0.589425,
        0.417630 -0.669291 0.589425,
        0.408274 -0.590551 0.596755,
        0.408274 -0.669291 0.596755,
        0.398103 -0.590551 0.602904,
        0.398103 -0.669291 0.602904,
        0.387264 -0.590551 0.607781,
        0.387264 -0.669291 0.607781,
        0.375917 -0.590551 0.611318,
        0.375917 -0.669291 0.611318,
        0.364226 -0.590551 0.613460,
        0.364226 -0.669291 0.613460,
        0.352362 -0.590551 0.614178,
        0.352362 -0.669291 0.614178,
        0.265211 -0.669291 0.561493,
        0.260333 -0.669291 0.550655,
        0.317460 -0.669291 0.423723,
        0.340498 -0.669291 0.418045,
        0.328807 -0.669291 0.420187,
        0.256797 -0.669291 0.539307,
        0.254655 -0.669291 0.527616,
        0.253937 -0.669291 0.515752,
        0.254655 -0.669291 0.503889,
        0.256797 -0.669291 0.492198,
        0.260333 -0.669291 0.480850,
        0.287094 -0.669291 0.442080,
        0.296450 -0.669291 0.434750,
        0.278690 -0.669291 0.450485,
        0.271360 -0.669291 0.459841,
        0.265211 -0.669291 0.470012,
        0.306622 -0.669291 0.428601,
        0.340498 -0.669291 0.613460,
        0.328807 -0.669291 0.611318,
        0.317460 -0.669291 0.607781,
        0.306622 -0.669291 0.602904,
        0.296450 -0.669291 0.596755,
        0.287094 -0.669291 0.589425,
        0.278690 -0.669291 0.581020,
        0.271360 -0.669291 0.571664,
        0.271360 -0.590551 0.571664,
        0.340498 -0.590551 0.418045,
        0.328807 -0.590551 0.420187,
        0.265211 -0.590551 0.561493,
        0.317460 -0.590551 0.423723,
        0.306622 -0.590551 0.428601,
        0.296450 -0.590551 0.434750,
        0.271360 -0.590551 0.459841,
        0.265211 -0.590551 0.470012,
        0.260333 -0.590551 0.480850,
        0.256797 -0.590551 0.492198,
        0.287094 -0.590551 0.442080,
        0.278690 -0.590551 0.450485,
        0.254655 -0.590551 0.503889,
        0.253937 -0.590551 0.515752,
        0.254655 -0.590551 0.527616,
        0.256797 -0.590551 0.539307,
        0.260333 -0.590551 0.550655,
        0.340498 -0.590551 0.613460,
        0.278690 -0.590551 0.581020,
        0.287094 -0.590551 0.589425,
        0.296450 -0.590551 0.596755,
        0.306622 -0.590551 0.602904,
        0.328807 -0.590551 0.611318,
        0.317460 -0.590551 0.607781,
        -0.964567 0.236220 0.905512,
        -0.964567 0.275591 0.944882,
        -0.728346 0.236220 0.905512,
        -0.728346 0.275591 0.944882,
        0.728346 0.236220 0.905512,
        0.728346 0.275591 0.944882,
        0.964567 0.236220 0.905512,
        0.964567 0.275591 0.944882,
        -0.964567 0.275591 1.279528,
        -0.728346 0.275591 1.279528,
        0.728346 0.275591 1.279528,
        0.964567 0.275591 1.279528,
        0.964567 0.095060 0.905512,
        0.794985 -0.072426 0.905512,
        0.728346 -0.072426 0.905512,
        0.794985 -0.072426 0.826772,
        0.868317 -0.000000 0.826772,
        0.728346 -0.072426 0.826772,
        0.728346 -0.000000 0.826772,
        -0.868317 -0.000000 0.826772,
        -0.728346 -0.000000 0.826772,
        -0.206693 0.354331 1.250000,
        -0.206693 0.354331 0.935039,
        -0.521654 0.354331 1.250000,
        -0.521654 0.354331 0.935039,
        -0.206693 0.314961 1.250000,
        -0.206693 0.314961 0.935039,
        -0.521654 0.314961 0.935039,
        -0.521654 0.314961 1.250000,
        0.492126 -0.346457 0.039370,
        -0.492126 -0.346457 0.039370,
        -0.393701 -0.346457 -0.000000,
        -0.492126 -0.346457 -0.000000,
        0.492126 -0.346457 -0.000000,
        0.393701 -0.346457 -0.000000,
        0.393701 -0.346457 -0.019685,
        -0.393701 -0.346457 -0.019685,
        0.013919 -0.059055 0.571856,
        0.097436 -0.059055 0.655372,
        0.013919 -0.157480 0.571856,
        0.097436 -0.157480 0.655372,
        -0.013919 -0.157480 0.766727,
        -0.013919 -0.059055 0.766727,
        -0.097436 -0.157480 0.683211,
        -0.097436 -0.059055 0.683211,
        -0.438462 -0.059055 0.342185,
        -0.438462 -0.157480 0.342185,
        -0.354945 -0.059055 0.425702,
        -0.354945 -0.157480 0.425702,
        -0.243590 -0.059055 0.314346,
        -0.243590 -0.157480 0.314346,
        -0.327106 -0.059055 0.230830,
        -0.327106 -0.157480 0.230830,
        0.944882 -0.472441 0.177165,
        0.944882 -0.267717 0.177165,
        0.944882 -0.472441 0.255906,
        0.944882 -0.267717 0.255906,
        0.866142 -0.590551 0.255906,
        0.866142 -0.262092 0.255906,
        -0.866142 -0.590551 0.255906,
        -0.866142 -0.262092 0.255906,
        -0.944882 -0.472441 0.255906,
        -0.944882 -0.267717 0.255906,
        -0.944882 -0.267717 0.177165,
        -0.944882 -0.472441 0.177165,
        -0.393701 -0.072178 0.000000,
        -0.393701 -0.075459 -0.019685,
        0.393701 -0.075459 -0.019685,
        0.393701 -0.072178 0.000000,
        0.925197 -0.137795 0.433071,
        0.925197 -0.346457 0.433071,
        0.866142 -0.346457 0.433071,
        0.908018 -0.088702 0.433071,
        0.917399 -0.103631 0.433071,
        0.923222 -0.120274 0.433071,
        0.866142 -0.061556 0.433071,
        0.880621 -0.066853 0.433071,
        0.895550 -0.076234 0.433071,
        0.826772 -0.346457 0.354331,
        0.866142 -0.346457 0.354331,
        0.925197 -0.346457 0.669291,
        0.826772 -0.346457 0.669291,
        -0.866142 -0.346457 0.354331,
        -0.826772 -0.346457 0.354331,
        -0.866142 -0.346457 0.433071,
        -0.826772 -0.346457 0.669291,
        -0.925197 -0.346457 0.433071,
        -0.925197 -0.346457 0.669291,
        -0.922514 -0.117416 0.433071,
        -0.914648 -0.098425 0.433071,
        -0.902134 -0.082118 0.433071,
        -0.866142 -0.061556 0.433071,
        -0.925197 -0.137795 0.433071,
        -0.866836 -0.061738 0.433071,
        -0.885827 -0.069604 0.433071,
        -0.285348 -0.157480 0.189071,
        -0.480220 -0.157480 0.383943,
        -0.480220 -0.019685 0.383943,
        -0.411238 -0.019685 0.314961,
        -0.285348 -0.040667 0.189071,
        0.243590 -0.059055 1.024237,
        0.243590 -0.157480 1.024237,
        0.327106 -0.059055 1.107753,
        0.327106 -0.157480 1.107753,
        0.438462 -0.059055 0.996398,
        0.438462 -0.157480 0.996398,
        0.354945 -0.059055 0.912881,
        0.354945 -0.157480 0.912881,
        -0.492126 -0.346457 1.304667,
        0.492126 -0.346457 1.304667,
        -0.492126 -0.346457 1.358268,
        0.492126 -0.346457 1.358268,
        -1.200787 -0.472441 1.082677,
        -1.200787 -0.346457 1.082677,
        -1.122047 -0.590551 1.082677,
        -1.122047 -0.339298 1.082677,
        -0.480220 -0.157480 0.467460,
        -0.438462 -0.157480 0.509218,
        -0.489605 -0.157480 0.396174,
        -0.495505 -0.157480 0.410417,
        -0.497517 -0.157480 0.425702,
        -0.495505 -0.157480 0.440986,
        -0.489605 -0.157480 0.455229,
        -0.438462 -0.059055 0.509218,
        -0.180952 -0.059055 0.766727,
        -0.180952 -0.157480 0.766727,
        -0.097436 -0.157480 0.850244,
        -0.097436 -0.059055 0.850244,
        0.160073 -0.059055 1.107753,
        0.160073 -0.157480 1.107753,
        0.201831 -0.157480 1.149511,
        0.214062 -0.157480 1.158896,
        0.258874 -0.157480 1.164796,
        0.273117 -0.157480 1.158896,
        0.285348 -0.157480 1.149511,
        0.228306 -0.157480 1.164796,
        0.243590 -0.157480 1.166808,
        -0.489605 -0.019685 0.396174,
        -0.495505 -0.019685 0.410417,
        -0.497517 -0.019685 0.425702,
        -0.495505 -0.019685 0.440986,
        -0.489605 -0.019685 0.455229,
        -0.480220 -0.019685 0.467460,
        -0.167323 0.314961 1.289370,
        -0.167323 0.314961 0.895669,
        -0.561024 0.314961 0.895669,
        -0.561024 0.314961 1.289370,
        -0.925197 -0.590551 0.669291,
        -0.826772 -0.590551 0.669291,
        -0.492126 -0.590551 1.358268,
        -0.492126 -0.590551 1.304667,
        0.492126 -0.590551 1.304667,
        0.492126 -0.590551 1.358268,
        0.925197 -0.590551 0.669291,
        0.826772 -0.590551 0.669291,
        0.826772 -0.590551 0.354331,
        0.866142 -0.590551 0.354331,
        0.866142 -0.590551 0.048318,
        0.836614 -0.259983 -0.000000,
        0.836614 -0.590551 -0.000000,
        0.669291 -0.248031 -0.000000,
        0.669291 -0.072178 0.000000,
        0.492126 -0.590551 -0.000000,
        0.492126 -0.590551 0.039370,
        -0.492126 -0.590551 0.039370,
        -0.492126 -0.590551 -0.000000,
        -0.836614 -0.590551 -0.000000,
        -0.836614 -0.259983 -0.000000,
        -0.669291 -0.248031 -0.000000,
        -0.669291 -0.072178 0.000000,
        -0.866142 -0.590551 0.048318,
        -0.826772 -0.590551 0.354331,
        -0.866142 -0.590551 0.354331,
        0.495505 -0.157480 0.897597,
        0.489605 -0.157480 0.883354,
        0.480220 -0.157480 0.871123,
        0.438462 -0.157480 0.829365,
        0.480220 -0.157480 0.954639,
        0.489605 -0.157480 0.942409,
        0.495505 -0.157480 0.928166,
        0.497517 -0.157480 0.912881,
        0.438462 -0.059055 0.829365,
        0.180952 -0.157480 0.571856,
        0.180952 -0.059055 0.571856,
        0.097436 -0.157480 0.488339,
        0.097436 -0.059055 0.488339,
        -0.160073 -0.059055 0.230830,
        -0.160073 -0.157480 0.230830,
        -0.201831 -0.157480 0.189071,
        -0.214062 -0.157480 0.179686,
        -0.228306 -0.157480 0.173787,
        -0.243590 -0.157480 0.171774,
        -0.258874 -0.157480 0.173787,
        -0.273117 -0.157480 0.179686,
        -0.240862 -0.043539 0.171837,
        -0.243581 -0.043518 0.171963,
        -0.272935 -0.042175 0.180022,
        -0.277559 -0.041758 0.182522,
        -0.251738 -0.043455 0.172339,
        -0.258766 -0.043146 0.174196,
        -0.265404 -0.042853 0.175951,
        -0.228349 -0.043173 0.174033,
        -0.226070 -0.043106 0.174433,
        -0.214090 -0.042220 0.179749,
        -0.213529 -0.042179 0.179998,
        -0.201831 -0.040667 0.189071,
        1.122047 -0.590551 1.082677,
        1.122047 -0.339298 1.082677,
        1.200787 -0.472441 1.082677,
        1.200787 -0.346457 1.082677,
        0.669291 -0.248031 0.059055,
        0.669291 -0.062336 0.059055,
        0.708661 -0.250844 0.098425,
        0.708661 -0.157480 0.098425,
        0.826772 -0.259280 0.098425,
        0.826772 -0.157480 0.098425,
        0.826772 -0.157480 0.216535,
        0.826772 -0.259280 0.216535,
        0.866142 -0.061556 0.255906,
        0.863957 -0.061136 0.253720,
        0.856378 -0.059683 0.246142,
        0.846457 -0.059055 0.236220,
        0.846457 -0.059055 0.767717,
        0.860751 -0.060666 0.767717,
        0.863978 -0.061029 0.767717,
        0.875298 -0.064991 0.767717,
        0.880621 -0.066853 0.767717,
        0.889287 -0.072298 0.767717,
        0.895550 -0.076234 0.767717,
        0.901784 -0.082468 0.767717,
        0.908018 -0.088702 0.767717,
        0.911954 -0.094965 0.767717,
        0.917399 -0.103631 0.767717,
        0.919261 -0.108954 0.767717,
        0.925197 -0.137795 0.767717,
        0.923586 -0.123501 0.767717,
        0.923222 -0.120274 0.767717,
        -0.856378 -0.059683 0.246142,
        -0.866142 -0.061556 0.255906,
        -0.866836 -0.061738 0.767717,
        -0.846457 -0.059055 0.236220,
        -0.846457 -0.059055 0.767717,
        -0.860812 -0.060945 0.767717,
        -0.925197 -0.137795 0.767717,
        -0.923413 -0.124249 0.767717,
        -0.922514 -0.117416 0.767717,
        -0.919302 -0.109660 0.767717,
        -0.914648 -0.098425 0.767717,
        -0.912341 -0.095420 0.767717,
        -0.902405 -0.082470 0.767717,
        -0.902134 -0.082118 0.767717,
        -0.889533 -0.072449 0.767717,
        -0.885827 -0.069604 0.767717,
        -0.875385 -0.065279 0.767717,
        -0.826772 -0.259280 0.216535,
        -0.826772 -0.157480 0.216535,
        -0.826772 -0.259280 0.098425,
        -0.826772 -0.157480 0.098425,
        -0.708661 -0.157480 0.098425,
        -0.708661 -0.250844 0.098425,
        -0.669291 -0.248031 0.059055,
        -0.669291 -0.062336 0.059055,
        -0.688976 -0.000000 0.433071,
        -0.570287 -0.000000 0.433071,
        -0.688397 -0.019685 0.314961,
        -0.075942 -0.019685 0.314961,
        -0.020265 -0.019685 0.314961,
        0.097846 -0.000000 0.433071,
        0.688976 -0.000000 0.433071,
        0.688976 -0.059055 0.078740,
        -0.688976 -0.059055 0.078740,
        0.688976 -0.058221 0.777609,
        0.688976 -0.059055 0.767717,
        0.688976 -0.009892 0.825937,
        0.688976 -0.000000 0.826772,
        0.688976 -0.023818 0.821756,
        0.688976 -0.036300 0.814298,
        0.688976 -0.054039 0.791535,
        0.688976 -0.046581 0.804017,
        0.876391 -0.063387 0.779329,
        0.875869 -0.064046 0.775499,
        0.861339 -0.059904 0.774985,
        0.889622 -0.071722 0.772078,
        0.889851 -0.071228 0.776389,
        0.902333 -0.081281 0.777635,
        0.875549 -0.064448 0.771624,
        0.925197 -0.126408 0.809074,
        0.925197 -0.130424 0.799839,
        0.923926 -0.117560 0.796751,
        0.923913 -0.101938 0.821029,
        0.924280 -0.103058 0.821614,
        0.925197 -0.122674 0.813979,
        0.924693 -0.107505 0.823937,
        0.925197 -0.112931 0.826772,
        0.923910 -0.101930 0.821025,
        0.923979 -0.110754 0.809636,
        0.922087 -0.096374 0.818122,
        0.913650 -0.079915 0.809524,
        0.917104 -0.085219 0.812295,
        0.913304 -0.085943 0.800244,
        0.919771 -0.089315 0.814435,
        0.920074 -0.098110 0.804850,
        0.920208 -0.090646 0.815130,
        0.920214 -0.090666 0.815140,
        0.893757 -0.062559 0.800457,
        0.893764 -0.062563 0.800459,
        0.903826 -0.075081 0.796133,
        0.899531 -0.066109 0.802311,
        0.902693 -0.068052 0.803327,
        0.904830 -0.070126 0.804410,
        0.849271 -0.057189 0.781735,
        0.850070 -0.056655 0.784225,
        0.862943 -0.058539 0.782122,
        0.864112 -0.057532 0.785611,
        0.878011 -0.061333 0.786796,
        0.879091 -0.059954 0.790407,
        0.892160 -0.066257 0.792793,
        0.893055 -0.064333 0.796598,
        0.865510 -0.056319 0.789031,
        0.867128 -0.054902 0.792369,
        0.880341 -0.058352 0.793916,
        0.868922 -0.053630 0.795793,
        0.873020 -0.054067 0.796021,
        0.875296 -0.054826 0.796417,
        0.881586 -0.056924 0.797513,
        0.850613 -0.056282 0.785164,
        0.881602 -0.056929 0.797516,
        0.888024 -0.059070 0.798635,
        0.888151 -0.059113 0.798657,
        0.890225 -0.070421 0.780633,
        0.890739 -0.069315 0.784793,
        0.902907 -0.078881 0.787165,
        0.925197 -0.134383 0.790736,
        0.925197 -0.135519 0.784330,
        0.923894 -0.121926 0.782671,
        0.925197 -0.137666 0.772221,
        0.919716 -0.107520 0.780886,
        0.912472 -0.093657 0.779168,
        0.852480 -0.055002 0.788387,
        0.854245 -0.053792 0.791436,
        0.854407 -0.053681 0.791716,
        0.856038 -0.052562 0.794533,
        0.868907 -0.053628 0.795792,
        0.862578 -0.052953 0.795439,
        0.856446 -0.052298 0.795097,
        0.904888 -0.070181 0.804439,
        0.911470 -0.076567 0.807775,
        0.913584 -0.079814 0.809471,
        0.847937 -0.058078 0.777580,
        0.862015 -0.059331 0.778576,
        0.877108 -0.062480 0.783099,
        0.891386 -0.067922 0.788852,
        0.847269 -0.058524 0.775499,
        0.847198 -0.058571 0.774816,
        0.912792 -0.090658 0.790083,
        0.919854 -0.103851 0.793353,
        -0.889900 -0.071902 0.772113,
        -0.924506 -0.107688 0.823920,
        -0.923845 -0.102531 0.821237,
        -0.924097 -0.111228 0.810069,
        -0.854304 -0.053763 0.791425,
        -0.852580 -0.054941 0.788469,
        -0.865654 -0.056291 0.789150,
        -0.868922 -0.053610 0.795762,
        -0.862596 -0.052767 0.795325,
        -0.867285 -0.054859 0.792504,
        -0.854531 -0.053608 0.791813,
        -0.859391 -0.052340 0.795103,
        -0.856440 -0.052304 0.795086,
        -0.875337 -0.054765 0.796362,
        -0.880572 -0.058350 0.794080,
        -0.881638 -0.056885 0.797466,
        -0.881778 -0.056931 0.797490,
        -0.873862 -0.054268 0.796104,
        -0.868980 -0.053618 0.795766,
        -0.894083 -0.062618 0.800452,
        -0.893849 -0.062483 0.800381,
        -0.893343 -0.064403 0.796811,
        -0.888019 -0.059112 0.798625,
        -0.887684 -0.058919 0.798524,
        -0.900070 -0.066079 0.802254,
        -0.904137 -0.075280 0.796381,
        -0.904719 -0.070295 0.804450,
        -0.913900 -0.080325 0.809675,
        -0.913594 -0.079884 0.809445,
        -0.913593 -0.086251 0.800558,
        -0.910728 -0.075746 0.807290,
        -0.905027 -0.070574 0.804596,
        -0.920257 -0.091212 0.815344,
        -0.920050 -0.090680 0.815067,
        -0.920296 -0.098515 0.805228,
        -0.918733 -0.087304 0.813309,
        -0.917243 -0.085152 0.812189,
        -0.923780 -0.102024 0.820973,
        -0.923440 -0.099368 0.819591,
        -0.922266 -0.096360 0.818024,
        -0.925197 -0.113085 0.826729,
        -0.925197 -0.118984 0.820000,
        -0.925197 -0.122552 0.814274,
        -0.925197 -0.129822 0.802603,
        -0.925197 -0.135979 0.784503,
        -0.924019 -0.122600 0.782839,
        -0.925197 -0.136013 0.784405,
        -0.912772 -0.094102 0.779287,
        -0.919949 -0.108096 0.781031,
        -0.849981 -0.056716 0.784017,
        -0.849300 -0.057170 0.781815,
        -0.863064 -0.058536 0.782205,
        -0.862127 -0.059337 0.778639,
        -0.876597 -0.063451 0.779406,
        -0.876071 -0.064119 0.775552,
        -0.890130 -0.071400 0.776459,
        -0.861444 -0.059917 0.775028,
        -0.875750 -0.064525 0.771650,
        -0.847987 -0.058045 0.777574,
        -0.879315 -0.059972 0.790552,
        -0.892445 -0.066355 0.792982,
        -0.891669 -0.068044 0.789015,
        -0.903221 -0.079144 0.787342,
        -0.850691 -0.056231 0.785232,
        -0.864243 -0.057518 0.785712,
        -0.878228 -0.061369 0.786920,
        -0.877319 -0.062531 0.783201,
        -0.891020 -0.069457 0.784927,
        -0.890505 -0.070581 0.780736,
        -0.902648 -0.081585 0.777728,
        -0.913088 -0.091050 0.790309,
        -0.920082 -0.104359 0.793627,
        -0.924049 -0.118154 0.797065,
        -0.925197 -0.130654 0.800159,
        -0.847135 -0.058612 0.774823,
        -0.847148 -0.058604 0.774862,
        -0.688976 -0.059055 0.767717,
        -0.688976 -0.036300 0.814298,
        -0.688976 -0.058221 0.777609,
        -0.688976 -0.046581 0.804017,
        -0.688976 -0.054039 0.791535,
        -0.688976 -0.023818 0.821756,
        -0.688976 -0.009892 0.825937,
        -0.688976 -0.000000 0.826772,
        0.435869 -0.019685 0.826772,
        0.491546 -0.019685 0.826772,
        0.491546 -0.000000 0.826772,
        0.863494 -0.048106 0.801810,
        0.862463 -0.048661 0.801176,
        0.883681 -0.036813 0.813209,
        0.879276 -0.039611 0.811516,
        0.873104 -0.042933 0.807720,
        0.866802 -0.046326 0.803844,
        0.894741 -0.029790 0.817460,
        0.885131 -0.035893 0.813766,
        0.916316 -0.014335 0.825006,
        0.914667 -0.015805 0.824552,
        0.909478 -0.020430 0.823124,
        0.905414 -0.023011 0.821562,
        0.904548 -0.023561 0.821230,
        0.920110 -0.009936 0.825825,
        0.925197 -0.000000 0.826772,
        0.925044 -0.001293 0.826757,
        0.924222 -0.003986 0.826637,
        0.922439 -0.007234 0.826328,
        0.921818 -0.007954 0.826194,
        0.886878 -0.038102 0.813001,
        0.924708 -0.004175 0.826663,
        0.923589 -0.008654 0.826322,
        0.922647 -0.008272 0.826213,
        0.910963 -0.025889 0.821505,
        0.917494 -0.017067 0.824502,
        0.920228 -0.018401 0.824840,
        0.908023 -0.036671 0.817672,
        0.903699 -0.034330 0.817343,
        0.925121 -0.002069 0.826756,
        0.925197 -0.002093 0.826772,
        0.916257 -0.077074 0.812669,
        0.900311 -0.061380 0.804510,
        0.868684 -0.048769 0.801426,
        0.874058 -0.049812 0.801172,
        0.879487 -0.051274 0.801204,
        0.884901 -0.053168 0.801544,
        0.895391 -0.058238 0.803195,
        0.898317 -0.052596 0.807681,
        0.894187 -0.050319 0.807084,
        0.912940 -0.072789 0.810250,
        0.904919 -0.064885 0.806139,
        0.919069 -0.081498 0.815278,
        0.921362 -0.085995 0.818037,
        0.918621 -0.076155 0.815948,
        0.925197 -0.106559 0.826772,
        0.924956 -0.004263 0.826707,
        0.925197 -0.004361 0.826772,
        0.924409 -0.009015 0.826504,
        0.908253 -0.024600 0.821576,
        0.906065 -0.057864 0.809729,
        0.908604 -0.049159 0.814146,
        0.912170 -0.039269 0.818540,
        0.889951 -0.048307 0.806772,
        0.885658 -0.046571 0.806738,
        0.877087 -0.043940 0.807448,
        0.881355 -0.045115 0.806969,
        0.896449 -0.041935 0.812252,
        0.890058 -0.039216 0.812559,
        0.899306 -0.032291 0.817542,
        0.916252 -0.028807 0.822204,
        0.925197 -0.083754 0.826772,
        0.925197 -0.091707 0.826772,
        0.924190 -0.087889 0.823947,
        0.925197 -0.099345 0.826772,
        0.924407 -0.094972 0.823824,
        0.924654 -0.101632 0.823806,
        0.925197 -0.075594 0.826772,
        0.922493 -0.077140 0.821613,
        0.922767 -0.083996 0.821177,
        0.923137 -0.090506 0.820900,
        0.923570 -0.096589 0.820820,
        0.912838 -0.063900 0.812850,
        0.918365 -0.070426 0.816887,
        0.912751 -0.068554 0.811388,
        0.922345 -0.070010 0.822167,
        0.925197 -0.067333 0.826772,
        0.922322 -0.062704 0.822795,
        0.925197 -0.059078 0.826772,
        0.922414 -0.055323 0.823459,
        0.925197 -0.050932 0.826772,
        0.925197 -0.009399 0.826772,
        0.924043 -0.020577 0.826143,
        0.922823 -0.019837 0.825608,
        0.923247 -0.033699 0.825282,
        0.921088 -0.032033 0.824007,
        0.922609 -0.047967 0.824118,
        0.919542 -0.044987 0.821813,
        0.918554 -0.058027 0.819266,
        0.918345 -0.064356 0.818019,
        0.925197 -0.035366 0.826772,
        0.925197 -0.021323 0.826772,
        0.924457 -0.004097 0.826639,
        0.924965 -0.002031 0.826739,
        0.913943 -0.053459 0.816339,
        0.916040 -0.042064 0.819934,
        0.918745 -0.030393 0.822974,
        0.921548 -0.019109 0.825172,
        0.925197 -0.590551 0.826772,
        -0.925197 -0.590551 0.826772,
        -0.918872 -0.017719 0.824617,
        -0.920228 -0.018401 0.824840,
        -0.923589 -0.008654 0.826322,
        -0.867057 -0.046645 0.803935,
        -0.863983 -0.048283 0.801372,
        -0.874058 -0.049812 0.801172,
        -0.896449 -0.041935 0.812252,
        -0.889951 -0.048307 0.806772,
        -0.898317 -0.052596 0.807681,
        -0.908604 -0.049159 0.814146,
        -0.912170 -0.039269 0.818540,
        -0.908023 -0.036671 0.817672,
        -0.912940 -0.072789 0.810250,
        -0.924043 -0.020577 0.826143,
        -0.925197 -0.021317 0.826763,
        -0.925197 -0.009399 0.826768,
        -0.922823 -0.019837 0.825608,
        -0.923570 -0.096589 0.820820,
        -0.924654 -0.101632 0.823806,
        -0.919069 -0.081498 0.815278,
        -0.921362 -0.085995 0.818037,
        -0.916257 -0.077074 0.812669,
        -0.894515 -0.060451 0.801452,
        -0.904831 -0.067752 0.804942,
        -0.890228 -0.055493 0.802206,
        -0.884901 -0.053168 0.801544,
        -0.871179 -0.051722 0.798329,
        -0.865298 -0.050801 0.798324,
        -0.860017 -0.050397 0.798067,
        -0.923872 -0.065033 0.824738,
        -0.923965 -0.049456 0.825406,
        -0.922322 -0.062704 0.822795,
        -0.922609 -0.047967 0.824118,
        -0.920548 -0.060362 0.820965,
        -0.918554 -0.058027 0.819266,
        -0.923137 -0.090506 0.820900,
        -0.924407 -0.094972 0.823824,
        -0.918365 -0.070426 0.816887,
        -0.920608 -0.073778 0.819180,
        -0.922493 -0.077140 0.821613,
        -0.924020 -0.080476 0.824154,
        -0.913943 -0.053459 0.816339,
        -0.916040 -0.042064 0.819934,
        -0.919542 -0.044987 0.821813,
        -0.912838 -0.063900 0.812850,
        -0.915770 -0.067121 0.814767,
        -0.903699 -0.034330 0.817343,
        -0.895391 -0.058238 0.803195,
        -0.904919 -0.064885 0.806139,
        -0.879487 -0.051274 0.801204,
        -0.906065 -0.057864 0.809729,
        -0.877483 -0.047613 0.804070,
        -0.881355 -0.045115 0.806969,
        -0.885583 -0.042309 0.809816,
        -0.890058 -0.039216 0.812559,
        -0.899306 -0.032291 0.817542,
        -0.884115 -0.037113 0.813653,
        -0.878529 -0.040234 0.810471,
        -0.873323 -0.043143 0.807505,
        -0.868328 -0.045935 0.804659,
        -0.867186 -0.046573 0.804008,
        -0.922746 -0.008323 0.826229,
        -0.925197 -0.000000 0.826772,
        -0.922746 -0.005445 0.826520,
        -0.924708 -0.004175 0.826663,
        -0.914375 -0.015475 0.824629,
        -0.905268 -0.023062 0.821806,
        -0.908253 -0.024600 0.821576,
        -0.921154 -0.007421 0.826176,
        -0.919189 -0.009860 0.825752,
        -0.917494 -0.017067 0.824502,
        -0.915257 -0.014741 0.824902,
        -0.910963 -0.025889 0.821505,
        -0.925197 -0.004361 0.826770,
        -0.924956 -0.004263 0.826707,
        -0.924409 -0.009015 0.826504,
        -0.925197 -0.035353 0.826758,
        -0.923247 -0.033699 0.825282,
        -0.921088 -0.032033 0.824007,
        -0.918745 -0.030393 0.822974,
        -0.916252 -0.028807 0.822204,
        -0.925121 -0.002069 0.826756,
        -0.904454 -0.023740 0.821553,
        -0.901462 -0.026233 0.820625,
        -0.894900 -0.030349 0.817987,
        -0.885504 -0.036242 0.814211,
        -0.925197 -0.050910 0.826752,
        -0.925197 -0.067299 0.826746,
        -0.925197 -0.083705 0.826740,
        -0.925197 -0.099280 0.826734,
        -0.925197 -0.106486 0.826731,
        -0.925197 -0.002093 0.826771,
        -0.176586 -0.000000 0.826772,
        -0.176586 -0.019685 0.826772,
        -0.120908 -0.019685 0.826772,
        -0.561024 0.354331 1.289370,
        -0.167323 0.354331 1.289370,
        0.201831 0.354331 1.149511,
        0.214062 0.354331 1.158896,
        0.228306 0.354331 1.164796,
        0.243590 0.354331 1.166808,
        0.258874 0.354331 1.164796,
        0.273117 0.354331 1.158896,
        0.285348 0.354331 1.149511,
        0.480220 0.354331 0.954639,
        -0.531496 -0.590551 1.358268,
        0.531496 -0.590551 1.358268,
        0.531496 0.354331 1.358268,
        -0.531496 0.354331 1.358268,
        -0.610236 -0.590551 1.279528,
        -0.610236 0.354331 1.279528,
        -0.120908 0.255906 0.826772,
        -0.119512 0.272425 0.828168,
        -0.117137 0.281268 0.830542,
        -0.114736 0.290211 0.832944,
        -0.107513 0.305015 0.840167,
        -0.066663 0.343858 0.881017,
        -0.047717 0.350237 0.899963,
        -0.040498 0.352668 0.907182,
        -0.022483 0.354331 0.925197,
        -0.092041 0.325463 0.855638,
        -0.087911 0.329436 0.859769,
        -0.071374 0.340660 0.876306,
        -0.106301 0.307501 0.841379,
        -0.093419 0.324138 0.854261,
        -0.167323 0.354331 0.925197,
        -0.167323 0.350977 0.899722,
        -0.167323 0.349797 0.895669,
        -0.561024 0.349797 0.895669,
        -0.561024 0.354331 0.925197,
        -0.561024 0.350977 0.899722,
        0.964567 0.095060 0.826772,
        0.964567 0.255906 0.826772,
        1.122047 0.255906 0.826772,
        1.122047 -0.590551 0.826772,
        1.122047 0.354331 0.925197,
        1.122047 0.354331 1.082677,
        1.122047 0.350977 0.899722,
        1.122047 0.305118 0.839958,
        1.122047 0.325503 0.855600,
        1.122047 0.341144 0.875984,
        1.122047 0.281380 0.830126,
        0.964567 0.354331 1.279528,
        0.984252 0.354331 1.279528,
        0.964567 0.354331 0.925197,
        0.964567 0.350977 0.899722,
        0.964567 0.341144 0.875984,
        0.964567 0.325503 0.855600,
        0.964567 0.305118 0.839958,
        0.964567 0.281380 0.830126,
        0.984252 -0.326772 1.279528,
        1.200787 -0.346457 1.279528,
        1.200787 -0.472441 1.279528,
        1.122047 -0.590551 1.279528,
        -1.122047 -0.590551 0.826772,
        0.036141 -0.590551 0.277253,
        -0.107206 -0.590551 0.290468,
        -0.174657 -0.590551 0.316452,
        -0.481202 -0.590551 0.355318,
        -0.489523 -0.590551 0.358230,
        -0.496988 -0.590551 0.362920,
        -0.503222 -0.590551 0.369154,
        -0.507912 -0.590551 0.376619,
        0.510824 -0.590551 0.384940,
        0.507912 -0.590551 0.376619,
        0.481202 -0.590551 0.983265,
        0.489523 -0.590551 0.980353,
        0.496988 -0.590551 0.975663,
        0.610236 -0.590551 1.279528,
        -0.036141 -0.590551 0.277253,
        0.503222 -0.590551 0.369154,
        0.496988 -0.590551 0.362920,
        0.489523 -0.590551 0.358230,
        -0.236220 -0.590551 0.354331,
        -0.472441 -0.590551 0.354331,
        -0.503222 -0.590551 0.969429,
        -0.507912 -0.590551 0.961964,
        -0.510824 -0.590551 0.953643,
        -1.122047 -0.590551 1.279528,
        -0.496988 -0.590551 0.975663,
        -0.489523 -0.590551 0.980353,
        -0.481202 -0.590551 0.983265,
        -0.472441 -0.590551 0.984252,
        0.503222 -0.590551 0.969429,
        0.507912 -0.590551 0.961964,
        0.510824 -0.590551 0.953643,
        0.511811 -0.590551 0.944882,
        0.511811 -0.590551 0.393701,
        0.107206 -0.590551 0.290468,
        0.174657 -0.590551 0.316452,
        -0.124499 -0.590551 1.042789,
        -0.182719 -0.590551 1.018023,
        -0.236220 -0.590551 0.984252,
        -0.510824 -0.590551 0.384940,
        -0.511811 -0.590551 0.393701,
        -0.511811 -0.590551 0.944882,
        0.481202 -0.590551 0.355318,
        0.472441 -0.590551 0.354331,
        0.236220 -0.590551 0.354331,
        0.124499 -0.590551 1.042789,
        0.182719 -0.590551 1.018023,
        0.236220 -0.590551 0.984252,
        0.472441 -0.590551 0.984252,
        -0.063064 -0.590551 1.057909,
        -0.000000 -0.590551 1.062992,
        0.063064 -0.590551 1.057909,
        0.610236 0.354331 1.279528,
        0.728346 0.354331 0.925197,
        0.496219 0.354331 0.925197,
        0.495505 0.354331 0.928166,
        -0.728346 0.354331 1.279528,
        0.728346 0.354331 1.279528,
        0.489605 0.354331 0.942409,
        0.480220 0.338146 0.871123,
        0.484041 0.340934 0.876102,
        0.492991 0.347901 0.890207,
        0.489605 0.344994 0.883354,
        0.496032 0.350977 0.899722,
        0.495505 0.350382 0.897597,
        0.497517 0.353557 0.912881,
        0.465223 0.324915 0.856126,
        0.439491 0.281320 0.830394,
        0.436697 0.268649 0.827600,
        0.435869 0.255906 0.826772,
        0.459436 0.319810 0.850339,
        0.449272 0.304972 0.840174,
        0.447663 0.302624 0.838566,
        0.440388 0.285388 0.831291,
        0.728346 0.255906 0.826772,
        0.728346 0.350977 0.899722,
        0.728346 0.341144 0.875984,
        0.728346 0.325503 0.855600,
        0.728346 0.305118 0.839958,
        0.728346 0.281380 0.830126,
        -0.728346 0.281380 0.830126,
        -0.728346 0.325503 0.855600,
        -0.728346 0.350977 0.899722,
        -1.200787 -0.472441 1.279528,
        -1.200787 -0.346457 1.279528,
        -0.984252 -0.326772 1.279528,
        -0.984252 0.354331 1.279528,
        -1.122047 0.354331 1.082677,
        -0.964567 0.354331 1.279528,
        -1.122047 0.354331 0.925197,
        -1.122047 0.255906 0.826772,
        -1.122047 0.325503 0.855600,
        -1.122047 0.341144 0.875984,
        -1.122047 0.350977 0.899722,
        -1.122047 0.305118 0.839958,
        -1.122047 0.281380 0.830126,
        -0.964567 0.350977 0.899722,
        -0.964567 0.325503 0.855600,
        -0.964567 0.281380 0.830126,
      ]
    }
    coordIndex [
      14, 15, 16, -1,
      14, 16, 17, -1,
      17, 16, 18, -1,
      17, 18, 19, -1,
      19, 18, 20, -1,
      19, 20, 21, -1,
      21, 20, 22, -1,
      21, 22, 23, -1,
      23, 22, 24, -1,
      23, 24, 25, -1,
      25, 24, 26, -1,
      25, 26, 27, -1,
      27, 26, 28, -1,
      27, 28, 29, -1,
      29, 28, 30, -1,
      29, 30, 31, -1,
      31, 30, 32, -1,
      31, 32, 33, -1,
      33, 32, 34, -1,
      33, 34, 35, -1,
      35, 34, 36, -1,
      35, 36, 37, -1,
      37, 36, 38, -1,
      37, 38, 39, -1,
      39, 38, 40, -1,
      39, 40, 41, -1,
      41, 40, 42, -1,
      41, 42, 43, -1,
      43, 42, 44, -1,
      43, 44, 45, -1,
      45, 44, 46, -1,
      45, 46, 47, -1,
      47, 46, 48, -1,
      47, 48, 49, -1,
      49, 48, 50, -1,
      49, 50, 51, -1,
      51, 50, 52, -1,
      51, 52, 53, -1,
      53, 52, 54, -1,
      53, 54, 55, -1,
      55, 54, 56, -1,
      55, 56, 57, -1,
      57, 56, 58, -1,
      57, 58, 59, -1,
      59, 58, 60, -1,
      59, 60, 61, -1,
      61, 60, 62, -1,
      61, 62, 63, -1,
      63, 62, 64, -1,
      63, 64, 65, -1,
      65, 64, 66, -1,
      65, 66, 67, -1,
      63, 65, 53, -1,
      68, 69, 70, -1,
      71, 14, 65, -1,
      65, 14, 17, -1,
      65, 17, 19, -1,
      19, 21, 65, -1,
      65, 21, 23, -1,
      65, 23, 25, -1,
      67, 70, 65, -1,
      65, 70, 72, -1,
      65, 72, 71, -1,
      25, 27, 65, -1,
      65, 27, 29, -1,
      65, 29, 31, -1,
      41, 65, 39, -1,
      39, 65, 37, -1,
      69, 73, 70, -1,
      70, 73, 74, -1,
      70, 74, 75, -1,
      75, 76, 70, -1,
      70, 76, 77, -1,
      70, 77, 78, -1,
      79, 80, 81, -1,
      81, 80, 82, -1,
      78, 83, 70, -1,
      70, 83, 82, -1,
      70, 82, 84, -1,
      84, 82, 80, -1,
      31, 33, 65, -1,
      65, 33, 35, -1,
      65, 35, 37, -1,
      41, 43, 65, -1,
      65, 43, 45, -1,
      65, 45, 47, -1,
      53, 55, 57, -1,
      67, 85, 70, -1,
      70, 85, 86, -1,
      70, 86, 87, -1,
      87, 88, 70, -1,
      70, 88, 89, -1,
      70, 89, 90, -1,
      47, 49, 65, -1,
      65, 49, 51, -1,
      65, 51, 53, -1,
      57, 59, 53, -1,
      53, 59, 61, -1,
      53, 61, 63, -1,
      90, 91, 70, -1,
      70, 91, 92, -1,
      70, 92, 68, -1,
      66, 64, 93, -1,
      18, 16, 64, -1,
      16, 15, 64, -1,
      64, 15, 94, -1,
      64, 94, 95, -1,
      93, 64, 96, -1,
      62, 22, 64, -1,
      64, 22, 20, -1,
      64, 20, 18, -1,
      40, 22, 42, -1,
      42, 22, 44, -1,
      34, 32, 30, -1,
      40, 38, 22, -1,
      22, 38, 36, -1,
      22, 36, 24, -1,
      24, 36, 26, -1,
      95, 97, 64, -1,
      64, 97, 98, -1,
      64, 98, 99, -1,
      100, 101, 64, -1,
      64, 101, 102, -1,
      64, 102, 103, -1,
      62, 60, 22, -1,
      22, 60, 58, -1,
      22, 58, 56, -1,
      56, 54, 22, -1,
      22, 54, 52, -1,
      22, 52, 50, -1,
      50, 48, 22, -1,
      22, 48, 46, -1,
      22, 46, 44, -1,
      34, 30, 36, -1,
      36, 30, 28, -1,
      36, 28, 26, -1,
      99, 104, 64, -1,
      64, 104, 105, -1,
      64, 105, 100, -1,
      103, 106, 64, -1,
      64, 106, 107, -1,
      64, 107, 108, -1,
      108, 109, 64, -1,
      64, 109, 110, -1,
      64, 110, 96, -1,
      66, 93, 111, -1,
      111, 93, 112, -1,
      111, 112, 113, -1,
      113, 114, 111, -1,
      111, 114, 115, -1,
      111, 115, 116, -1,
      116, 115, 117, -1,
      67, 66, 111, -1,
      67, 111, 85, -1,
      85, 111, 116, -1,
      85, 116, 86, -1,
      86, 116, 117, -1,
      86, 117, 87, -1,
      87, 117, 115, -1,
      87, 115, 88, -1,
      88, 115, 114, -1,
      88, 114, 89, -1,
      89, 114, 113, -1,
      89, 113, 90, -1,
      90, 113, 112, -1,
      90, 112, 91, -1,
      91, 112, 93, -1,
      91, 93, 92, -1,
      92, 93, 96, -1,
      92, 96, 68, -1,
      68, 96, 110, -1,
      68, 110, 69, -1,
      69, 110, 109, -1,
      69, 109, 73, -1,
      73, 109, 108, -1,
      73, 108, 74, -1,
      74, 108, 107, -1,
      74, 107, 75, -1,
      75, 107, 106, -1,
      75, 106, 76, -1,
      76, 106, 103, -1,
      76, 103, 77, -1,
      77, 103, 102, -1,
      77, 102, 78, -1,
      78, 102, 101, -1,
      78, 101, 83, -1,
      83, 101, 100, -1,
      83, 100, 82, -1,
      82, 100, 105, -1,
      82, 105, 81, -1,
      81, 105, 104, -1,
      81, 104, 79, -1,
      79, 104, 99, -1,
      79, 99, 80, -1,
      80, 99, 98, -1,
      80, 98, 84, -1,
      84, 98, 97, -1,
      84, 97, 70, -1,
      70, 97, 95, -1,
      70, 95, 72, -1,
      72, 95, 94, -1,
      72, 94, 71, -1,
      71, 94, 15, -1,
      71, 15, 14, -1,
      118, 119, 120, -1,
      120, 119, 121, -1,
      122, 123, 124, -1,
      124, 123, 125, -1,
      119, 126, 121, -1,
      121, 126, 127, -1,
      0, 118, 1, -1,
      1, 118, 120, -1,
      1, 120, 2, -1,
      123, 128, 125, -1,
      125, 128, 129, -1,
      124, 130, 122, -1,
      122, 130, 131, -1,
      122, 131, 132, -1,
      133, 134, 135, -1,
      135, 134, 136, -1,
      137, 4, 138, -1,
      138, 4, 5, -1,
      139, 140, 141, -1,
      141, 140, 142, -1,
      139, 143, 140, -1,
      140, 143, 144, -1,
      140, 144, 142, -1,
      142, 144, 145, -1,
      142, 145, 141, -1,
      141, 145, 146, -1,
      141, 146, 139, -1,
      139, 146, 143, -1,
      147, 148, 149, -1,
      149, 148, 150, -1,
      151, 147, 152, -1,
      152, 147, 149, -1,
      152, 149, 153, -1,
      153, 149, 154, -1,
      155, 156, 157, -1,
      157, 156, 158, -1,
      159, 160, 161, -1,
      161, 160, 162, -1,
      163, 164, 165, -1,
      165, 164, 166, -1,
      167, 168, 169, -1,
      169, 168, 170, -1,
      171, 172, 173, -1,
      173, 172, 174, -1,
      173, 174, 175, -1,
      175, 174, 176, -1,
      177, 178, 179, -1,
      179, 178, 180, -1,
      181, 182, 180, -1,
      180, 182, 179, -1,
      149, 183, 154, -1,
      154, 183, 184, -1,
      154, 184, 153, -1,
      153, 184, 185, -1,
      153, 185, 152, -1,
      152, 185, 186, -1,
      187, 188, 189, -1,
      190, 191, 192, -1,
      189, 193, 187, -1,
      187, 193, 194, -1,
      187, 194, 192, -1,
      192, 194, 195, -1,
      192, 195, 190, -1,
      196, 197, 189, -1,
      188, 198, 189, -1,
      189, 198, 199, -1,
      189, 199, 196, -1,
      200, 201, 202, -1,
      202, 201, 203, -1,
      202, 203, 204, -1,
      204, 203, 205, -1,
      206, 207, 208, -1,
      202, 204, 209, -1,
      209, 204, 210, -1,
      209, 210, 211, -1,
      211, 210, 206, -1,
      211, 206, 212, -1,
      212, 206, 208, -1,
      169, 170, 213, -1,
      214, 164, 215, -1,
      215, 164, 163, -1,
      215, 163, 216, -1,
      216, 163, 169, -1,
      216, 169, 217, -1,
      217, 169, 213, -1,
      218, 219, 220, -1,
      220, 219, 221, -1,
      222, 223, 224, -1,
      224, 223, 225, -1,
      226, 227, 228, -1,
      228, 227, 229, -1,
      230, 231, 232, -1,
      232, 231, 233, -1,
      234, 235, 166, -1,
      166, 164, 214, -1,
      214, 236, 166, -1,
      166, 236, 237, -1,
      166, 237, 238, -1,
      238, 239, 166, -1,
      166, 239, 240, -1,
      166, 240, 234, -1,
      165, 166, 241, -1,
      241, 166, 235, -1,
      162, 242, 161, -1,
      161, 242, 243, -1,
      244, 159, 243, -1,
      243, 159, 161, -1,
      244, 245, 159, -1,
      159, 245, 160, -1,
      246, 247, 218, -1,
      218, 247, 219, -1,
      247, 248, 219, -1,
      219, 248, 249, -1,
      250, 251, 219, -1,
      219, 251, 252, -1,
      219, 252, 221, -1,
      249, 253, 219, -1,
      219, 253, 254, -1,
      219, 254, 250, -1,
      214, 215, 236, -1,
      236, 215, 255, -1,
      236, 255, 237, -1,
      237, 255, 256, -1,
      237, 256, 238, -1,
      238, 256, 257, -1,
      238, 257, 239, -1,
      239, 257, 258, -1,
      239, 258, 240, -1,
      240, 258, 259, -1,
      240, 259, 234, -1,
      234, 259, 260, -1,
      143, 261, 144, -1,
      144, 261, 262, -1,
      144, 262, 145, -1,
      145, 262, 263, -1,
      145, 263, 146, -1,
      146, 263, 264, -1,
      146, 264, 143, -1,
      143, 264, 261, -1,
      205, 203, 265, -1,
      265, 203, 266, -1,
      228, 267, 226, -1,
      226, 267, 268, -1,
      227, 226, 269, -1,
      269, 226, 268, -1,
      270, 229, 269, -1,
      269, 229, 227, -1,
      271, 272, 198, -1,
      198, 272, 199, -1,
      273, 196, 272, -1,
      272, 196, 199, -1,
      274, 197, 273, -1,
      273, 197, 196, -1,
      275, 171, 175, -1,
      175, 171, 173, -1,
      172, 171, 276, -1,
      276, 171, 275, -1,
      276, 275, 277, -1,
      151, 152, 186, -1,
      278, 276, 277, -1,
      186, 279, 151, -1,
      151, 279, 278, -1,
      151, 278, 280, -1,
      280, 278, 277, -1,
      151, 280, 147, -1,
      147, 280, 281, -1,
      282, 148, 281, -1,
      281, 148, 147, -1,
      283, 150, 282, -1,
      282, 150, 148, -1,
      284, 285, 286, -1,
      183, 149, 287, -1,
      287, 149, 150, -1,
      287, 150, 286, -1,
      286, 150, 283, -1,
      286, 283, 284, -1,
      182, 181, 288, -1,
      288, 181, 285, -1,
      288, 285, 284, -1,
      182, 288, 179, -1,
      179, 288, 177, -1,
      289, 201, 290, -1,
      290, 201, 200, -1,
      266, 203, 289, -1,
      289, 203, 201, -1,
      291, 292, 225, -1,
      225, 292, 293, -1,
      225, 293, 294, -1,
      223, 295, 225, -1,
      225, 295, 296, -1,
      296, 297, 225, -1,
      225, 297, 298, -1,
      225, 298, 291, -1,
      224, 225, 299, -1,
      299, 225, 294, -1,
      158, 156, 300, -1,
      300, 156, 301, -1,
      300, 302, 158, -1,
      158, 302, 157, -1,
      303, 155, 302, -1,
      302, 155, 157, -1,
      220, 222, 218, -1,
      218, 222, 224, -1,
      303, 304, 167, -1,
      169, 163, 167, -1,
      167, 163, 165, -1,
      167, 165, 303, -1,
      303, 165, 155, -1,
      299, 301, 224, -1,
      224, 301, 156, -1,
      241, 242, 162, -1,
      246, 218, 245, -1,
      245, 218, 224, -1,
      245, 224, 160, -1,
      160, 224, 156, -1,
      160, 156, 162, -1,
      162, 156, 155, -1,
      162, 155, 241, -1,
      241, 155, 165, -1,
      304, 305, 167, -1,
      167, 305, 168, -1,
      213, 170, 168, -1,
      168, 305, 306, -1,
      306, 307, 168, -1,
      168, 307, 308, -1,
      168, 308, 309, -1,
      309, 310, 168, -1,
      168, 310, 311, -1,
      168, 311, 213, -1,
      312, 313, 309, -1,
      311, 314, 213, -1,
      213, 314, 315, -1,
      213, 315, 217, -1,
      309, 313, 310, -1,
      313, 316, 310, -1,
      310, 316, 317, -1,
      310, 317, 311, -1,
      311, 317, 318, -1,
      311, 318, 314, -1,
      312, 309, 319, -1,
      319, 309, 308, -1,
      319, 308, 320, -1,
      320, 308, 307, -1,
      320, 307, 321, -1,
      321, 307, 322, -1,
      322, 307, 306, -1,
      322, 306, 323, -1,
      324, 325, 326, -1,
      326, 325, 327, -1,
      328, 278, 329, -1,
      329, 278, 279, -1,
      330, 331, 332, -1,
      332, 331, 333, -1,
      334, 333, 331, -1,
      334, 335, 333, -1,
      333, 335, 332, -1,
      176, 174, 172, -1,
      276, 278, 328, -1,
      328, 330, 276, -1,
      276, 330, 332, -1,
      276, 332, 172, -1,
      172, 332, 335, -1,
      172, 335, 176, -1,
      274, 175, 197, -1,
      197, 175, 176, -1,
      176, 336, 197, -1,
      197, 336, 193, -1,
      197, 193, 189, -1,
      193, 336, 337, -1,
      338, 339, 340, -1,
      338, 340, 337, -1,
      340, 341, 337, -1,
      337, 341, 342, -1,
      337, 342, 193, -1,
      193, 342, 343, -1,
      193, 343, 194, -1,
      343, 344, 194, -1,
      194, 344, 345, -1,
      194, 345, 195, -1,
      345, 346, 195, -1,
      195, 346, 347, -1,
      195, 347, 190, -1,
      347, 348, 190, -1,
      190, 348, 349, -1,
      190, 349, 191, -1,
      349, 350, 191, -1,
      191, 350, 351, -1,
      191, 351, 192, -1,
      352, 187, 353, -1,
      353, 187, 192, -1,
      353, 192, 354, -1,
      354, 192, 351, -1,
      355, 356, 209, -1,
      209, 211, 357, -1,
      358, 355, 359, -1,
      359, 355, 209, -1,
      359, 209, 360, -1,
      360, 209, 357, -1,
      210, 361, 206, -1,
      206, 361, 362, -1,
      362, 363, 206, -1,
      206, 363, 364, -1,
      206, 364, 207, -1,
      364, 365, 207, -1,
      207, 365, 366, -1,
      207, 366, 208, -1,
      366, 367, 208, -1,
      208, 367, 368, -1,
      208, 368, 212, -1,
      368, 369, 212, -1,
      212, 369, 370, -1,
      212, 370, 211, -1,
      211, 370, 371, -1,
      211, 371, 357, -1,
      209, 356, 178, -1,
      202, 209, 200, -1,
      200, 209, 178, -1,
      200, 178, 290, -1,
      290, 178, 177, -1,
      372, 373, 374, -1,
      374, 373, 375, -1,
      376, 375, 373, -1,
      374, 375, 377, -1,
      377, 375, 376, -1,
      178, 372, 374, -1,
      180, 178, 181, -1,
      181, 178, 374, -1,
      181, 374, 285, -1,
      285, 374, 377, -1,
      285, 377, 286, -1,
      286, 377, 378, -1,
      378, 379, 286, -1,
      286, 379, 287, -1,
      380, 381, 382, -1,
      185, 184, 183, -1,
      216, 217, 382, -1,
      382, 217, 315, -1,
      323, 383, 384, -1,
      385, 386, 384, -1,
      384, 386, 387, -1,
      384, 387, 329, -1,
      183, 323, 185, -1,
      185, 323, 384, -1,
      185, 384, 186, -1,
      186, 384, 329, -1,
      186, 329, 279, -1,
      183, 287, 379, -1,
      319, 320, 183, -1,
      183, 379, 382, -1,
      382, 379, 388, -1,
      382, 388, 380, -1,
      320, 321, 183, -1,
      183, 321, 322, -1,
      183, 322, 323, -1,
      316, 313, 183, -1,
      183, 313, 312, -1,
      183, 312, 319, -1,
      315, 314, 382, -1,
      382, 314, 318, -1,
      382, 318, 183, -1,
      183, 318, 317, -1,
      183, 317, 316, -1,
      389, 390, 391, -1,
      387, 386, 390, -1,
      390, 386, 392, -1,
      390, 392, 391, -1,
      391, 393, 389, -1,
      389, 393, 394, -1,
      389, 394, 395, -1,
      395, 394, 396, -1,
      339, 387, 340, -1,
      340, 387, 390, -1,
      397, 398, 399, -1,
      342, 341, 399, -1,
      400, 401, 402, -1,
      344, 343, 403, -1,
      404, 405, 406, -1,
      407, 408, 409, -1,
      409, 408, 410, -1,
      409, 410, 411, -1,
      407, 409, 412, -1,
      412, 409, 413, -1,
      412, 413, 414, -1,
      415, 416, 417, -1,
      417, 416, 418, -1,
      417, 418, 419, -1,
      419, 418, 420, -1,
      419, 420, 413, -1,
      413, 420, 421, -1,
      413, 421, 414, -1,
      422, 423, 424, -1,
      423, 425, 424, -1,
      424, 425, 426, -1,
      424, 426, 427, -1,
      428, 429, 430, -1,
      430, 429, 431, -1,
      430, 431, 432, -1,
      432, 431, 433, -1,
      432, 433, 434, -1,
      434, 433, 435, -1,
      436, 437, 438, -1,
      439, 440, 438, -1,
      438, 440, 441, -1,
      438, 441, 442, -1,
      429, 443, 431, -1,
      431, 443, 436, -1,
      431, 436, 433, -1,
      433, 436, 438, -1,
      433, 438, 435, -1,
      435, 438, 442, -1,
      442, 444, 435, -1,
      435, 444, 445, -1,
      435, 445, 446, -1,
      344, 403, 345, -1,
      402, 346, 345, -1,
      402, 345, 400, -1,
      400, 345, 403, -1,
      400, 403, 401, -1,
      398, 397, 447, -1,
      447, 397, 448, -1,
      447, 448, 449, -1,
      450, 451, 452, -1,
      452, 451, 453, -1,
      454, 351, 350, -1,
      454, 350, 455, -1,
      351, 454, 354, -1,
      354, 454, 452, -1,
      354, 452, 353, -1,
      353, 452, 453, -1,
      353, 453, 352, -1,
      350, 349, 455, -1,
      455, 349, 348, -1,
      455, 348, 402, -1,
      402, 348, 347, -1,
      402, 347, 346, -1,
      443, 456, 436, -1,
      436, 456, 457, -1,
      436, 457, 437, -1,
      437, 457, 458, -1,
      437, 458, 459, -1,
      439, 438, 460, -1,
      460, 438, 437, -1,
      460, 437, 461, -1,
      461, 437, 459, -1,
      461, 459, 462, -1,
      427, 463, 424, -1,
      424, 463, 464, -1,
      424, 464, 417, -1,
      417, 464, 465, -1,
      417, 465, 415, -1,
      466, 428, 467, -1,
      467, 428, 430, -1,
      467, 430, 468, -1,
      468, 430, 432, -1,
      468, 432, 469, -1,
      469, 432, 434, -1,
      469, 434, 424, -1,
      424, 434, 435, -1,
      424, 435, 422, -1,
      422, 435, 446, -1,
      470, 399, 471, -1,
      471, 399, 341, -1,
      471, 341, 340, -1,
      470, 466, 399, -1,
      399, 466, 467, -1,
      399, 467, 397, -1,
      397, 467, 468, -1,
      397, 468, 448, -1,
      448, 468, 469, -1,
      448, 469, 449, -1,
      449, 469, 424, -1,
      449, 424, 472, -1,
      472, 424, 417, -1,
      472, 417, 473, -1,
      473, 417, 419, -1,
      473, 419, 406, -1,
      406, 419, 413, -1,
      406, 413, 404, -1,
      404, 413, 409, -1,
      405, 450, 406, -1,
      406, 450, 452, -1,
      406, 452, 473, -1,
      473, 452, 454, -1,
      473, 454, 472, -1,
      472, 454, 455, -1,
      472, 455, 449, -1,
      449, 455, 402, -1,
      449, 402, 447, -1,
      447, 402, 401, -1,
      447, 401, 398, -1,
      398, 401, 403, -1,
      398, 403, 399, -1,
      399, 403, 343, -1,
      399, 343, 342, -1,
      370, 369, 474, -1,
      475, 476, 477, -1,
      478, 479, 480, -1,
      481, 482, 483, -1,
      483, 482, 484, -1,
      484, 482, 485, -1,
      484, 485, 486, -1,
      487, 488, 489, -1,
      489, 488, 490, -1,
      487, 491, 483, -1,
      483, 491, 492, -1,
      483, 492, 481, -1,
      493, 494, 495, -1,
      495, 494, 496, -1,
      495, 496, 497, -1,
      493, 495, 498, -1,
      498, 495, 499, -1,
      498, 499, 500, -1,
      501, 502, 503, -1,
      503, 502, 504, -1,
      503, 504, 499, -1,
      499, 504, 505, -1,
      499, 505, 500, -1,
      506, 507, 508, -1,
      508, 507, 509, -1,
      508, 509, 503, -1,
      503, 509, 510, -1,
      503, 510, 501, -1,
      476, 511, 477, -1,
      477, 511, 512, -1,
      477, 512, 508, -1,
      508, 512, 513, -1,
      508, 513, 506, -1,
      514, 475, 515, -1,
      515, 475, 477, -1,
      515, 477, 516, -1,
      516, 477, 517, -1,
      518, 519, 520, -1,
      520, 519, 362, -1,
      520, 362, 361, -1,
      521, 365, 522, -1,
      522, 365, 364, -1,
      522, 364, 519, -1,
      519, 364, 363, -1,
      519, 363, 362, -1,
      523, 524, 525, -1,
      525, 524, 526, -1,
      525, 526, 527, -1,
      527, 526, 528, -1,
      527, 528, 529, -1,
      529, 528, 474, -1,
      369, 368, 474, -1,
      474, 368, 367, -1,
      474, 367, 529, -1,
      360, 357, 530, -1,
      530, 357, 371, -1,
      530, 371, 531, -1,
      524, 532, 526, -1,
      526, 532, 530, -1,
      526, 530, 528, -1,
      528, 530, 531, -1,
      528, 531, 474, -1,
      474, 531, 371, -1,
      474, 371, 370, -1,
      487, 483, 488, -1,
      488, 483, 533, -1,
      488, 533, 534, -1,
      534, 533, 535, -1,
      534, 535, 536, -1,
      479, 537, 480, -1,
      480, 537, 538, -1,
      480, 538, 539, -1,
      539, 538, 540, -1,
      539, 540, 541, -1,
      541, 540, 542, -1,
      541, 542, 543, -1,
      484, 478, 483, -1,
      483, 478, 480, -1,
      483, 480, 533, -1,
      533, 480, 539, -1,
      533, 539, 535, -1,
      535, 539, 541, -1,
      535, 541, 536, -1,
      536, 541, 543, -1,
      536, 543, 544, -1,
      544, 543, 521, -1,
      544, 521, 545, -1,
      545, 521, 522, -1,
      545, 522, 546, -1,
      546, 522, 519, -1,
      546, 519, 547, -1,
      547, 519, 518, -1,
      359, 360, 548, -1,
      548, 360, 530, -1,
      548, 530, 549, -1,
      549, 530, 532, -1,
      537, 523, 538, -1,
      538, 523, 525, -1,
      538, 525, 540, -1,
      540, 525, 527, -1,
      540, 527, 542, -1,
      542, 527, 529, -1,
      542, 529, 543, -1,
      543, 529, 367, -1,
      543, 367, 521, -1,
      521, 367, 366, -1,
      521, 366, 365, -1,
      547, 517, 546, -1,
      546, 517, 477, -1,
      546, 477, 545, -1,
      545, 477, 508, -1,
      545, 508, 544, -1,
      544, 508, 503, -1,
      544, 503, 536, -1,
      536, 503, 499, -1,
      536, 499, 534, -1,
      534, 499, 495, -1,
      534, 495, 488, -1,
      488, 495, 497, -1,
      488, 497, 490, -1,
      388, 358, 550, -1,
      550, 358, 359, -1,
      380, 388, 550, -1,
      551, 552, 553, -1,
      553, 552, 554, -1,
      551, 555, 552, -1,
      552, 555, 556, -1,
      552, 556, 550, -1,
      550, 556, 557, -1,
      550, 557, 380, -1,
      383, 558, 384, -1,
      384, 558, 559, -1,
      384, 559, 385, -1,
      385, 559, 560, -1,
      392, 386, 560, -1,
      560, 386, 385, -1,
      389, 470, 390, -1,
      390, 470, 471, -1,
      390, 471, 340, -1,
      443, 429, 395, -1,
      395, 429, 428, -1,
      395, 428, 389, -1,
      389, 428, 466, -1,
      389, 466, 470, -1,
      458, 457, 395, -1,
      395, 457, 456, -1,
      395, 456, 443, -1,
      561, 562, 396, -1,
      396, 562, 462, -1,
      396, 462, 395, -1,
      395, 462, 459, -1,
      395, 459, 458, -1,
      563, 564, 394, -1,
      394, 564, 565, -1,
      394, 565, 396, -1,
      396, 565, 566, -1,
      396, 566, 561, -1,
      393, 567, 394, -1,
      394, 567, 568, -1,
      394, 568, 563, -1,
      569, 570, 391, -1,
      570, 571, 391, -1,
      391, 571, 572, -1,
      391, 572, 393, -1,
      393, 572, 573, -1,
      393, 573, 567, -1,
      391, 392, 136, -1,
      136, 134, 391, -1,
      391, 134, 574, -1,
      391, 574, 569, -1,
      575, 576, 134, -1,
      134, 576, 577, -1,
      577, 578, 134, -1,
      134, 578, 579, -1,
      134, 579, 574, -1,
      580, 568, 567, -1,
      581, 582, 583, -1,
      584, 585, 586, -1,
      587, 588, 584, -1,
      589, 575, 590, -1,
      418, 416, 591, -1,
      426, 425, 592, -1,
      460, 461, 593, -1,
      461, 462, 562, -1,
      460, 593, 439, -1,
      441, 440, 594, -1,
      442, 595, 444, -1,
      444, 595, 596, -1,
      444, 596, 445, -1,
      446, 597, 422, -1,
      422, 597, 423, -1,
      425, 423, 592, -1,
      592, 423, 597, -1,
      592, 597, 598, -1,
      598, 597, 446, -1,
      598, 446, 599, -1,
      415, 465, 600, -1,
      600, 465, 464, -1,
      600, 464, 601, -1,
      601, 464, 463, -1,
      601, 463, 427, -1,
      602, 421, 420, -1,
      414, 421, 603, -1,
      603, 421, 602, -1,
      603, 602, 604, -1,
      605, 411, 410, -1,
      589, 590, 606, -1,
      606, 590, 607, -1,
      606, 607, 608, -1,
      585, 569, 574, -1,
      609, 572, 571, -1,
      588, 609, 584, -1,
      584, 609, 571, -1,
      584, 571, 585, -1,
      585, 571, 570, -1,
      585, 570, 569, -1,
      427, 426, 601, -1,
      601, 426, 592, -1,
      601, 592, 610, -1,
      610, 592, 598, -1,
      610, 598, 611, -1,
      611, 598, 612, -1,
      446, 445, 599, -1,
      599, 445, 596, -1,
      599, 596, 613, -1,
      613, 596, 595, -1,
      613, 595, 614, -1,
      594, 615, 616, -1,
      616, 615, 580, -1,
      617, 618, 588, -1,
      588, 618, 619, -1,
      588, 619, 609, -1,
      461, 562, 593, -1,
      593, 562, 561, -1,
      593, 561, 566, -1,
      440, 439, 594, -1,
      594, 439, 593, -1,
      594, 593, 615, -1,
      615, 593, 566, -1,
      586, 620, 584, -1,
      584, 620, 612, -1,
      584, 612, 587, -1,
      587, 612, 598, -1,
      587, 598, 588, -1,
      588, 598, 599, -1,
      588, 599, 617, -1,
      617, 599, 613, -1,
      617, 613, 618, -1,
      618, 613, 614, -1,
      621, 622, 623, -1,
      623, 622, 624, -1,
      623, 624, 625, -1,
      625, 624, 605, -1,
      625, 605, 626, -1,
      626, 605, 410, -1,
      626, 410, 408, -1,
      627, 621, 628, -1,
      628, 621, 623, -1,
      628, 623, 629, -1,
      629, 623, 625, -1,
      629, 625, 630, -1,
      630, 625, 626, -1,
      630, 626, 631, -1,
      631, 626, 408, -1,
      631, 408, 407, -1,
      632, 633, 634, -1,
      634, 633, 604, -1,
      634, 604, 591, -1,
      591, 604, 602, -1,
      591, 602, 418, -1,
      418, 602, 420, -1,
      633, 628, 604, -1,
      604, 628, 629, -1,
      604, 629, 603, -1,
      603, 629, 630, -1,
      603, 630, 414, -1,
      414, 630, 631, -1,
      414, 631, 412, -1,
      412, 631, 407, -1,
      627, 635, 636, -1,
      636, 635, 637, -1,
      636, 637, 638, -1,
      638, 637, 639, -1,
      638, 639, 640, -1,
      607, 641, 608, -1,
      608, 641, 642, -1,
      608, 642, 643, -1,
      643, 642, 644, -1,
      643, 644, 645, -1,
      645, 644, 646, -1,
      645, 646, 647, -1,
      647, 646, 648, -1,
      635, 649, 637, -1,
      637, 649, 648, -1,
      637, 648, 639, -1,
      639, 648, 646, -1,
      639, 646, 640, -1,
      640, 646, 644, -1,
      640, 644, 650, -1,
      650, 644, 642, -1,
      650, 642, 651, -1,
      651, 642, 641, -1,
      579, 578, 583, -1,
      583, 578, 652, -1,
      583, 652, 581, -1,
      581, 652, 653, -1,
      581, 653, 575, -1,
      578, 577, 652, -1,
      652, 577, 576, -1,
      652, 576, 653, -1,
      653, 576, 575, -1,
      627, 628, 635, -1,
      635, 628, 633, -1,
      635, 633, 649, -1,
      649, 633, 632, -1,
      649, 632, 648, -1,
      648, 632, 654, -1,
      648, 654, 647, -1,
      647, 654, 655, -1,
      647, 655, 645, -1,
      645, 655, 656, -1,
      645, 656, 643, -1,
      643, 656, 657, -1,
      643, 657, 608, -1,
      608, 657, 582, -1,
      608, 582, 606, -1,
      606, 582, 581, -1,
      606, 581, 589, -1,
      589, 581, 575, -1,
      566, 565, 615, -1,
      615, 565, 564, -1,
      615, 564, 580, -1,
      580, 564, 563, -1,
      580, 563, 568, -1,
      442, 441, 595, -1,
      595, 441, 594, -1,
      595, 594, 614, -1,
      614, 594, 616, -1,
      614, 616, 618, -1,
      618, 616, 580, -1,
      618, 580, 619, -1,
      619, 580, 567, -1,
      619, 567, 609, -1,
      609, 567, 573, -1,
      609, 573, 572, -1,
      416, 415, 591, -1,
      591, 415, 600, -1,
      591, 600, 634, -1,
      634, 600, 601, -1,
      634, 601, 632, -1,
      632, 601, 610, -1,
      632, 610, 654, -1,
      654, 610, 611, -1,
      654, 611, 655, -1,
      655, 611, 612, -1,
      655, 612, 656, -1,
      656, 612, 620, -1,
      656, 620, 657, -1,
      657, 620, 586, -1,
      657, 586, 582, -1,
      582, 586, 585, -1,
      582, 585, 583, -1,
      583, 585, 574, -1,
      583, 574, 579, -1,
      405, 404, 198, -1,
      658, 271, 411, -1,
      411, 271, 198, -1,
      411, 198, 409, -1,
      409, 198, 404, -1,
      453, 451, 198, -1,
      198, 451, 450, -1,
      198, 450, 405, -1,
      188, 187, 198, -1,
      198, 187, 352, -1,
      198, 352, 453, -1,
      205, 265, 659, -1,
      659, 514, 205, -1,
      205, 514, 515, -1,
      205, 515, 516, -1,
      516, 517, 205, -1,
      205, 517, 547, -1,
      205, 547, 518, -1,
      210, 204, 361, -1,
      361, 204, 205, -1,
      361, 205, 520, -1,
      520, 205, 518, -1,
      660, 661, 662, -1,
      663, 664, 665, -1,
      666, 667, 668, -1,
      669, 670, 671, -1,
      504, 502, 672, -1,
      673, 674, 675, -1,
      673, 675, 676, -1,
      513, 512, 677, -1,
      677, 512, 511, -1,
      677, 511, 678, -1,
      678, 511, 476, -1,
      678, 476, 475, -1,
      679, 507, 680, -1,
      680, 507, 506, -1,
      672, 502, 681, -1,
      502, 501, 681, -1,
      681, 501, 510, -1,
      681, 510, 679, -1,
      679, 510, 509, -1,
      679, 509, 507, -1,
      682, 498, 683, -1,
      683, 498, 500, -1,
      683, 500, 505, -1,
      496, 494, 682, -1,
      682, 494, 493, -1,
      682, 493, 498, -1,
      497, 684, 490, -1,
      490, 684, 685, -1,
      490, 685, 489, -1,
      492, 686, 481, -1,
      481, 686, 687, -1,
      481, 687, 482, -1,
      482, 687, 485, -1,
      485, 687, 688, -1,
      485, 688, 486, -1,
      689, 690, 691, -1,
      691, 690, 692, -1,
      691, 692, 693, -1,
      693, 692, 694, -1,
      506, 513, 680, -1,
      680, 513, 677, -1,
      680, 677, 695, -1,
      695, 677, 678, -1,
      695, 678, 696, -1,
      694, 697, 693, -1,
      693, 697, 698, -1,
      693, 698, 691, -1,
      691, 698, 699, -1,
      691, 699, 689, -1,
      689, 699, 700, -1,
      670, 701, 702, -1,
      702, 701, 694, -1,
      702, 694, 703, -1,
      703, 694, 692, -1,
      670, 669, 701, -1,
      701, 669, 704, -1,
      701, 704, 694, -1,
      694, 704, 705, -1,
      694, 705, 697, -1,
      666, 668, 706, -1,
      497, 496, 684, -1,
      684, 496, 682, -1,
      684, 682, 707, -1,
      707, 682, 683, -1,
      707, 683, 708, -1,
      708, 683, 505, -1,
      487, 489, 709, -1,
      709, 489, 685, -1,
      709, 685, 667, -1,
      667, 685, 684, -1,
      667, 684, 668, -1,
      668, 684, 707, -1,
      668, 707, 710, -1,
      710, 707, 708, -1,
      710, 708, 672, -1,
      672, 708, 505, -1,
      672, 505, 504, -1,
      711, 665, 709, -1,
      709, 665, 491, -1,
      709, 491, 487, -1,
      711, 709, 712, -1,
      712, 709, 667, -1,
      712, 667, 713, -1,
      713, 667, 666, -1,
      713, 666, 714, -1,
      714, 666, 706, -1,
      714, 706, 715, -1,
      492, 491, 686, -1,
      686, 491, 665, -1,
      686, 665, 687, -1,
      687, 665, 664, -1,
      687, 664, 688, -1,
      714, 716, 713, -1,
      713, 716, 717, -1,
      713, 717, 712, -1,
      712, 717, 718, -1,
      712, 718, 711, -1,
      711, 718, 719, -1,
      711, 719, 665, -1,
      665, 719, 720, -1,
      665, 720, 663, -1,
      721, 722, 723, -1,
      724, 722, 721, -1,
      725, 726, 727, -1,
      723, 728, 721, -1,
      721, 728, 729, -1,
      721, 729, 730, -1,
      730, 729, 731, -1,
      730, 731, 725, -1,
      725, 727, 730, -1,
      730, 727, 732, -1,
      730, 732, 671, -1,
      733, 734, 675, -1,
      675, 734, 735, -1,
      675, 735, 676, -1,
      736, 674, 737, -1,
      737, 674, 673, -1,
      737, 673, 738, -1,
      738, 673, 676, -1,
      738, 676, 739, -1,
      739, 676, 740, -1,
      660, 740, 661, -1,
      661, 740, 676, -1,
      661, 676, 662, -1,
      662, 676, 735, -1,
      662, 735, 724, -1,
      724, 735, 734, -1,
      724, 734, 741, -1,
      741, 734, 733, -1,
      742, 743, 715, -1,
      715, 743, 744, -1,
      715, 744, 714, -1,
      714, 744, 745, -1,
      714, 745, 716, -1,
      726, 742, 727, -1,
      727, 742, 715, -1,
      727, 715, 732, -1,
      732, 715, 706, -1,
      732, 706, 671, -1,
      671, 706, 668, -1,
      671, 668, 669, -1,
      669, 668, 710, -1,
      669, 710, 704, -1,
      704, 710, 672, -1,
      704, 672, 705, -1,
      705, 672, 681, -1,
      705, 681, 697, -1,
      697, 681, 679, -1,
      697, 679, 698, -1,
      698, 679, 680, -1,
      698, 680, 699, -1,
      699, 680, 695, -1,
      699, 695, 700, -1,
      700, 695, 696, -1,
      724, 721, 662, -1,
      662, 721, 730, -1,
      662, 730, 660, -1,
      660, 730, 671, -1,
      660, 671, 740, -1,
      740, 671, 670, -1,
      740, 670, 739, -1,
      739, 670, 702, -1,
      739, 702, 738, -1,
      738, 702, 703, -1,
      738, 703, 737, -1,
      737, 703, 692, -1,
      737, 692, 736, -1,
      736, 692, 690, -1,
      736, 690, 746, -1,
      746, 690, 689, -1,
      746, 689, 747, -1,
      747, 689, 700, -1,
      747, 700, 748, -1,
      748, 700, 696, -1,
      748, 696, 749, -1,
      749, 696, 678, -1,
      749, 678, 750, -1,
      750, 678, 475, -1,
      750, 475, 514, -1,
      741, 722, 724, -1,
      733, 751, 741, -1,
      741, 751, 722, -1,
      138, 557, 556, -1,
      723, 722, 137, -1,
      138, 556, 137, -1,
      725, 731, 556, -1,
      556, 731, 729, -1,
      556, 729, 137, -1,
      137, 729, 728, -1,
      137, 728, 723, -1,
      551, 745, 555, -1,
      555, 745, 744, -1,
      744, 743, 555, -1,
      555, 743, 742, -1,
      555, 742, 556, -1,
      556, 742, 726, -1,
      556, 726, 725, -1,
      718, 717, 551, -1,
      551, 717, 716, -1,
      551, 716, 745, -1,
      553, 720, 551, -1,
      551, 720, 719, -1,
      551, 719, 718, -1,
      554, 478, 484, -1,
      688, 664, 553, -1,
      553, 664, 663, -1,
      553, 663, 720, -1,
      554, 484, 553, -1,
      553, 484, 486, -1,
      553, 486, 688, -1,
      523, 554, 524, -1,
      524, 554, 552, -1,
      523, 537, 554, -1,
      554, 537, 479, -1,
      554, 479, 478, -1,
      550, 359, 552, -1,
      552, 359, 548, -1,
      548, 549, 552, -1,
      552, 549, 532, -1,
      552, 532, 524, -1,
      380, 557, 381, -1,
      381, 557, 752, -1,
      752, 753, 381, -1,
      381, 753, 382, -1,
      259, 258, 382, -1,
      382, 258, 257, -1,
      382, 257, 256, -1,
      259, 382, 260, -1,
      260, 382, 753, -1,
      260, 753, 754, -1,
      256, 255, 382, -1,
      382, 255, 215, -1,
      382, 215, 216, -1,
      264, 755, 261, -1,
      261, 755, 756, -1,
      248, 757, 249, -1,
      249, 757, 758, -1,
      249, 758, 253, -1,
      253, 758, 759, -1,
      253, 759, 254, -1,
      254, 759, 760, -1,
      254, 760, 250, -1,
      250, 760, 761, -1,
      250, 761, 251, -1,
      251, 761, 762, -1,
      251, 762, 252, -1,
      252, 762, 763, -1,
      295, 223, 222, -1,
      221, 252, 220, -1,
      220, 252, 763, -1,
      220, 763, 222, -1,
      222, 763, 764, -1,
      222, 764, 295, -1,
      765, 267, 228, -1,
      270, 766, 229, -1,
      229, 766, 767, -1,
      229, 767, 228, -1,
      228, 767, 768, -1,
      228, 768, 765, -1,
      765, 768, 769, -1,
      769, 768, 770, -1,
      771, 754, 752, -1,
      752, 754, 753, -1,
      771, 752, 7, -1,
      7, 752, 557, -1,
      7, 557, 138, -1,
      245, 244, 243, -1,
      757, 248, 246, -1,
      246, 248, 247, -1,
      235, 234, 241, -1,
      241, 234, 260, -1,
      241, 260, 242, -1,
      242, 260, 754, -1,
      243, 242, 245, -1,
      245, 242, 754, -1,
      245, 754, 246, -1,
      246, 754, 771, -1,
      246, 771, 772, -1,
      772, 773, 246, -1,
      246, 773, 774, -1,
      246, 774, 775, -1,
      776, 777, 246, -1,
      777, 778, 246, -1,
      246, 778, 779, -1,
      246, 779, 757, -1,
      780, 781, 246, -1,
      246, 781, 782, -1,
      246, 782, 776, -1,
      775, 783, 246, -1,
      246, 783, 784, -1,
      246, 784, 780, -1,
      262, 261, 756, -1,
      756, 785, 262, -1,
      262, 785, 786, -1,
      262, 786, 787, -1,
      787, 788, 262, -1,
      262, 788, 263, -1,
      755, 264, 789, -1,
      789, 264, 263, -1,
      789, 263, 790, -1,
      790, 263, 788, -1,
      791, 792, 793, -1,
      794, 658, 793, -1,
      793, 658, 411, -1,
      411, 605, 793, -1,
      793, 605, 624, -1,
      793, 624, 622, -1,
      622, 621, 793, -1,
      793, 621, 627, -1,
      793, 627, 636, -1,
      636, 638, 793, -1,
      793, 638, 640, -1,
      793, 640, 650, -1,
      650, 651, 793, -1,
      793, 651, 641, -1,
      793, 641, 607, -1,
      134, 791, 575, -1,
      575, 791, 793, -1,
      575, 793, 590, -1,
      590, 793, 607, -1,
      325, 324, 794, -1,
      795, 796, 325, -1,
      325, 794, 795, -1,
      795, 794, 793, -1,
      795, 793, 797, -1,
      798, 799, 800, -1,
      797, 793, 800, -1,
      800, 793, 801, -1,
      800, 801, 798, -1,
      802, 803, 804, -1,
      804, 803, 796, -1,
      804, 796, 795, -1,
      804, 795, 797, -1,
      804, 797, 805, -1,
      805, 797, 800, -1,
      805, 800, 806, -1,
      806, 800, 799, -1,
      806, 799, 807, -1,
      807, 799, 798, -1,
      807, 798, 808, -1,
      808, 798, 801, -1,
      808, 801, 809, -1,
      809, 801, 793, -1,
      809, 793, 792, -1,
      796, 803, 325, -1,
      325, 803, 810, -1,
      327, 325, 811, -1,
      811, 325, 810, -1,
      811, 812, 327, -1,
      327, 812, 326, -1,
      812, 813, 326, -1,
      326, 813, 324, -1,
      232, 814, 659, -1,
      282, 289, 290, -1,
      267, 765, 268, -1,
      268, 765, 769, -1,
      815, 277, 275, -1,
      284, 283, 288, -1,
      288, 283, 282, -1,
      288, 282, 177, -1,
      177, 282, 290, -1,
      175, 274, 273, -1,
      282, 816, 817, -1,
      818, 819, 282, -1,
      282, 819, 820, -1,
      282, 820, 289, -1,
      289, 820, 821, -1,
      289, 821, 822, -1,
      273, 823, 824, -1,
      659, 265, 266, -1,
      825, 826, 269, -1,
      269, 826, 827, -1,
      658, 794, 828, -1,
      828, 794, 324, -1,
      828, 324, 813, -1,
      280, 277, 281, -1,
      281, 277, 815, -1,
      281, 815, 282, -1,
      282, 815, 829, -1,
      282, 829, 816, -1,
      824, 830, 273, -1,
      273, 830, 831, -1,
      273, 831, 832, -1,
      272, 271, 658, -1,
      817, 833, 282, -1,
      282, 833, 834, -1,
      282, 834, 818, -1,
      835, 266, 836, -1,
      836, 266, 837, -1,
      838, 232, 769, -1,
      769, 232, 659, -1,
      769, 659, 268, -1,
      268, 659, 266, -1,
      268, 266, 839, -1,
      839, 266, 835, -1,
      839, 840, 268, -1,
      268, 840, 841, -1,
      268, 841, 842, -1,
      766, 270, 828, -1,
      828, 270, 269, -1,
      828, 269, 658, -1,
      658, 269, 827, -1,
      658, 827, 272, -1,
      272, 827, 843, -1,
      272, 843, 844, -1,
      844, 845, 272, -1,
      272, 845, 846, -1,
      272, 846, 273, -1,
      273, 846, 847, -1,
      273, 847, 823, -1,
      275, 175, 815, -1,
      815, 175, 273, -1,
      815, 273, 848, -1,
      848, 273, 849, -1,
      850, 268, 851, -1,
      851, 268, 842, -1,
      851, 842, 852, -1,
      822, 853, 289, -1,
      289, 853, 854, -1,
      289, 854, 266, -1,
      266, 854, 855, -1,
      266, 855, 837, -1,
      832, 856, 273, -1,
      273, 856, 857, -1,
      273, 857, 849, -1,
      849, 857, 858, -1,
      859, 860, 269, -1,
      860, 861, 269, -1,
      269, 861, 862, -1,
      269, 862, 825, -1,
      850, 863, 268, -1,
      268, 863, 864, -1,
      268, 864, 269, -1,
      269, 864, 865, -1,
      269, 865, 859, -1,
      828, 866, 766, -1,
      766, 866, 767, -1,
      760, 759, 756, -1,
      867, 868, 869, -1,
      762, 761, 767, -1,
      761, 760, 767, -1,
      767, 760, 756, -1,
      767, 756, 768, -1,
      768, 756, 755, -1,
      768, 755, 770, -1,
      770, 755, 789, -1,
      770, 789, 870, -1,
      870, 789, 10, -1,
      779, 785, 757, -1,
      757, 785, 756, -1,
      757, 756, 758, -1,
      758, 756, 759, -1,
      867, 869, 871, -1,
      871, 869, 872, -1,
      871, 872, 866, -1,
      866, 872, 764, -1,
      866, 764, 767, -1,
      767, 764, 763, -1,
      767, 763, 762, -1,
      873, 293, 874, -1,
      874, 293, 292, -1,
      291, 875, 292, -1,
      292, 875, 876, -1,
      292, 876, 874, -1,
      298, 877, 291, -1,
      291, 877, 878, -1,
      291, 878, 875, -1,
      297, 868, 298, -1,
      298, 868, 879, -1,
      298, 879, 877, -1,
      295, 764, 296, -1,
      296, 764, 872, -1,
      296, 872, 297, -1,
      297, 872, 869, -1,
      297, 869, 868, -1,
      302, 300, 303, -1,
      303, 300, 301, -1,
      306, 305, 323, -1,
      323, 305, 304, -1,
      323, 304, 383, -1,
      383, 304, 303, -1,
      383, 303, 558, -1,
      558, 303, 301, -1,
      558, 301, 299, -1,
      880, 881, 873, -1,
      873, 881, 882, -1,
      873, 882, 883, -1,
      294, 293, 299, -1,
      299, 293, 873, -1,
      299, 873, 558, -1,
      558, 873, 883, -1,
      880, 884, 885, -1,
      880, 885, 881, -1,
      881, 885, 886, -1,
      881, 886, 887, -1,
      559, 558, 560, -1,
      560, 558, 883, -1,
      560, 883, 392, -1,
      392, 883, 888, -1,
      392, 888, 136, -1,
      868, 867, 879, -1,
      879, 867, 889, -1,
      876, 875, 890, -1,
      890, 875, 878, -1,
      890, 878, 889, -1,
      889, 878, 877, -1,
      889, 877, 879, -1,
      891, 873, 890, -1,
      890, 873, 874, -1,
      890, 874, 876, -1,
      892, 884, 891, -1,
      891, 884, 880, -1,
      891, 880, 873, -1,
      881, 887, 893, -1,
      893, 887, 886, -1,
      893, 886, 892, -1,
      892, 886, 885, -1,
      892, 885, 884, -1,
      881, 893, 882, -1,
      882, 893, 888, -1,
      882, 888, 883, -1,
      128, 810, 129, -1,
      129, 810, 803, -1,
      129, 803, 802, -1,
      812, 811, 810, -1,
      871, 866, 128, -1,
      128, 866, 828, -1,
      128, 828, 810, -1,
      810, 828, 813, -1,
      810, 813, 812, -1,
      10, 789, 790, -1,
      771, 7, 772, -1,
      772, 7, 894, -1,
      8, 774, 894, -1,
      894, 774, 773, -1,
      894, 773, 772, -1,
      780, 784, 895, -1,
      895, 784, 783, -1,
      895, 783, 8, -1,
      8, 783, 775, -1,
      8, 775, 774, -1,
      780, 895, 781, -1,
      781, 895, 9, -1,
      781, 9, 782, -1,
      785, 779, 778, -1,
      785, 778, 786, -1,
      778, 777, 786, -1,
      786, 777, 776, -1,
      786, 776, 787, -1,
      787, 776, 782, -1,
      787, 782, 788, -1,
      788, 782, 9, -1,
      788, 9, 790, -1,
      790, 9, 896, -1,
      790, 896, 10, -1,
      838, 897, 232, -1,
      232, 897, 230, -1,
      897, 898, 230, -1,
      230, 898, 231, -1,
      233, 231, 899, -1,
      899, 231, 898, -1,
      899, 900, 233, -1,
      233, 900, 901, -1,
      900, 902, 901, -1,
      901, 902, 13, -1,
      901, 13, 903, -1,
      814, 232, 233, -1,
      814, 233, 904, -1,
      904, 233, 901, -1,
      904, 901, 903, -1,
      905, 903, 906, -1,
      906, 903, 907, -1,
      905, 908, 903, -1,
      903, 908, 909, -1,
      903, 909, 904, -1,
      3, 137, 722, -1,
      904, 6, 3, -1,
      3, 722, 904, -1,
      904, 722, 751, -1,
      904, 751, 733, -1,
      659, 814, 514, -1,
      514, 814, 904, -1,
      733, 675, 904, -1,
      904, 675, 674, -1,
      904, 674, 736, -1,
      736, 746, 904, -1,
      904, 746, 747, -1,
      904, 747, 748, -1,
      748, 749, 904, -1,
      904, 749, 750, -1,
      904, 750, 514, -1,
      903, 13, 910, -1,
      903, 910, 907, -1,
      907, 910, 12, -1,
      907, 12, 906, -1,
      906, 12, 911, -1,
      906, 911, 905, -1,
      905, 911, 11, -1,
      905, 11, 908, -1,
      908, 11, 912, -1,
      908, 912, 909, -1,
      909, 912, 6, -1,
      909, 6, 904, -1,
      126, 769, 127, -1,
      127, 769, 770, -1,
      127, 770, 870, -1,
      899, 898, 897, -1,
      902, 900, 126, -1,
      126, 900, 899, -1,
      126, 899, 769, -1,
      769, 899, 897, -1,
      769, 897, 838, -1,
      372, 178, 373, -1,
      373, 178, 356, -1,
      373, 356, 355, -1,
      378, 377, 379, -1,
      379, 377, 376, -1,
      379, 376, 388, -1,
      388, 376, 373, -1,
      388, 373, 358, -1,
      358, 373, 355, -1,
      331, 330, 328, -1,
      176, 335, 336, -1,
      336, 335, 334, -1,
      336, 334, 337, -1,
      337, 334, 338, -1,
      328, 329, 331, -1,
      331, 329, 387, -1,
      331, 387, 334, -1,
      334, 387, 339, -1,
      334, 339, 338, -1,
      129, 802, 804, -1,
      791, 130, 792, -1,
      792, 130, 124, -1,
      129, 804, 125, -1,
      125, 804, 805, -1,
      125, 805, 806, -1,
      806, 807, 125, -1,
      125, 807, 808, -1,
      125, 808, 124, -1,
      124, 808, 809, -1,
      124, 809, 792, -1,
      871, 128, 867, -1,
      867, 128, 123, -1,
      132, 135, 136, -1,
      891, 890, 123, -1,
      123, 890, 889, -1,
      123, 889, 867, -1,
      132, 136, 122, -1,
      136, 888, 122, -1,
      122, 888, 893, -1,
      122, 893, 123, -1,
      123, 893, 892, -1,
      123, 892, 891, -1,
      130, 791, 131, -1,
      131, 791, 134, -1,
      131, 134, 133, -1,
      133, 135, 131, -1,
      131, 135, 132, -1,
      902, 126, 13, -1,
      13, 126, 119, -1,
      0, 3, 6, -1,
      0, 6, 118, -1,
      118, 6, 912, -1,
      118, 912, 11, -1,
      11, 911, 118, -1,
      118, 911, 12, -1,
      118, 12, 119, -1,
      119, 12, 910, -1,
      119, 910, 13, -1,
      3, 0, 137, -1,
      137, 0, 1, -1,
      137, 1, 4, -1,
      870, 10, 127, -1,
      127, 10, 121, -1,
      10, 896, 121, -1,
      121, 896, 9, -1,
      121, 9, 120, -1,
      120, 9, 895, -1,
      120, 895, 8, -1,
      8, 894, 120, -1,
      120, 894, 7, -1,
      120, 7, 2, -1,
      2, 7, 138, -1,
      2, 138, 5, -1,
      5, 4, 2, -1,
      2, 4, 1, -1,
    ]
  }
}

Shape {
  appearance Appearance {
    material Material {
      diffuseColor 1.0000 1.0000 1.0000
      specularColor 0.5020 0.5020 0.5020
      ambientIntensity 0.2
      transparency 0.0000
      shininess 0.5
    }
  }
  geometry IndexedFaceSet {
    ccw TRUE
    solid FALSE
    coord DEF co Coordinate {
      point [
        0.036141 -0.590551 0.277253,
        -0.107206 -0.590551 0.290468,
        -0.174657 -0.590551 0.316452,
        -0.481202 -0.590551 0.355318,
        -0.489523 -0.590551 0.358230,
        -0.496988 -0.590551 0.362920,
        -0.503222 -0.590551 0.369154,
        -0.507912 -0.590551 0.376619,
        0.510824 -0.590551 0.384940,
        0.507912 -0.590551 0.376619,
        0.481202 -0.590551 0.983265,
        0.489523 -0.590551 0.980353,
        0.496988 -0.590551 0.975663,
        -0.036141 -0.590551 0.277253,
        0.503222 -0.590551 0.369154,
        0.496988 -0.590551 0.362920,
        0.489523 -0.590551 0.358230,
        -0.236220 -0.590551 0.354331,
        -0.472441 -0.590551 0.354331,
        -0.503222 -0.590551 0.969429,
        -0.507912 -0.590551 0.961964,
        -0.510824 -0.590551 0.953643,
        -0.496988 -0.590551 0.975663,
        -0.489523 -0.590551 0.980353,
        -0.481202 -0.590551 0.983265,
        -0.472441 -0.590551 0.984252,
        0.503222 -0.590551 0.969429,
        0.507912 -0.590551 0.961964,
        0.510824 -0.590551 0.953643,
        0.511811 -0.590551 0.944882,
        0.511811 -0.590551 0.393701,
        0.107206 -0.590551 0.290468,
        0.174657 -0.590551 0.316452,
        -0.124499 -0.590551 1.042789,
        -0.182719 -0.590551 1.018023,
        -0.236220 -0.590551 0.984252,
        -0.510824 -0.590551 0.384940,
        -0.511811 -0.590551 0.393701,
        -0.511811 -0.590551 0.944882,
        0.481202 -0.590551 0.355318,
        0.472441 -0.590551 0.354331,
        0.236220 -0.590551 0.354331,
        0.124499 -0.590551 1.042789,
        0.182719 -0.590551 1.018023,
        0.236220 -0.590551 0.984252,
        0.472441 -0.590551 0.984252,
        -0.063064 -0.590551 1.057909,
        -0.000000 -0.590551 1.062992,
        0.063064 -0.590551 1.057909,
        -0.117709 -0.826772 1.003499,
        -0.137258 -0.826772 0.994668,
        -0.222711 -0.826772 0.393701,
        -0.472441 -0.826772 0.944882,
        -0.472441 -0.826772 0.393701,
        -0.222711 -0.826772 0.944882,
        0.472441 -0.826772 0.393701,
        0.472441 -0.826772 0.944882,
        0.222711 -0.826772 0.393701,
        0.222711 -0.826772 0.944882,
        -0.172962 -0.826772 0.978539,
        -0.182389 -0.826772 0.972161,
        -0.041209 -0.826772 1.020128,
        -0.059661 -0.826772 1.018563,
        -0.089912 -0.826772 1.010713,
        0.089186 -0.826772 0.327731,
        0.056884 -0.826772 0.319556,
        0.039543 -0.826772 0.318156,
        0.161167 -0.826772 0.354740,
        0.172911 -0.826772 0.360015,
        0.183387 -0.826772 0.367101,
        0.000000 -0.826772 1.023622,
        -0.217229 -0.826772 0.389360,
        0.049917 -0.826772 1.019376,
        -0.194831 -0.826772 0.374674,
        -0.170105 -0.826772 0.358462,
        0.099127 -0.826772 1.008276,
        -0.010337 -0.826772 0.315839,
        0.118526 -0.826772 1.003210,
        0.145956 -0.826772 0.990768,
        0.116325 -0.826772 0.334599,
        0.137424 -0.826772 0.344076,
        -0.153060 -0.826772 0.350878,
        -0.117008 -0.826772 0.334837,
        -0.107956 -0.826772 0.332497,
        0.059850 -0.826772 1.018531,
        -0.059756 -0.826772 0.320036,
        -0.000000 -0.826772 0.314961,
        0.189638 -0.826772 0.967273,
        0.173156 -0.826772 0.978431,
        0.231757 -0.816906 0.970939,
        0.231101 -0.818272 0.968939,
        0.472441 -0.818416 0.969057,
        0.472441 -0.826031 0.951456,
        0.225055 -0.825932 0.951417,
        0.472441 -0.823309 0.960719,
        0.228319 -0.823220 0.960633,
        0.227822 -0.823768 0.959220,
        0.472441 -0.825785 0.953643,
        0.226246 -0.825506 0.954738,
        0.225258 -0.825859 0.951984,
        0.472441 -0.822873 0.961964,
        0.230210 -0.820129 0.966220,
        0.229183 -0.822268 0.963091,
        0.232307 -0.815109 0.972565,
        0.472441 -0.818182 0.969429,
        0.233409 -0.811506 0.975823,
        0.472441 -0.811948 0.975663,
        0.472441 -0.811576 0.975896,
        0.472441 -0.803239 0.980789,
        0.235092 -0.803215 0.980774,
        0.472441 -0.804483 0.980353,
        0.234037 -0.808863 0.977672,
        0.233752 -0.810386 0.976836,
        0.472441 -0.793976 0.983511,
        0.472441 -0.787402 0.984252,
        0.236220 -0.787402 0.984252,
        0.236091 -0.793143 0.983823,
        0.236018 -0.793971 0.983597,
        0.472441 -0.796162 0.983265,
        0.235969 -0.794528 0.983445,
        0.235296 -0.802122 0.981375,
        0.502960 -0.787402 0.969228,
        0.500280 -0.787402 0.972721,
        0.499582 -0.796162 0.972023,
        0.496787 -0.787402 0.975401,
        0.492126 -0.787402 0.978978,
        0.491632 -0.796162 0.978122,
        0.478794 -0.818182 0.968593,
        0.476862 -0.822873 0.961382,
        0.474708 -0.825785 0.953344,
        0.476821 -0.825785 0.952469,
        0.481202 -0.825785 0.944882,
        0.480903 -0.825785 0.947149,
        0.480028 -0.825785 0.949262,
        0.487234 -0.822873 0.953423,
        0.484520 -0.822873 0.956961,
        0.480982 -0.822873 0.959676,
        0.478636 -0.825785 0.951077,
        0.488941 -0.822873 0.949303,
        0.493699 -0.818182 0.957156,
        0.496151 -0.818182 0.951235,
        0.499098 -0.811948 0.960272,
        0.502173 -0.811948 0.952848,
        0.503160 -0.804483 0.962617,
        0.480407 -0.811948 0.974614,
        0.481622 -0.804483 0.979144,
        0.489798 -0.818182 0.962239,
        0.494206 -0.811948 0.966647,
        0.497523 -0.804483 0.969964,
        0.482375 -0.796162 0.981957,
        0.506704 -0.804483 0.954063,
        0.509516 -0.796162 0.954816,
        0.505681 -0.796162 0.964073,
        0.481180 -0.787402 0.983102,
        0.482631 -0.787402 0.982911,
        0.489418 -0.787402 0.980099,
        0.490177 -0.804483 0.975601,
        0.487831 -0.811948 0.971539,
        0.484714 -0.818182 0.966140,
        0.506537 -0.787402 0.964567,
        0.489523 -0.822873 0.944882,
        0.496988 -0.818182 0.944882,
        0.503222 -0.811948 0.944882,
        0.507912 -0.804483 0.944882,
        0.510824 -0.796162 0.944882,
        0.511811 -0.787402 0.944882,
        0.510661 -0.787402 0.953621,
        0.510469 -0.787402 0.955072,
        0.507658 -0.787402 0.961859,
        0.511811 -0.787402 0.393701,
        0.510661 -0.796141 0.393701,
        0.510469 -0.797591 0.393701,
        0.507658 -0.804378 0.393701,
        0.506537 -0.807087 0.393701,
        0.502960 -0.811748 0.393701,
        0.500280 -0.815241 0.393701,
        0.496787 -0.817920 0.393701,
        0.492126 -0.821497 0.393701,
        0.489418 -0.822619 0.393701,
        0.482631 -0.825430 0.393701,
        0.481180 -0.825621 0.393701,
        0.481202 -0.787402 0.355318,
        0.483835 -0.787402 0.356239,
        0.483515 -0.797591 0.357320,
        0.489523 -0.787402 0.358230,
        0.492907 -0.787402 0.360356,
        0.492336 -0.797591 0.361291,
        0.496988 -0.787402 0.362920,
        0.500667 -0.787402 0.366600,
        0.499869 -0.797591 0.367359,
        0.503222 -0.787402 0.369154,
        0.506632 -0.787402 0.374581,
        0.505628 -0.797591 0.375132,
        0.482301 -0.825430 0.391130,
        0.472441 -0.787402 0.354331,
        0.474015 -0.787402 0.354508,
        0.472441 -0.793976 0.355071,
        0.473978 -0.797591 0.355703,
        0.472441 -0.796162 0.355318,
        0.472441 -0.806970 0.359792,
        0.472441 -0.804483 0.358230,
        0.473819 -0.807087 0.359633,
        0.472441 -0.803239 0.357794,
        0.472441 -0.797546 0.355802,
        0.472441 -0.811576 0.362686,
        0.473566 -0.815241 0.365885,
        0.472441 -0.811948 0.362920,
        0.472441 -0.818416 0.369526,
        0.473236 -0.821497 0.374032,
        0.472441 -0.818182 0.369154,
        0.472441 -0.815065 0.366037,
        0.472441 -0.823309 0.377864,
        0.472853 -0.825430 0.383519,
        0.472441 -0.822873 0.376619,
        0.472441 -0.821311 0.374133,
        0.472441 -0.826031 0.387127,
        0.472441 -0.825785 0.384940,
        0.472441 -0.825300 0.383556,
        0.491489 -0.821497 0.388734,
        0.499379 -0.815241 0.386677,
        0.505433 -0.807087 0.385098,
        0.509239 -0.797591 0.384106,
        0.510824 -0.787402 0.384940,
        0.510427 -0.787402 0.383806,
        0.507912 -0.787402 0.376619,
        0.502196 -0.807087 0.377052,
        0.496735 -0.815241 0.380107,
        0.489620 -0.821497 0.384089,
        0.481333 -0.825430 0.388725,
        0.497032 -0.807087 0.370084,
        0.492520 -0.815241 0.374418,
        0.486639 -0.821497 0.380065,
        0.479790 -0.825430 0.386643,
        0.490278 -0.807087 0.364643,
        0.487005 -0.815241 0.369976,
        0.482739 -0.821497 0.376924,
        0.477772 -0.825430 0.385017,
        0.482370 -0.807087 0.361083,
        0.480548 -0.815241 0.367069,
        0.478173 -0.821497 0.374869,
        0.475408 -0.825430 0.383953,
        0.227744 -0.824056 0.379338,
        0.230613 -0.819571 0.371018,
        0.235295 -0.801316 0.357190,
        0.235879 -0.796588 0.355433,
        0.235948 -0.794723 0.355209,
        0.235976 -0.793969 0.355119,
        0.236220 -0.787402 0.354331,
        0.234790 -0.805407 0.358710,
        0.235062 -0.803204 0.357891,
        0.233389 -0.811499 0.362804,
        0.234172 -0.808096 0.360517,
        0.233019 -0.813108 0.363885,
        0.232659 -0.814077 0.364954,
        0.231077 -0.818325 0.369643,
        0.231198 -0.817999 0.369283,
        0.226875 -0.824664 0.381801,
        0.228228 -0.823299 0.377935,
        0.229131 -0.821888 0.375316,
        0.224206 -0.826535 0.389371,
        0.224481 -0.826343 0.388592,
        0.224980 -0.825993 0.387178,
        0.174657 -0.787402 0.316452,
        0.179241 -0.787402 0.319273,
        0.179167 -0.794744 0.319497,
        0.169981 -0.822139 0.337431,
        0.145159 -0.822139 0.325848,
        0.147513 -0.818159 0.320279,
        -0.167953 -0.808234 0.319817,
        -0.213872 -0.808234 0.345873,
        -0.215739 -0.801413 0.343049,
        0.186516 -0.826438 0.362027,
        -0.226246 -0.825505 0.383841,
        -0.226943 -0.824741 0.381860,
        -0.202041 -0.824911 0.363764,
        -0.228320 -0.823231 0.377944,
        -0.229139 -0.822333 0.375616,
        -0.205665 -0.822139 0.358283,
        -0.231101 -0.818276 0.369639,
        -0.231229 -0.818012 0.369250,
        -0.209000 -0.818159 0.353240,
        -0.236020 -0.793973 0.354977,
        -0.236087 -0.793232 0.354773,
        -0.216780 -0.794744 0.341475,
        -0.233732 -0.810467 0.361804,
        -0.234172 -0.808123 0.360510,
        -0.235094 -0.803219 0.357801,
        -0.235284 -0.802210 0.357244,
        -0.235955 -0.794704 0.355178,
        -0.231730 -0.816976 0.367724,
        -0.232638 -0.814024 0.365039,
        -0.211360 -0.814188 0.349672,
        -0.233411 -0.811511 0.362754,
        -0.198265 -0.826438 0.369473,
        -0.224524 -0.826122 0.388645,
        -0.225054 -0.825932 0.387166,
        0.215789 -0.822139 0.365220,
        0.190068 -0.824911 0.356175,
        0.219289 -0.818159 0.360289,
        0.221765 -0.814188 0.356801,
        0.224400 -0.808234 0.353087,
        0.226359 -0.801413 0.350326,
        0.227451 -0.794744 0.348787,
        0.227424 -0.787402 0.348919,
        0.120140 -0.822139 0.316317,
        0.122089 -0.818159 0.310593,
        0.123467 -0.814188 0.306544,
        0.149178 -0.814188 0.316339,
        0.124934 -0.808234 0.302233,
        0.150951 -0.808234 0.312144,
        0.126025 -0.801413 0.299028,
        0.152269 -0.801413 0.309026,
        0.126633 -0.794744 0.297242,
        0.153004 -0.794744 0.307287,
        0.126369 -0.787402 0.297850,
        0.152748 -0.787402 0.308013,
        0.193478 -0.822139 0.350558,
        0.172737 -0.818159 0.332050,
        0.196615 -0.818159 0.345390,
        0.174687 -0.814188 0.328243,
        0.198835 -0.814188 0.341733,
        0.176763 -0.808234 0.324190,
        0.201198 -0.808234 0.337840,
        0.178307 -0.801413 0.321176,
        0.202954 -0.801413 0.334946,
        0.203933 -0.794744 0.333333,
        0.203424 -0.787402 0.334152,
        -0.155698 -0.826438 0.345319,
        -0.165981 -0.814188 0.323922,
        -0.116925 -0.814188 0.304383,
        -0.216400 -0.787402 0.342136,
        -0.174657 -0.787402 0.316452,
        -0.170237 -0.794744 0.315065,
        -0.109681 -0.826438 0.326991,
        -0.161509 -0.822139 0.333227,
        -0.164128 -0.818159 0.327777,
        -0.113775 -0.822139 0.314215,
        -0.115620 -0.818159 0.308456,
        -0.063260 -0.822139 0.301837,
        -0.158663 -0.824911 0.339149,
        -0.111770 -0.824911 0.320472,
        -0.060984 -0.826438 0.315059,
        -0.062145 -0.824911 0.308313,
        -0.010548 -0.826438 0.310002,
        -0.170394 -0.787402 0.314811,
        -0.119772 -0.787402 0.295309,
        -0.119924 -0.794744 0.295025,
        -0.107206 -0.787402 0.290468,
        -0.093641 -0.794744 0.287600,
        -0.093618 -0.787402 0.287941,
        -0.066679 -0.794744 0.281979,
        -0.066498 -0.787402 0.282898,
        -0.039252 -0.794744 0.278246,
        0.040194 -0.826438 0.312102,
        -0.010749 -0.824911 0.303160,
        -0.037240 -0.822139 0.298296,
        -0.064286 -0.818159 0.295879,
        -0.091300 -0.814188 0.297143,
        -0.118315 -0.808234 0.300046,
        -0.169420 -0.801413 0.316766,
        -0.011119 -0.818159 0.290548,
        0.015684 -0.818159 0.290710,
        0.015434 -0.822139 0.296751,
        -0.039270 -0.787402 0.277835,
        -0.036141 -0.787402 0.277253,
        -0.011533 -0.794744 0.276450,
        -0.011554 -0.787402 0.277253,
        0.016268 -0.794744 0.276618,
        0.016296 -0.787402 0.277253,
        0.043947 -0.794744 0.278746,
        0.090802 -0.826438 0.321506,
        0.040959 -0.824911 0.305300,
        -0.010942 -0.822139 0.296593,
        -0.037844 -0.818159 0.292280,
        -0.065012 -0.814188 0.291663,
        -0.092385 -0.808234 0.292721,
        -0.119348 -0.801413 0.296822,
        -0.236220 -0.787402 0.354331,
        0.041694 -0.822139 0.298770,
        0.042370 -0.818159 0.292762,
        0.068204 -0.822139 0.302723,
        0.069310 -0.818159 0.296778,
        0.094191 -0.822139 0.308525,
        0.095718 -0.818159 0.302674,
        0.096799 -0.814188 0.298536,
        0.070093 -0.814188 0.292573,
        0.042848 -0.814188 0.288511,
        0.015861 -0.814188 0.286436,
        -0.011245 -0.814188 0.286273,
        -0.038271 -0.814188 0.288024,
        0.097949 -0.808234 0.294130,
        0.070925 -0.808234 0.288096,
        0.043357 -0.808234 0.283986,
        0.016050 -0.808234 0.281886,
        -0.011378 -0.808234 0.281721,
        -0.038726 -0.808234 0.283493,
        -0.065784 -0.808234 0.287175,
        0.098804 -0.801413 0.290854,
        0.071545 -0.801413 0.284767,
        0.043736 -0.801413 0.280621,
        0.016190 -0.801413 0.278504,
        -0.011478 -0.801413 0.278337,
        -0.039064 -0.801413 0.280124,
        -0.066359 -0.801413 0.283839,
        -0.093192 -0.801413 0.289433,
        0.099281 -0.794744 0.289028,
        0.071890 -0.794744 0.282912,
        0.036141 -0.787402 0.277253,
        0.043906 -0.787402 0.278697,
        0.071712 -0.787402 0.283868,
        0.099335 -0.787402 0.289004,
        0.107206 -0.787402 0.290468,
        0.115818 -0.826438 0.329018,
        0.139936 -0.826438 0.338206,
        0.163865 -0.826438 0.349372,
        0.067002 -0.824911 0.309182,
        0.092531 -0.824911 0.314882,
        0.118023 -0.824911 0.322537,
        0.142601 -0.824911 0.331900,
        0.166985 -0.824911 0.343280,
        -0.472441 -0.826031 0.387127,
        -0.472441 -0.823309 0.377864,
        -0.472441 -0.825785 0.384940,
        -0.472441 -0.818416 0.369526,
        -0.472441 -0.818182 0.369154,
        -0.472441 -0.811948 0.362920,
        -0.472441 -0.811576 0.362686,
        -0.472441 -0.822873 0.376619,
        -0.472441 -0.803239 0.357794,
        -0.472441 -0.804483 0.358230,
        -0.472441 -0.793976 0.355071,
        -0.472441 -0.787402 0.354331,
        -0.472441 -0.796162 0.355318,
        -0.481202 -0.795943 0.356280,
        -0.481202 -0.804055 0.359119,
        -0.481202 -0.811333 0.363692,
        -0.481202 -0.821983 0.377047,
        -0.507912 -0.804483 0.393701,
        -0.510340 -0.797546 0.393701,
        -0.510824 -0.795943 0.391751,
        -0.510824 -0.796162 0.393701,
        -0.511811 -0.787402 0.393701,
        -0.506350 -0.806970 0.393701,
        -0.507912 -0.804055 0.389900,
        -0.503222 -0.811948 0.393701,
        -0.503222 -0.811333 0.388239,
        -0.500105 -0.815065 0.393701,
        -0.496988 -0.817411 0.386852,
        -0.496988 -0.818182 0.393701,
        -0.492009 -0.821311 0.393701,
        -0.489523 -0.821983 0.385808,
        -0.489523 -0.822873 0.393701,
        -0.481202 -0.824822 0.385160,
        -0.482585 -0.825300 0.393701,
        -0.481202 -0.825785 0.393701,
        -0.489523 -0.819360 0.378310,
        -0.496988 -0.815134 0.380346,
        -0.503222 -0.809518 0.383050,
        -0.507912 -0.802792 0.386289,
        -0.510824 -0.795294 0.389900,
        -0.481202 -0.817411 0.369769,
        -0.489523 -0.815134 0.371585,
        -0.496988 -0.811467 0.374509,
        -0.503222 -0.806593 0.378396,
        -0.507912 -0.800757 0.383050,
        -0.510824 -0.794251 0.388239,
        -0.489523 -0.809518 0.365968,
        -0.496988 -0.806593 0.369635,
        -0.503222 -0.802706 0.374509,
        -0.507912 -0.798052 0.380346,
        -0.510824 -0.792864 0.386852,
        -0.489523 -0.802792 0.361743,
        -0.496988 -0.800757 0.365968,
        -0.503222 -0.798052 0.371585,
        -0.507912 -0.794813 0.378310,
        -0.510824 -0.791203 0.385808,
        -0.489523 -0.795294 0.359119,
        -0.496988 -0.794251 0.363692,
        -0.503222 -0.792864 0.369769,
        -0.507912 -0.791203 0.377047,
        -0.510824 -0.789351 0.385160,
        -0.481202 -0.787402 0.355318,
        -0.489523 -0.787402 0.358230,
        -0.496988 -0.787402 0.362920,
        -0.503222 -0.787402 0.369154,
        -0.507912 -0.787402 0.376619,
        -0.510824 -0.787402 0.384940,
        -0.481202 -0.825785 0.944882,
        -0.482585 -0.825300 0.944882,
        -0.489523 -0.822873 0.944882,
        -0.492009 -0.821311 0.944882,
        -0.496988 -0.818182 0.944882,
        -0.500105 -0.815065 0.944882,
        -0.503222 -0.811948 0.944882,
        -0.506350 -0.806970 0.944882,
        -0.507912 -0.804483 0.944882,
        -0.510340 -0.797546 0.944882,
        -0.510824 -0.796162 0.944882,
        -0.511811 -0.787402 0.944882,
        -0.472441 -0.818402 0.969048,
        -0.472441 -0.818083 0.969553,
        -0.481202 -0.817314 0.968934,
        -0.472441 -0.811588 0.975915,
        -0.472441 -0.804244 0.980467,
        -0.481202 -0.803822 0.979575,
        -0.496988 -0.817402 0.951772,
        -0.510824 -0.795940 0.946843,
        -0.510824 -0.795284 0.948704,
        -0.507912 -0.787402 0.961964,
        -0.507912 -0.791068 0.961566,
        -0.503222 -0.792670 0.968857,
        -0.510824 -0.789282 0.953438,
        -0.510824 -0.787402 0.953643,
        -0.472441 -0.803246 0.980808,
        -0.472441 -0.795852 0.983334,
        -0.481202 -0.795640 0.982370,
        -0.472441 -0.793979 0.983538,
        -0.503222 -0.787402 0.969429,
        -0.496988 -0.794008 0.974945,
        -0.496988 -0.787402 0.975663,
        -0.489523 -0.795015 0.979526,
        -0.489523 -0.787402 0.980353,
        -0.481202 -0.787402 0.983265,
        -0.472441 -0.787402 0.984252,
        -0.507912 -0.804050 0.948706,
        -0.507912 -0.802772 0.952335,
        -0.503222 -0.809489 0.955592,
        -0.503222 -0.811326 0.950376,
        -0.496988 -0.815098 0.958312,
        -0.510824 -0.794229 0.950372,
        -0.489523 -0.819319 0.960358,
        -0.507912 -0.800714 0.955586,
        -0.503222 -0.806531 0.960264,
        -0.496988 -0.811389 0.964170,
        -0.489523 -0.815044 0.967110,
        -0.489523 -0.821973 0.952822,
        -0.481202 -0.824811 0.953473,
        -0.481202 -0.821939 0.961629,
        -0.489523 -0.802576 0.976943,
        -0.496988 -0.800570 0.972704,
        -0.503222 -0.797903 0.967069,
        -0.507912 -0.794709 0.960322,
        -0.510824 -0.791150 0.952800,
        -0.472441 -0.811782 0.975794,
        -0.481202 -0.811171 0.975019,
        -0.489523 -0.809368 0.972733,
        -0.496988 -0.806463 0.969050,
        -0.503222 -0.802603 0.964156,
        -0.507912 -0.797980 0.958294,
        -0.510824 -0.792827 0.951761,
        -0.472441 -0.822827 0.962059,
        -0.472441 -0.826027 0.951455,
        -0.472441 -0.825773 0.953694,
        -0.472441 -0.823300 0.960716,
        -0.235976 -0.793969 0.983464,
        -0.236220 -0.787402 0.984252,
        -0.235955 -0.794543 0.983395,
        -0.235879 -0.796588 0.983150,
        -0.233390 -0.811500 0.975780,
        -0.234011 -0.808795 0.977596,
        -0.234790 -0.805409 0.979872,
        -0.235062 -0.803204 0.980691,
        -0.235235 -0.801800 0.981213,
        -0.233022 -0.813099 0.974705,
        -0.230193 -0.820227 0.966344,
        -0.230619 -0.819561 0.967578,
        -0.231078 -0.818326 0.968941,
        -0.232294 -0.815057 0.972546,
        -0.224980 -0.825994 0.951405,
        -0.225189 -0.825847 0.951997,
        -0.227750 -0.824049 0.959261,
        -0.227785 -0.823996 0.959360,
        -0.228229 -0.823300 0.960648,
        -0.224210 -0.826534 0.949223,
        0.000000 -0.803297 1.059641,
        0.000000 -0.808814 1.056354,
        0.027249 -0.808945 1.055615,
        0.000000 -0.825540 1.033392,
        0.000000 -0.825872 1.030756,
        0.050988 -0.826114 1.027172,
        0.207963 -0.808945 0.996002,
        0.211056 -0.794565 1.000861,
        0.209924 -0.801893 0.999084,
        0.205217 -0.815241 0.991688,
        0.201836 -0.820354 0.986378,
        0.198050 -0.824007 0.980429,
        0.194115 -0.826114 0.974247,
        0.175757 -0.824007 0.993543,
        0.149443 -0.826114 0.998450,
        0.162485 -0.794565 1.027176,
        0.187300 -0.794565 1.014837,
        0.182719 -0.787402 1.018023,
        0.187396 -0.787402 1.015071,
        0.210731 -0.787402 1.000342,
        0.162304 -0.787402 1.026707,
        0.136632 -0.787402 1.037628,
        0.136732 -0.794565 1.037785,
        0.124499 -0.787402 1.042789,
        0.110280 -0.794565 1.046547,
        0.152472 -0.824007 1.005122,
        0.128306 -0.824007 1.015077,
        0.101428 -0.826114 1.016265,
        0.103483 -0.824007 1.023299,
        0.082880 -0.787402 1.053031,
        0.063064 -0.787402 1.057909,
        0.055437 -0.794565 1.058406,
        0.083007 -0.794565 1.053470,
        0.110247 -0.787402 1.046296,
        0.077892 -0.824007 1.029795,
        0.052021 -0.824007 1.034427,
        0.025950 -0.824007 1.037200,
        0.000000 -0.823756 1.038017,
        0.182118 -0.815241 1.005278,
        0.179118 -0.820354 0.999743,
        0.157990 -0.815241 1.017275,
        0.155388 -0.820354 1.011543,
        0.132949 -0.815241 1.027590,
        0.130759 -0.820354 1.021688,
        0.107228 -0.815241 1.036110,
        0.105462 -0.820354 1.030067,
        0.080711 -0.815241 1.042841,
        0.079381 -0.820354 1.036688,
        0.053904 -0.815241 1.047640,
        0.053016 -0.820354 1.041408,
        0.026889 -0.815241 1.050514,
        0.026446 -0.820354 1.044234,
        0.000000 -0.811504 1.054752,
        0.000000 -0.815169 1.051383,
        0.000000 -0.816391 1.050260,
        0.000000 -0.820109 1.044992,
        0.000000 -0.822217 1.042005,
        0.027600 -0.787402 1.060767,
        -0.000000 -0.787402 1.062992,
        0.000000 -0.794380 1.062369,
        0.055487 -0.787402 1.058519,
        0.027654 -0.794565 1.061361,
        0.000000 -0.794559 1.062314,
        0.184555 -0.808945 1.009773,
        0.160104 -0.808945 1.021931,
        0.134728 -0.808945 1.032385,
        0.108663 -0.808945 1.041018,
        0.081791 -0.808945 1.047839,
        0.054625 -0.808945 1.052703,
        0.186296 -0.801893 1.012985,
        0.161615 -0.801893 1.025258,
        0.135999 -0.801893 1.035809,
        0.109688 -0.801893 1.044524,
        0.082562 -0.801893 1.051410,
        0.055140 -0.801893 1.056320,
        0.027506 -0.801893 1.059259,
        0.000000 -0.801849 1.060083,
        -0.045568 -0.801893 1.057563,
        -0.045142 -0.808945 1.053935,
        -0.042136 -0.826114 1.028322,
        -0.222894 -0.808945 0.986003,
        -0.186525 -0.826114 0.978947,
        -0.190306 -0.824007 0.985224,
        -0.212270 -0.824007 0.970906,
        -0.216328 -0.820354 0.976673,
        -0.219951 -0.815241 0.981821,
        -0.226210 -0.794565 0.990714,
        -0.226173 -0.787402 0.990594,
        -0.043812 -0.820354 1.042604,
        -0.045813 -0.794565 1.059656,
        -0.045808 -0.787402 1.059299,
        -0.073057 -0.794565 1.055485,
        -0.063064 -0.787402 1.057909,
        -0.073015 -0.787402 1.055459,
        -0.099964 -0.787402 1.048827,
        -0.100089 -0.794565 1.049378,
        -0.124499 -0.787402 1.042789,
        -0.126755 -0.794565 1.041335,
        -0.068556 -0.824007 1.031687,
        -0.093921 -0.824007 1.025955,
        -0.092055 -0.826114 1.018869,
        -0.118944 -0.824007 1.018408,
        -0.140532 -0.826114 1.002352,
        -0.143381 -0.824007 1.009103,
        -0.167324 -0.824007 0.997974,
        -0.126889 -0.787402 1.041772,
        -0.152555 -0.787402 1.030854,
        -0.152797 -0.794565 1.031419,
        -0.178476 -0.787402 1.019828,
        -0.178313 -0.794565 1.019559,
        -0.182719 -0.787402 1.018023,
        -0.202804 -0.794565 1.005972,
        -0.193945 -0.820354 0.991265,
        -0.197193 -0.815241 0.996657,
        -0.170524 -0.820354 1.004259,
        -0.173380 -0.815241 1.009869,
        -0.146122 -0.820354 1.015600,
        -0.148570 -0.815241 1.021400,
        -0.121218 -0.820354 1.025083,
        -0.123248 -0.815241 1.031042,
        -0.095717 -0.820354 1.032774,
        -0.097320 -0.815241 1.038862,
        -0.069866 -0.820354 1.038615,
        -0.071036 -0.815241 1.044801,
        -0.044546 -0.815241 1.048856,
        -0.202509 -0.787402 1.005531,
        -0.042990 -0.824007 1.035600,
        -0.071987 -0.808945 1.049826,
        -0.098622 -0.808945 1.043807,
        -0.124897 -0.808945 1.035882,
        -0.150558 -0.808945 1.026111,
        -0.175700 -0.808945 1.014426,
        -0.199832 -0.808945 1.001038,
        -0.072666 -0.801893 1.053415,
        -0.099552 -0.801893 1.047340,
        -0.126076 -0.801893 1.039341,
        -0.151978 -0.801893 1.029478,
        -0.177357 -0.801893 1.017682,
        -0.201717 -0.801893 1.004167,
        -0.224997 -0.801893 0.988991,
      ]
    }
    coordIndex [
      49, 50, 51, -1,
      52, 53, 54, -1,
      54, 53, 51, -1,
      55, 56, 57, -1,
      57, 56, 58, -1,
      50, 59, 51, -1,
      51, 59, 60, -1,
      51, 60, 54, -1,
      61, 62, 51, -1,
      51, 62, 63, -1,
      51, 63, 49, -1,
      64, 58, 65, -1,
      65, 58, 66, -1,
      67, 68, 58, -1,
      58, 68, 69, -1,
      58, 69, 57, -1,
      61, 51, 70, -1,
      70, 51, 71, -1,
      70, 71, 72, -1,
      72, 71, 73, -1,
      72, 73, 74, -1,
      75, 76, 77, -1,
      77, 76, 78, -1,
      64, 79, 58, -1,
      58, 79, 80, -1,
      58, 80, 67, -1,
      74, 81, 72, -1,
      72, 81, 82, -1,
      72, 82, 83, -1,
      75, 84, 76, -1,
      76, 84, 72, -1,
      76, 72, 85, -1,
      85, 72, 83, -1,
      66, 58, 86, -1,
      86, 58, 87, -1,
      86, 87, 76, -1,
      76, 87, 88, -1,
      76, 88, 78, -1,
      89, 90, 91, -1,
      56, 92, 58, -1,
      58, 92, 93, -1,
      94, 95, 96, -1,
      94, 96, 97, -1,
      97, 96, 98, -1,
      97, 98, 92, -1,
      92, 98, 99, -1,
      92, 99, 93, -1,
      91, 90, 100, -1,
      100, 90, 101, -1,
      100, 101, 94, -1,
      94, 101, 102, -1,
      94, 102, 95, -1,
      89, 91, 103, -1,
      103, 91, 104, -1,
      103, 104, 105, -1,
      105, 104, 106, -1,
      105, 106, 107, -1,
      108, 109, 110, -1,
      110, 109, 111, -1,
      110, 111, 107, -1,
      107, 111, 112, -1,
      107, 112, 105, -1,
      113, 114, 115, -1,
      115, 116, 113, -1,
      113, 116, 117, -1,
      113, 117, 118, -1,
      118, 117, 119, -1,
      118, 119, 108, -1,
      108, 119, 120, -1,
      108, 120, 109, -1,
      121, 122, 123, -1,
      124, 125, 126, -1,
      106, 104, 127, -1,
      128, 129, 130, -1,
      56, 131, 132, -1,
      130, 129, 56, -1,
      92, 56, 129, -1,
      91, 100, 128, -1,
      128, 100, 94, -1,
      128, 94, 129, -1,
      129, 94, 97, -1,
      129, 97, 92, -1,
      133, 134, 135, -1,
      104, 91, 127, -1,
      127, 91, 128, -1,
      127, 128, 136, -1,
      136, 128, 130, -1,
      136, 130, 137, -1,
      137, 130, 56, -1,
      133, 132, 134, -1,
      134, 132, 138, -1,
      134, 138, 139, -1,
      139, 138, 140, -1,
      139, 140, 141, -1,
      141, 140, 142, -1,
      141, 142, 143, -1,
      107, 144, 145, -1,
      135, 134, 146, -1,
      146, 134, 139, -1,
      146, 139, 147, -1,
      147, 139, 141, -1,
      147, 141, 148, -1,
      148, 141, 143, -1,
      148, 143, 123, -1,
      113, 118, 149, -1,
      149, 118, 108, -1,
      149, 108, 145, -1,
      145, 108, 110, -1,
      145, 110, 107, -1,
      150, 151, 152, -1,
      114, 113, 153, -1,
      153, 113, 149, -1,
      153, 149, 154, -1,
      154, 149, 155, -1,
      125, 155, 126, -1,
      126, 155, 149, -1,
      126, 149, 156, -1,
      156, 149, 145, -1,
      156, 145, 157, -1,
      157, 145, 144, -1,
      157, 144, 158, -1,
      122, 124, 123, -1,
      123, 124, 126, -1,
      123, 126, 148, -1,
      148, 126, 156, -1,
      148, 156, 147, -1,
      147, 156, 157, -1,
      147, 157, 146, -1,
      146, 157, 158, -1,
      146, 158, 135, -1,
      142, 150, 143, -1,
      143, 150, 152, -1,
      143, 152, 123, -1,
      123, 152, 159, -1,
      123, 159, 121, -1,
      132, 131, 138, -1,
      138, 131, 160, -1,
      138, 160, 140, -1,
      140, 160, 161, -1,
      140, 161, 142, -1,
      142, 161, 162, -1,
      142, 162, 150, -1,
      150, 162, 163, -1,
      150, 163, 151, -1,
      151, 163, 164, -1,
      151, 164, 165, -1,
      133, 56, 132, -1,
      107, 106, 144, -1,
      144, 106, 127, -1,
      144, 127, 158, -1,
      158, 127, 136, -1,
      158, 136, 135, -1,
      135, 136, 137, -1,
      135, 137, 133, -1,
      133, 137, 56, -1,
      165, 166, 151, -1,
      151, 166, 167, -1,
      151, 167, 152, -1,
      152, 167, 168, -1,
      152, 168, 159, -1,
      165, 164, 169, -1,
      169, 164, 170, -1,
      170, 164, 171, -1,
      171, 164, 163, -1,
      171, 163, 172, -1,
      172, 163, 173, -1,
      173, 163, 162, -1,
      173, 162, 174, -1,
      174, 162, 175, -1,
      175, 162, 161, -1,
      175, 161, 176, -1,
      176, 161, 177, -1,
      177, 161, 160, -1,
      177, 160, 178, -1,
      178, 160, 179, -1,
      179, 160, 131, -1,
      179, 131, 180, -1,
      180, 131, 56, -1,
      180, 56, 55, -1,
      29, 28, 165, -1,
      165, 28, 166, -1,
      166, 28, 167, -1,
      167, 28, 27, -1,
      167, 27, 168, -1,
      168, 27, 159, -1,
      159, 27, 26, -1,
      159, 26, 121, -1,
      121, 26, 122, -1,
      122, 26, 12, -1,
      122, 12, 124, -1,
      124, 12, 125, -1,
      125, 12, 11, -1,
      125, 11, 155, -1,
      155, 11, 154, -1,
      154, 11, 10, -1,
      154, 10, 153, -1,
      153, 10, 45, -1,
      153, 45, 114, -1,
      29, 165, 30, -1,
      30, 165, 169, -1,
      181, 182, 183, -1,
      184, 185, 186, -1,
      187, 188, 189, -1,
      190, 191, 192, -1,
      180, 55, 193, -1,
      194, 195, 196, -1,
      196, 195, 197, -1,
      196, 197, 198, -1,
      199, 200, 201, -1,
      201, 200, 202, -1,
      201, 202, 197, -1,
      197, 202, 203, -1,
      197, 203, 198, -1,
      199, 201, 204, -1,
      204, 201, 205, -1,
      204, 205, 206, -1,
      207, 205, 208, -1,
      207, 209, 205, -1,
      205, 209, 210, -1,
      205, 210, 206, -1,
      211, 208, 212, -1,
      211, 213, 208, -1,
      208, 213, 214, -1,
      208, 214, 207, -1,
      212, 55, 215, -1,
      215, 216, 212, -1,
      212, 216, 217, -1,
      212, 217, 211, -1,
      218, 178, 193, -1,
      193, 178, 179, -1,
      193, 179, 180, -1,
      219, 176, 218, -1,
      218, 176, 177, -1,
      218, 177, 178, -1,
      220, 174, 219, -1,
      219, 174, 175, -1,
      219, 175, 176, -1,
      170, 171, 221, -1,
      221, 171, 172, -1,
      221, 172, 220, -1,
      220, 172, 173, -1,
      220, 173, 174, -1,
      169, 170, 222, -1,
      222, 170, 221, -1,
      222, 221, 223, -1,
      223, 221, 224, -1,
      191, 224, 192, -1,
      192, 224, 221, -1,
      192, 221, 225, -1,
      225, 221, 220, -1,
      225, 220, 226, -1,
      226, 220, 219, -1,
      226, 219, 227, -1,
      227, 219, 218, -1,
      227, 218, 228, -1,
      228, 218, 193, -1,
      228, 193, 55, -1,
      188, 190, 189, -1,
      189, 190, 192, -1,
      189, 192, 229, -1,
      229, 192, 225, -1,
      229, 225, 230, -1,
      230, 225, 226, -1,
      230, 226, 231, -1,
      231, 226, 227, -1,
      231, 227, 232, -1,
      232, 227, 228, -1,
      232, 228, 55, -1,
      185, 187, 186, -1,
      186, 187, 189, -1,
      186, 189, 233, -1,
      233, 189, 229, -1,
      233, 229, 234, -1,
      234, 229, 230, -1,
      234, 230, 235, -1,
      235, 230, 231, -1,
      235, 231, 236, -1,
      236, 231, 232, -1,
      236, 232, 55, -1,
      182, 184, 183, -1,
      183, 184, 186, -1,
      183, 186, 237, -1,
      237, 186, 233, -1,
      237, 233, 238, -1,
      238, 233, 234, -1,
      238, 234, 239, -1,
      239, 234, 235, -1,
      239, 235, 240, -1,
      240, 235, 236, -1,
      240, 236, 55, -1,
      195, 181, 197, -1,
      197, 181, 183, -1,
      197, 183, 201, -1,
      201, 183, 237, -1,
      201, 237, 205, -1,
      205, 237, 238, -1,
      205, 238, 208, -1,
      208, 238, 239, -1,
      208, 239, 212, -1,
      212, 239, 240, -1,
      212, 240, 55, -1,
      216, 215, 241, -1,
      213, 211, 242, -1,
      243, 244, 202, -1,
      202, 244, 203, -1,
      203, 244, 245, -1,
      203, 245, 198, -1,
      198, 245, 246, -1,
      198, 246, 196, -1,
      196, 246, 247, -1,
      196, 247, 194, -1,
      200, 248, 202, -1,
      202, 248, 249, -1,
      202, 249, 243, -1,
      250, 251, 204, -1,
      204, 251, 248, -1,
      204, 248, 199, -1,
      199, 248, 200, -1,
      210, 209, 252, -1,
      252, 209, 207, -1,
      252, 207, 253, -1,
      250, 204, 252, -1,
      252, 204, 206, -1,
      252, 206, 210, -1,
      213, 242, 214, -1,
      214, 242, 254, -1,
      214, 254, 207, -1,
      207, 254, 255, -1,
      207, 255, 253, -1,
      241, 215, 256, -1,
      216, 241, 217, -1,
      217, 241, 257, -1,
      217, 257, 211, -1,
      211, 257, 258, -1,
      211, 258, 242, -1,
      57, 259, 55, -1,
      55, 259, 260, -1,
      55, 260, 215, -1,
      215, 260, 261, -1,
      215, 261, 256, -1,
      194, 40, 195, -1,
      195, 40, 39, -1,
      195, 39, 181, -1,
      181, 39, 182, -1,
      182, 39, 16, -1,
      182, 16, 184, -1,
      184, 16, 185, -1,
      185, 16, 15, -1,
      185, 15, 187, -1,
      187, 15, 188, -1,
      188, 15, 14, -1,
      188, 14, 190, -1,
      190, 14, 191, -1,
      191, 14, 9, -1,
      191, 9, 224, -1,
      224, 9, 223, -1,
      223, 9, 8, -1,
      223, 8, 222, -1,
      222, 8, 30, -1,
      222, 30, 169, -1,
      40, 194, 41, -1,
      41, 194, 247, -1,
      262, 263, 264, -1,
      265, 266, 267, -1,
      268, 269, 270, -1,
      261, 260, 271, -1,
      259, 57, 69, -1,
      272, 273, 274, -1,
      275, 276, 277, -1,
      278, 279, 280, -1,
      281, 282, 283, -1,
      284, 285, 269, -1,
      269, 285, 286, -1,
      269, 286, 270, -1,
      270, 286, 287, -1,
      270, 287, 288, -1,
      289, 290, 291, -1,
      291, 290, 292, -1,
      293, 294, 295, -1,
      242, 258, 296, -1,
      296, 258, 257, -1,
      296, 257, 297, -1,
      297, 257, 241, -1,
      297, 241, 256, -1,
      242, 296, 254, -1,
      254, 296, 298, -1,
      254, 298, 255, -1,
      255, 298, 299, -1,
      255, 299, 253, -1,
      248, 251, 300, -1,
      300, 251, 250, -1,
      300, 250, 299, -1,
      299, 250, 252, -1,
      299, 252, 253, -1,
      248, 300, 249, -1,
      249, 300, 301, -1,
      249, 301, 243, -1,
      243, 301, 244, -1,
      244, 301, 302, -1,
      244, 302, 245, -1,
      245, 302, 246, -1,
      246, 302, 303, -1,
      246, 303, 247, -1,
      266, 304, 305, -1,
      266, 305, 267, -1,
      267, 305, 306, -1,
      267, 306, 307, -1,
      307, 306, 308, -1,
      307, 308, 309, -1,
      309, 308, 310, -1,
      309, 310, 311, -1,
      311, 310, 312, -1,
      311, 312, 313, -1,
      313, 312, 314, -1,
      313, 314, 315, -1,
      316, 265, 317, -1,
      316, 317, 318, -1,
      318, 317, 319, -1,
      318, 319, 320, -1,
      320, 319, 321, -1,
      320, 321, 322, -1,
      322, 321, 323, -1,
      322, 323, 324, -1,
      324, 323, 264, -1,
      324, 264, 325, -1,
      325, 264, 263, -1,
      325, 263, 326, -1,
      327, 74, 293, -1,
      293, 74, 73, -1,
      293, 73, 294, -1,
      294, 73, 71, -1,
      294, 71, 51, -1,
      292, 284, 291, -1,
      291, 284, 269, -1,
      291, 269, 328, -1,
      328, 269, 268, -1,
      328, 268, 329, -1,
      330, 331, 332, -1,
      333, 82, 327, -1,
      327, 82, 81, -1,
      327, 81, 74, -1,
      276, 278, 277, -1,
      277, 278, 280, -1,
      277, 280, 334, -1,
      334, 280, 335, -1,
      334, 335, 336, -1,
      336, 335, 337, -1,
      336, 337, 338, -1,
      279, 289, 280, -1,
      280, 289, 291, -1,
      280, 291, 335, -1,
      335, 291, 328, -1,
      335, 328, 337, -1,
      337, 328, 329, -1,
      295, 272, 293, -1,
      293, 272, 274, -1,
      293, 274, 327, -1,
      327, 274, 339, -1,
      327, 339, 333, -1,
      333, 339, 340, -1,
      333, 340, 341, -1,
      341, 340, 342, -1,
      341, 342, 343, -1,
      273, 275, 274, -1,
      274, 275, 277, -1,
      274, 277, 339, -1,
      339, 277, 334, -1,
      339, 334, 340, -1,
      340, 334, 336, -1,
      340, 336, 342, -1,
      342, 336, 338, -1,
      344, 345, 346, -1,
      346, 345, 347, -1,
      346, 347, 348, -1,
      348, 347, 349, -1,
      348, 349, 350, -1,
      350, 349, 351, -1,
      350, 351, 352, -1,
      65, 66, 353, -1,
      353, 66, 343, -1,
      353, 343, 354, -1,
      354, 343, 342, -1,
      354, 342, 355, -1,
      355, 342, 338, -1,
      355, 338, 356, -1,
      356, 338, 337, -1,
      356, 337, 357, -1,
      357, 337, 329, -1,
      357, 329, 358, -1,
      358, 329, 268, -1,
      358, 268, 359, -1,
      359, 268, 270, -1,
      359, 270, 283, -1,
      283, 270, 288, -1,
      283, 288, 281, -1,
      66, 86, 343, -1,
      343, 86, 76, -1,
      343, 76, 341, -1,
      341, 76, 85, -1,
      341, 85, 333, -1,
      333, 85, 83, -1,
      333, 83, 82, -1,
      360, 361, 362, -1,
      351, 363, 352, -1,
      352, 363, 364, -1,
      352, 364, 365, -1,
      365, 364, 366, -1,
      365, 366, 367, -1,
      367, 366, 368, -1,
      367, 368, 369, -1,
      64, 65, 370, -1,
      370, 65, 353, -1,
      370, 353, 371, -1,
      371, 353, 354, -1,
      371, 354, 372, -1,
      372, 354, 355, -1,
      372, 355, 373, -1,
      373, 355, 356, -1,
      373, 356, 374, -1,
      374, 356, 357, -1,
      374, 357, 375, -1,
      375, 357, 358, -1,
      375, 358, 376, -1,
      376, 358, 359, -1,
      376, 359, 332, -1,
      332, 359, 283, -1,
      332, 283, 330, -1,
      330, 283, 282, -1,
      330, 282, 377, -1,
      362, 361, 378, -1,
      378, 361, 379, -1,
      378, 379, 380, -1,
      380, 379, 381, -1,
      380, 381, 382, -1,
      382, 381, 383, -1,
      382, 383, 304, -1,
      384, 383, 385, -1,
      385, 383, 381, -1,
      385, 381, 386, -1,
      386, 381, 379, -1,
      386, 379, 387, -1,
      387, 379, 361, -1,
      387, 361, 388, -1,
      388, 361, 360, -1,
      388, 360, 389, -1,
      390, 384, 391, -1,
      391, 384, 385, -1,
      391, 385, 392, -1,
      392, 385, 386, -1,
      392, 386, 393, -1,
      393, 386, 387, -1,
      393, 387, 394, -1,
      394, 387, 388, -1,
      394, 388, 395, -1,
      395, 388, 389, -1,
      395, 389, 396, -1,
      397, 390, 398, -1,
      398, 390, 391, -1,
      398, 391, 399, -1,
      399, 391, 392, -1,
      399, 392, 400, -1,
      400, 392, 393, -1,
      400, 393, 401, -1,
      401, 393, 394, -1,
      401, 394, 402, -1,
      402, 394, 395, -1,
      402, 395, 403, -1,
      403, 395, 396, -1,
      403, 396, 404, -1,
      405, 397, 406, -1,
      406, 397, 398, -1,
      406, 398, 369, -1,
      369, 398, 399, -1,
      369, 399, 367, -1,
      367, 399, 400, -1,
      367, 400, 365, -1,
      365, 400, 401, -1,
      365, 401, 352, -1,
      352, 401, 402, -1,
      352, 402, 350, -1,
      350, 402, 403, -1,
      350, 403, 348, -1,
      348, 403, 404, -1,
      348, 404, 346, -1,
      368, 407, 369, -1,
      369, 407, 408, -1,
      369, 408, 406, -1,
      406, 408, 409, -1,
      406, 409, 405, -1,
      405, 409, 410, -1,
      405, 410, 411, -1,
      304, 383, 305, -1,
      305, 383, 384, -1,
      305, 384, 306, -1,
      306, 384, 390, -1,
      306, 390, 308, -1,
      308, 390, 397, -1,
      308, 397, 310, -1,
      310, 397, 405, -1,
      310, 405, 312, -1,
      312, 405, 411, -1,
      312, 411, 314, -1,
      64, 370, 79, -1,
      79, 370, 412, -1,
      79, 412, 80, -1,
      80, 412, 413, -1,
      80, 413, 67, -1,
      67, 413, 414, -1,
      67, 414, 68, -1,
      68, 414, 271, -1,
      68, 271, 69, -1,
      69, 271, 260, -1,
      69, 260, 259, -1,
      371, 415, 370, -1,
      370, 415, 416, -1,
      370, 416, 412, -1,
      412, 416, 417, -1,
      412, 417, 413, -1,
      413, 417, 418, -1,
      413, 418, 414, -1,
      414, 418, 419, -1,
      414, 419, 271, -1,
      271, 419, 297, -1,
      271, 297, 261, -1,
      261, 297, 256, -1,
      265, 267, 317, -1,
      317, 267, 307, -1,
      317, 307, 319, -1,
      319, 307, 309, -1,
      319, 309, 321, -1,
      321, 309, 311, -1,
      321, 311, 323, -1,
      323, 311, 313, -1,
      323, 313, 264, -1,
      264, 313, 315, -1,
      264, 315, 262, -1,
      331, 344, 332, -1,
      332, 344, 346, -1,
      332, 346, 376, -1,
      376, 346, 404, -1,
      376, 404, 375, -1,
      375, 404, 396, -1,
      375, 396, 374, -1,
      374, 396, 389, -1,
      374, 389, 373, -1,
      373, 389, 360, -1,
      373, 360, 372, -1,
      372, 360, 362, -1,
      372, 362, 371, -1,
      371, 362, 378, -1,
      371, 378, 415, -1,
      415, 378, 380, -1,
      415, 380, 416, -1,
      416, 380, 382, -1,
      416, 382, 417, -1,
      417, 382, 304, -1,
      417, 304, 418, -1,
      418, 304, 266, -1,
      418, 266, 419, -1,
      419, 266, 265, -1,
      419, 265, 297, -1,
      297, 265, 316, -1,
      297, 316, 296, -1,
      296, 316, 318, -1,
      296, 318, 298, -1,
      298, 318, 320, -1,
      298, 320, 299, -1,
      299, 320, 322, -1,
      299, 322, 300, -1,
      300, 322, 324, -1,
      300, 324, 301, -1,
      301, 324, 325, -1,
      301, 325, 302, -1,
      302, 325, 326, -1,
      302, 326, 303, -1,
      51, 53, 294, -1,
      294, 53, 420, -1,
      421, 273, 422, -1,
      422, 273, 272, -1,
      422, 272, 420, -1,
      420, 272, 295, -1,
      420, 295, 294, -1,
      289, 423, 290, -1,
      290, 423, 424, -1,
      290, 424, 292, -1,
      292, 424, 425, -1,
      292, 425, 426, -1,
      289, 279, 423, -1,
      423, 279, 278, -1,
      423, 278, 427, -1,
      427, 278, 276, -1,
      427, 276, 421, -1,
      421, 276, 275, -1,
      421, 275, 273, -1,
      428, 286, 429, -1,
      429, 286, 285, -1,
      429, 285, 426, -1,
      426, 285, 284, -1,
      426, 284, 292, -1,
      430, 431, 377, -1,
      377, 282, 430, -1,
      430, 282, 281, -1,
      430, 281, 432, -1,
      432, 281, 288, -1,
      432, 288, 428, -1,
      428, 288, 287, -1,
      428, 287, 286, -1,
      377, 17, 330, -1,
      330, 17, 2, -1,
      330, 2, 331, -1,
      1, 345, 2, -1,
      2, 345, 344, -1,
      2, 344, 331, -1,
      13, 364, 363, -1,
      363, 351, 13, -1,
      13, 351, 349, -1,
      13, 349, 1, -1,
      1, 349, 347, -1,
      1, 347, 345, -1,
      0, 368, 13, -1,
      13, 368, 366, -1,
      13, 366, 364, -1,
      410, 409, 31, -1,
      31, 409, 408, -1,
      31, 408, 0, -1,
      0, 408, 407, -1,
      0, 407, 368, -1,
      262, 315, 32, -1,
      32, 315, 314, -1,
      32, 314, 31, -1,
      31, 314, 411, -1,
      31, 411, 410, -1,
      247, 303, 41, -1,
      41, 303, 326, -1,
      41, 326, 32, -1,
      32, 326, 263, -1,
      32, 263, 262, -1,
      17, 377, 18, -1,
      18, 377, 431, -1,
      430, 432, 433, -1,
      428, 429, 434, -1,
      426, 425, 435, -1,
      423, 427, 436, -1,
      437, 438, 439, -1,
      439, 438, 440, -1,
      439, 440, 441, -1,
      442, 443, 444, -1,
      444, 443, 445, -1,
      444, 445, 446, -1,
      446, 445, 447, -1,
      446, 447, 448, -1,
      448, 447, 449, -1,
      449, 447, 450, -1,
      449, 450, 451, -1,
      421, 422, 452, -1,
      452, 422, 420, -1,
      451, 450, 453, -1,
      453, 450, 452, -1,
      453, 452, 454, -1,
      454, 452, 420, -1,
      454, 420, 53, -1,
      427, 421, 436, -1,
      436, 421, 452, -1,
      436, 452, 455, -1,
      455, 452, 450, -1,
      455, 450, 456, -1,
      456, 450, 447, -1,
      456, 447, 457, -1,
      457, 447, 445, -1,
      457, 445, 458, -1,
      458, 445, 443, -1,
      458, 443, 459, -1,
      424, 423, 460, -1,
      460, 423, 436, -1,
      460, 436, 461, -1,
      461, 436, 455, -1,
      461, 455, 462, -1,
      462, 455, 456, -1,
      462, 456, 463, -1,
      463, 456, 457, -1,
      463, 457, 464, -1,
      464, 457, 458, -1,
      464, 458, 465, -1,
      465, 458, 459, -1,
      425, 424, 435, -1,
      435, 424, 460, -1,
      435, 460, 466, -1,
      466, 460, 461, -1,
      466, 461, 467, -1,
      467, 461, 462, -1,
      467, 462, 468, -1,
      468, 462, 463, -1,
      468, 463, 469, -1,
      469, 463, 464, -1,
      469, 464, 470, -1,
      470, 464, 465, -1,
      470, 465, 441, -1,
      459, 441, 465, -1,
      442, 437, 443, -1,
      443, 437, 439, -1,
      443, 439, 459, -1,
      459, 439, 441, -1,
      429, 426, 434, -1,
      434, 426, 435, -1,
      434, 435, 471, -1,
      471, 435, 466, -1,
      471, 466, 472, -1,
      472, 466, 467, -1,
      472, 467, 473, -1,
      473, 467, 468, -1,
      473, 468, 474, -1,
      474, 468, 469, -1,
      474, 469, 475, -1,
      475, 469, 470, -1,
      475, 470, 441, -1,
      432, 428, 433, -1,
      433, 428, 434, -1,
      433, 434, 476, -1,
      476, 434, 471, -1,
      476, 471, 477, -1,
      477, 471, 472, -1,
      477, 472, 478, -1,
      478, 472, 473, -1,
      478, 473, 479, -1,
      479, 473, 474, -1,
      479, 474, 480, -1,
      480, 474, 475, -1,
      480, 475, 441, -1,
      431, 430, 481, -1,
      481, 430, 433, -1,
      481, 433, 482, -1,
      482, 433, 476, -1,
      482, 476, 483, -1,
      483, 476, 477, -1,
      483, 477, 484, -1,
      484, 477, 478, -1,
      484, 478, 485, -1,
      485, 478, 479, -1,
      485, 479, 486, -1,
      486, 479, 480, -1,
      486, 480, 441, -1,
      53, 52, 454, -1,
      454, 52, 487, -1,
      454, 487, 453, -1,
      453, 487, 488, -1,
      453, 488, 451, -1,
      451, 488, 489, -1,
      451, 489, 449, -1,
      449, 489, 490, -1,
      449, 490, 448, -1,
      448, 490, 491, -1,
      448, 491, 446, -1,
      446, 491, 492, -1,
      446, 492, 444, -1,
      444, 492, 493, -1,
      444, 493, 442, -1,
      442, 493, 494, -1,
      442, 494, 437, -1,
      437, 494, 495, -1,
      437, 495, 438, -1,
      438, 495, 496, -1,
      438, 496, 440, -1,
      440, 496, 497, -1,
      440, 497, 441, -1,
      441, 497, 498, -1,
      441, 37, 36, -1,
      441, 36, 486, -1,
      486, 36, 7, -1,
      486, 7, 485, -1,
      485, 7, 6, -1,
      485, 6, 484, -1,
      484, 6, 5, -1,
      484, 5, 483, -1,
      483, 5, 4, -1,
      483, 4, 482, -1,
      482, 4, 3, -1,
      482, 3, 481, -1,
      481, 3, 18, -1,
      481, 18, 431, -1,
      37, 441, 38, -1,
      38, 441, 498, -1,
      499, 500, 501, -1,
      502, 503, 504, -1,
      492, 491, 505, -1,
      498, 506, 507, -1,
      508, 509, 510, -1,
      498, 511, 512, -1,
      513, 514, 515, -1,
      515, 514, 516, -1,
      508, 510, 517, -1,
      517, 510, 518, -1,
      517, 518, 519, -1,
      519, 518, 520, -1,
      519, 520, 521, -1,
      521, 520, 515, -1,
      521, 515, 522, -1,
      522, 515, 516, -1,
      522, 516, 523, -1,
      498, 497, 506, -1,
      506, 497, 496, -1,
      506, 496, 524, -1,
      507, 506, 525, -1,
      525, 506, 524, -1,
      525, 524, 526, -1,
      526, 524, 527, -1,
      526, 527, 528, -1,
      529, 498, 507, -1,
      493, 527, 494, -1,
      494, 527, 524, -1,
      494, 524, 495, -1,
      495, 524, 496, -1,
      493, 492, 527, -1,
      527, 492, 505, -1,
      527, 505, 528, -1,
      528, 505, 530, -1,
      529, 507, 531, -1,
      531, 507, 525, -1,
      531, 525, 532, -1,
      532, 525, 526, -1,
      532, 526, 533, -1,
      533, 526, 528, -1,
      533, 528, 534, -1,
      534, 528, 530, -1,
      534, 530, 501, -1,
      535, 536, 537, -1,
      503, 513, 504, -1,
      504, 513, 515, -1,
      504, 515, 538, -1,
      538, 515, 520, -1,
      538, 520, 539, -1,
      539, 520, 518, -1,
      539, 518, 540, -1,
      540, 518, 510, -1,
      540, 510, 541, -1,
      541, 510, 509, -1,
      541, 509, 542, -1,
      543, 502, 544, -1,
      544, 502, 504, -1,
      544, 504, 545, -1,
      545, 504, 538, -1,
      545, 538, 546, -1,
      546, 538, 539, -1,
      546, 539, 547, -1,
      547, 539, 540, -1,
      547, 540, 548, -1,
      548, 540, 541, -1,
      548, 541, 549, -1,
      549, 541, 542, -1,
      500, 543, 501, -1,
      501, 543, 544, -1,
      501, 544, 534, -1,
      534, 544, 545, -1,
      534, 545, 533, -1,
      533, 545, 546, -1,
      533, 546, 532, -1,
      532, 546, 547, -1,
      532, 547, 531, -1,
      531, 547, 548, -1,
      531, 548, 529, -1,
      529, 548, 549, -1,
      529, 549, 498, -1,
      542, 498, 549, -1,
      508, 512, 509, -1,
      509, 512, 511, -1,
      509, 511, 542, -1,
      542, 511, 498, -1,
      491, 490, 505, -1,
      505, 490, 535, -1,
      505, 535, 530, -1,
      530, 535, 537, -1,
      530, 537, 501, -1,
      501, 537, 550, -1,
      501, 550, 499, -1,
      490, 489, 535, -1,
      535, 489, 488, -1,
      535, 488, 536, -1,
      536, 488, 487, -1,
      536, 487, 52, -1,
      52, 551, 536, -1,
      536, 551, 552, -1,
      536, 552, 537, -1,
      537, 552, 553, -1,
      537, 553, 550, -1,
      554, 555, 523, -1,
      523, 516, 554, -1,
      554, 516, 514, -1,
      554, 514, 556, -1,
      556, 514, 513, -1,
      556, 513, 557, -1,
      558, 559, 502, -1,
      502, 559, 560, -1,
      502, 560, 503, -1,
      503, 560, 561, -1,
      503, 561, 513, -1,
      513, 561, 562, -1,
      513, 562, 557, -1,
      499, 563, 500, -1,
      500, 563, 558, -1,
      500, 558, 543, -1,
      543, 558, 502, -1,
      564, 565, 553, -1,
      553, 565, 550, -1,
      550, 565, 566, -1,
      550, 566, 499, -1,
      499, 566, 567, -1,
      499, 567, 563, -1,
      568, 569, 551, -1,
      551, 569, 570, -1,
      551, 570, 552, -1,
      552, 570, 571, -1,
      552, 571, 553, -1,
      553, 571, 572, -1,
      553, 572, 564, -1,
      568, 551, 573, -1,
      573, 551, 52, -1,
      573, 52, 54, -1,
      523, 25, 24, -1,
      523, 24, 522, -1,
      522, 24, 23, -1,
      522, 23, 521, -1,
      521, 23, 22, -1,
      521, 22, 519, -1,
      519, 22, 19, -1,
      519, 19, 517, -1,
      517, 19, 20, -1,
      517, 20, 508, -1,
      508, 20, 21, -1,
      508, 21, 512, -1,
      512, 21, 38, -1,
      512, 38, 498, -1,
      44, 115, 45, -1,
      45, 115, 114, -1,
      574, 575, 576, -1,
      577, 578, 579, -1,
      112, 111, 580, -1,
      116, 581, 117, -1,
      117, 581, 119, -1,
      109, 120, 582, -1,
      582, 120, 119, -1,
      89, 103, 583, -1,
      583, 103, 105, -1,
      102, 101, 584, -1,
      584, 101, 90, -1,
      584, 90, 89, -1,
      98, 96, 585, -1,
      585, 96, 95, -1,
      585, 95, 102, -1,
      93, 99, 586, -1,
      586, 99, 98, -1,
      98, 585, 586, -1,
      586, 585, 587, -1,
      586, 587, 588, -1,
      589, 590, 591, -1,
      591, 590, 592, -1,
      592, 590, 581, -1,
      592, 581, 593, -1,
      593, 581, 116, -1,
      593, 116, 115, -1,
      591, 594, 589, -1,
      589, 594, 595, -1,
      589, 595, 596, -1,
      596, 595, 597, -1,
      596, 597, 598, -1,
      587, 599, 588, -1,
      588, 599, 600, -1,
      588, 600, 601, -1,
      601, 600, 602, -1,
      601, 602, 579, -1,
      603, 604, 605, -1,
      605, 606, 603, -1,
      603, 606, 598, -1,
      603, 598, 607, -1,
      607, 598, 597, -1,
      602, 608, 579, -1,
      579, 608, 609, -1,
      579, 609, 577, -1,
      577, 609, 610, -1,
      577, 610, 611, -1,
      89, 583, 584, -1,
      584, 583, 612, -1,
      584, 612, 613, -1,
      613, 612, 614, -1,
      613, 614, 615, -1,
      615, 614, 616, -1,
      615, 616, 617, -1,
      617, 616, 618, -1,
      617, 618, 619, -1,
      619, 618, 620, -1,
      619, 620, 621, -1,
      621, 620, 622, -1,
      621, 622, 623, -1,
      623, 622, 624, -1,
      623, 624, 625, -1,
      626, 627, 624, -1,
      624, 627, 628, -1,
      624, 628, 625, -1,
      625, 628, 629, -1,
      625, 629, 630, -1,
      631, 632, 633, -1,
      604, 634, 605, -1,
      605, 634, 631, -1,
      605, 631, 635, -1,
      635, 631, 633, -1,
      635, 633, 636, -1,
      58, 93, 87, -1,
      87, 93, 586, -1,
      87, 586, 88, -1,
      88, 586, 588, -1,
      88, 588, 78, -1,
      78, 588, 77, -1,
      77, 588, 601, -1,
      77, 601, 75, -1,
      75, 601, 84, -1,
      84, 601, 579, -1,
      84, 579, 72, -1,
      72, 579, 578, -1,
      72, 578, 70, -1,
      102, 584, 585, -1,
      585, 584, 613, -1,
      585, 613, 587, -1,
      587, 613, 615, -1,
      587, 615, 599, -1,
      599, 615, 617, -1,
      599, 617, 600, -1,
      600, 617, 619, -1,
      600, 619, 602, -1,
      602, 619, 621, -1,
      602, 621, 608, -1,
      608, 621, 623, -1,
      608, 623, 609, -1,
      609, 623, 625, -1,
      609, 625, 610, -1,
      610, 625, 630, -1,
      610, 630, 611, -1,
      105, 112, 583, -1,
      583, 112, 580, -1,
      583, 580, 612, -1,
      612, 580, 637, -1,
      612, 637, 614, -1,
      614, 637, 638, -1,
      614, 638, 616, -1,
      616, 638, 639, -1,
      616, 639, 618, -1,
      618, 639, 640, -1,
      618, 640, 620, -1,
      620, 640, 641, -1,
      620, 641, 622, -1,
      622, 641, 642, -1,
      622, 642, 624, -1,
      624, 642, 576, -1,
      624, 576, 626, -1,
      626, 576, 575, -1,
      111, 109, 580, -1,
      580, 109, 582, -1,
      580, 582, 637, -1,
      637, 582, 643, -1,
      637, 643, 638, -1,
      638, 643, 644, -1,
      638, 644, 639, -1,
      639, 644, 645, -1,
      639, 645, 640, -1,
      640, 645, 646, -1,
      640, 646, 641, -1,
      641, 646, 647, -1,
      641, 647, 642, -1,
      642, 647, 648, -1,
      642, 648, 576, -1,
      576, 648, 649, -1,
      576, 649, 574, -1,
      574, 649, 650, -1,
      119, 581, 582, -1,
      582, 581, 590, -1,
      582, 590, 643, -1,
      643, 590, 589, -1,
      643, 589, 644, -1,
      644, 589, 596, -1,
      644, 596, 645, -1,
      645, 596, 598, -1,
      645, 598, 646, -1,
      646, 598, 606, -1,
      646, 606, 647, -1,
      647, 606, 605, -1,
      647, 605, 648, -1,
      648, 605, 635, -1,
      648, 635, 649, -1,
      649, 635, 636, -1,
      649, 636, 650, -1,
      25, 523, 35, -1,
      35, 523, 555, -1,
      43, 592, 44, -1,
      44, 592, 593, -1,
      44, 593, 115, -1,
      597, 595, 42, -1,
      42, 595, 594, -1,
      42, 594, 43, -1,
      43, 594, 591, -1,
      43, 591, 592, -1,
      48, 603, 42, -1,
      42, 603, 607, -1,
      42, 607, 597, -1,
      632, 631, 47, -1,
      47, 631, 634, -1,
      47, 634, 48, -1,
      48, 634, 604, -1,
      48, 604, 603, -1,
      574, 650, 651, -1,
      626, 575, 652, -1,
      62, 61, 653, -1,
      653, 61, 70, -1,
      560, 559, 654, -1,
      573, 54, 60, -1,
      655, 569, 568, -1,
      655, 656, 657, -1,
      569, 655, 570, -1,
      570, 655, 657, -1,
      570, 657, 571, -1,
      566, 565, 658, -1,
      658, 565, 564, -1,
      658, 564, 572, -1,
      558, 563, 659, -1,
      659, 563, 567, -1,
      659, 567, 566, -1,
      560, 654, 561, -1,
      660, 556, 557, -1,
      661, 555, 554, -1,
      630, 629, 662, -1,
      662, 629, 628, -1,
      663, 664, 665, -1,
      665, 664, 666, -1,
      666, 667, 665, -1,
      665, 667, 668, -1,
      665, 668, 669, -1,
      669, 668, 670, -1,
      669, 670, 671, -1,
      672, 673, 674, -1,
      674, 673, 675, -1,
      674, 675, 676, -1,
      676, 675, 677, -1,
      676, 677, 655, -1,
      655, 677, 678, -1,
      655, 678, 656, -1,
      670, 679, 671, -1,
      671, 679, 680, -1,
      671, 680, 681, -1,
      681, 680, 682, -1,
      681, 682, 683, -1,
      683, 682, 684, -1,
      683, 684, 685, -1,
      566, 658, 659, -1,
      659, 658, 686, -1,
      659, 686, 687, -1,
      687, 686, 688, -1,
      687, 688, 689, -1,
      689, 688, 690, -1,
      689, 690, 691, -1,
      691, 690, 692, -1,
      691, 692, 693, -1,
      693, 692, 694, -1,
      693, 694, 695, -1,
      695, 694, 696, -1,
      695, 696, 697, -1,
      697, 696, 662, -1,
      697, 662, 698, -1,
      698, 662, 628, -1,
      698, 628, 627, -1,
      684, 699, 685, -1,
      685, 699, 661, -1,
      685, 661, 660, -1,
      660, 661, 554, -1,
      660, 554, 556, -1,
      70, 578, 653, -1,
      653, 578, 577, -1,
      653, 577, 700, -1,
      700, 577, 611, -1,
      700, 611, 630, -1,
      632, 664, 633, -1,
      633, 664, 663, -1,
      633, 663, 636, -1,
      636, 663, 650, -1,
      700, 672, 653, -1,
      653, 672, 674, -1,
      653, 674, 62, -1,
      62, 674, 63, -1,
      63, 674, 49, -1,
      49, 674, 676, -1,
      49, 676, 50, -1,
      50, 676, 59, -1,
      59, 676, 655, -1,
      59, 655, 60, -1,
      60, 655, 568, -1,
      60, 568, 573, -1,
      630, 662, 700, -1,
      700, 662, 696, -1,
      700, 696, 672, -1,
      672, 696, 694, -1,
      672, 694, 673, -1,
      673, 694, 692, -1,
      673, 692, 675, -1,
      675, 692, 690, -1,
      675, 690, 677, -1,
      677, 690, 688, -1,
      677, 688, 678, -1,
      678, 688, 686, -1,
      678, 686, 656, -1,
      656, 686, 658, -1,
      656, 658, 657, -1,
      657, 658, 572, -1,
      657, 572, 571, -1,
      627, 626, 698, -1,
      698, 626, 652, -1,
      698, 652, 697, -1,
      697, 652, 701, -1,
      697, 701, 695, -1,
      695, 701, 702, -1,
      695, 702, 693, -1,
      693, 702, 703, -1,
      693, 703, 691, -1,
      691, 703, 704, -1,
      691, 704, 689, -1,
      689, 704, 705, -1,
      689, 705, 687, -1,
      687, 705, 706, -1,
      687, 706, 659, -1,
      659, 706, 654, -1,
      659, 654, 558, -1,
      558, 654, 559, -1,
      575, 574, 652, -1,
      652, 574, 651, -1,
      652, 651, 701, -1,
      701, 651, 707, -1,
      701, 707, 702, -1,
      702, 707, 708, -1,
      702, 708, 703, -1,
      703, 708, 709, -1,
      703, 709, 704, -1,
      704, 709, 710, -1,
      704, 710, 705, -1,
      705, 710, 711, -1,
      705, 711, 706, -1,
      706, 711, 712, -1,
      706, 712, 654, -1,
      654, 712, 713, -1,
      654, 713, 561, -1,
      561, 713, 562, -1,
      650, 663, 651, -1,
      651, 663, 665, -1,
      651, 665, 707, -1,
      707, 665, 669, -1,
      707, 669, 708, -1,
      708, 669, 671, -1,
      708, 671, 709, -1,
      709, 671, 681, -1,
      709, 681, 710, -1,
      710, 681, 683, -1,
      710, 683, 711, -1,
      711, 683, 685, -1,
      711, 685, 712, -1,
      712, 685, 660, -1,
      712, 660, 713, -1,
      713, 660, 557, -1,
      713, 557, 562, -1,
      632, 47, 664, -1,
      664, 47, 46, -1,
      664, 46, 666, -1,
      666, 46, 667, -1,
      667, 46, 33, -1,
      667, 33, 668, -1,
      680, 33, 682, -1,
      682, 33, 34, -1,
      680, 679, 33, -1,
      33, 679, 670, -1,
      33, 670, 668, -1,
      555, 661, 35, -1,
      35, 661, 699, -1,
      35, 699, 34, -1,
      34, 699, 684, -1,
      34, 684, 682, -1,
    ]
  }
}

Shape {
  appearance Appearance {
    material Material {
      diffuseColor 0.8510 0.8510 0.8510
      specularColor 0.4235 0.4235 0.4235
      ambientIntensity 0.2
      transparency 0.0000
      shininess 0.5
    }
  }
  geometry IndexedFaceSet {
    ccw TRUE
    solid FALSE
    coord DEF co Coordinate {
      point [
        0.964567 0.095060 0.905512,
        0.794985 -0.072426 0.905512,
        0.728346 -0.072426 0.905512,
        0.794985 -0.072426 0.826772,
        0.728346 -0.072426 0.826772,
        0.964567 0.095060 0.826772,
        0.964567 0.255906 0.826772,
        0.964567 0.354331 0.925197,
        0.964567 0.341144 0.875984,
        0.964567 0.305118 0.839958,
        0.728346 0.354331 0.925197,
        0.728346 0.255906 0.826772,
        0.728346 0.341144 0.875984,
        0.728346 0.305118 0.839958,
        0.728346 0.255906 0.905512,
        0.964567 0.255906 0.905512,
        0.728346 0.261000 0.906183,
        0.964567 0.261000 0.906183,
        0.728346 0.265748 0.908149,
        0.964567 0.265748 0.908149,
        0.728346 0.269825 0.911278,
        0.964567 0.269825 0.911278,
        0.728346 0.272953 0.915354,
        0.964567 0.272953 0.915354,
        0.728346 0.274920 0.920102,
        0.964567 0.274920 0.920102,
        0.728346 0.275591 0.925197,
        0.964567 0.275591 0.925197,
        0.728346 0.354331 1.344488,
        0.964567 0.354331 1.344488,
        0.728346 0.275591 1.344488,
        0.964567 0.275591 1.344488,
        0.964567 0.289569 0.832707,
        0.964567 0.272997 0.828267,
        0.964567 0.319172 0.849799,
        0.964567 0.331304 0.861930,
        0.964567 0.352835 0.908106,
        0.964567 0.348395 0.891533,
        0.728346 0.289569 0.832707,
        0.728346 0.272997 0.828267,
        0.728346 0.331304 0.861930,
        0.728346 0.319172 0.849799,
        0.728346 0.352835 0.908106,
        0.728346 0.348395 0.891533,
      ]
    }
    coordIndex [
      14, 15, 16, -1,
      16, 15, 17, -1,
      16, 17, 18, -1,
      18, 17, 19, -1,
      18, 19, 20, -1,
      20, 19, 21, -1,
      20, 21, 22, -1,
      22, 21, 23, -1,
      22, 23, 24, -1,
      24, 23, 25, -1,
      24, 25, 26, -1,
      26, 25, 27, -1,
      28, 29, 10, -1,
      10, 29, 7, -1,
      30, 31, 28, -1,
      28, 31, 29, -1,
      27, 31, 26, -1,
      26, 31, 30, -1,
      0, 15, 1, -1,
      1, 15, 14, -1,
      1, 14, 2, -1,
      1, 3, 0, -1,
      0, 3, 5, -1,
      17, 32, 19, -1,
      19, 32, 9, -1,
      19, 9, 21, -1,
      0, 5, 15, -1,
      15, 5, 6, -1,
      15, 6, 17, -1,
      17, 6, 33, -1,
      17, 33, 32, -1,
      9, 34, 21, -1,
      21, 34, 35, -1,
      21, 35, 23, -1,
      23, 35, 8, -1,
      23, 8, 25, -1,
      29, 31, 7, -1,
      7, 31, 27, -1,
      7, 27, 36, -1,
      36, 27, 25, -1,
      36, 25, 37, -1,
      37, 25, 8, -1,
      2, 4, 1, -1,
      1, 4, 3, -1,
      6, 5, 11, -1,
      11, 5, 3, -1,
      11, 3, 4, -1,
      26, 30, 28, -1,
      18, 38, 16, -1,
      16, 38, 39, -1,
      16, 39, 14, -1,
      14, 39, 11, -1,
      14, 11, 2, -1,
      2, 11, 4, -1,
      22, 40, 20, -1,
      20, 40, 41, -1,
      20, 41, 18, -1,
      18, 41, 13, -1,
      18, 13, 38, -1,
      28, 10, 26, -1,
      26, 10, 42, -1,
      26, 42, 24, -1,
      24, 42, 43, -1,
      24, 43, 22, -1,
      22, 43, 12, -1,
      22, 12, 40, -1,
      10, 7, 36, -1,
      10, 36, 42, -1,
      42, 36, 37, -1,
      42, 37, 43, -1,
      43, 37, 8, -1,
      43, 8, 12, -1,
      12, 8, 35, -1,
      12, 35, 40, -1,
      40, 35, 34, -1,
      40, 34, 41, -1,
      41, 34, 9, -1,
      41, 9, 13, -1,
      13, 9, 32, -1,
      13, 32, 38, -1,
      38, 32, 33, -1,
      38, 33, 39, -1,
      39, 33, 6, -1,
      39, 6, 11, -1,
    ]
  }
}

Shape {
  appearance Appearance {
    material Material {
      diffuseColor 0.2235 0.2235 0.2235
      specularColor 0.1137 0.1137 0.1137
      ambientIntensity 0.2
      transparency 0.0000
      shininess 0.5
    }
  }
  geometry IndexedFaceSet {
    ccw TRUE
    solid FALSE
    coord DEF co Coordinate {
      point [
        -0.352366 -0.669291 0.724409,
        -0.352366 -0.590551 0.724409,
        -0.340502 -0.590551 0.725127,
        -0.340502 -0.669291 0.725127,
        -0.328811 -0.590551 0.727270,
        -0.328811 -0.669291 0.727270,
        -0.317464 -0.590551 0.730806,
        -0.317464 -0.669291 0.730806,
        -0.306626 -0.590551 0.735683,
        -0.306626 -0.669291 0.735683,
        -0.296454 -0.590551 0.741832,
        -0.296454 -0.669291 0.741832,
        -0.287098 -0.590551 0.749162,
        -0.287098 -0.669291 0.749162,
        -0.278694 -0.590551 0.757567,
        -0.278694 -0.669291 0.757567,
        -0.271364 -0.590551 0.766923,
        -0.271364 -0.669291 0.766923,
        -0.265215 -0.590551 0.777094,
        -0.265215 -0.669291 0.777094,
        -0.260337 -0.590551 0.787933,
        -0.260337 -0.669291 0.787933,
        -0.256801 -0.590551 0.799280,
        -0.256801 -0.669291 0.799280,
        -0.254659 -0.590551 0.810971,
        -0.254659 -0.669291 0.810971,
        -0.253941 -0.590551 0.822835,
        -0.253941 -0.669291 0.822835,
        -0.254659 -0.590551 0.834698,
        -0.254659 -0.669291 0.834698,
        -0.256801 -0.590551 0.846389,
        -0.256801 -0.669291 0.846389,
        -0.260337 -0.590551 0.857737,
        -0.260337 -0.669291 0.857737,
        -0.265215 -0.590551 0.868575,
        -0.265215 -0.669291 0.868575,
        -0.271364 -0.590551 0.878746,
        -0.271364 -0.669291 0.878746,
        -0.278694 -0.590551 0.888103,
        -0.278694 -0.669291 0.888103,
        -0.287098 -0.590551 0.896507,
        -0.287098 -0.669291 0.896507,
        -0.296454 -0.590551 0.903837,
        -0.296454 -0.669291 0.903837,
        -0.306626 -0.590551 0.909986,
        -0.306626 -0.669291 0.909986,
        -0.317464 -0.590551 0.914864,
        -0.317464 -0.669291 0.914864,
        -0.328811 -0.590551 0.918400,
        -0.328811 -0.669291 0.918400,
        -0.340502 -0.590551 0.920542,
        -0.340502 -0.669291 0.920542,
        -0.352366 -0.590551 0.921260,
        -0.352366 -0.669291 0.921260,
        -0.364230 -0.669291 0.725127,
        -0.364230 -0.669291 0.920542,
        -0.375921 -0.669291 0.918400,
        -0.375921 -0.669291 0.727270,
        -0.447931 -0.669291 0.846389,
        -0.450074 -0.669291 0.834698,
        -0.450791 -0.669291 0.822835,
        -0.387269 -0.669291 0.730806,
        -0.387269 -0.669291 0.914864,
        -0.398107 -0.669291 0.909986,
        -0.408278 -0.669291 0.903837,
        -0.417634 -0.669291 0.896507,
        -0.426039 -0.669291 0.888103,
        -0.433369 -0.669291 0.878746,
        -0.439517 -0.669291 0.868575,
        -0.444395 -0.669291 0.857737,
        -0.450074 -0.669291 0.810971,
        -0.408278 -0.669291 0.741832,
        -0.398107 -0.669291 0.735683,
        -0.447931 -0.669291 0.799280,
        -0.444395 -0.669291 0.787933,
        -0.439517 -0.669291 0.777094,
        -0.433369 -0.669291 0.766923,
        -0.426039 -0.669291 0.757567,
        -0.417634 -0.669291 0.749162,
        -0.364230 -0.590551 0.725127,
        -0.375921 -0.590551 0.727270,
        -0.364230 -0.590551 0.920542,
        -0.375921 -0.590551 0.918400,
        -0.417634 -0.590551 0.749162,
        -0.426039 -0.590551 0.757567,
        -0.433369 -0.590551 0.766923,
        -0.408278 -0.590551 0.741832,
        -0.444395 -0.590551 0.787933,
        -0.447931 -0.590551 0.799280,
        -0.387269 -0.590551 0.730806,
        -0.450791 -0.590551 0.822835,
        -0.450074 -0.590551 0.834698,
        -0.447931 -0.590551 0.846389,
        -0.439517 -0.590551 0.777094,
        -0.398107 -0.590551 0.735683,
        -0.450074 -0.590551 0.810971,
        -0.444395 -0.590551 0.857737,
        -0.439517 -0.590551 0.868575,
        -0.433369 -0.590551 0.878746,
        -0.426039 -0.590551 0.888103,
        -0.417634 -0.590551 0.896507,
        -0.408278 -0.590551 0.903837,
        -0.398107 -0.590551 0.909986,
        -0.387269 -0.590551 0.914864,
      ]
    }
    coordIndex [
      0, 1, 2, -1,
      0, 2, 3, -1,
      3, 2, 4, -1,
      3, 4, 5, -1,
      5, 4, 6, -1,
      5, 6, 7, -1,
      7, 6, 8, -1,
      7, 8, 9, -1,
      9, 8, 10, -1,
      9, 10, 11, -1,
      11, 10, 12, -1,
      11, 12, 13, -1,
      13, 12, 14, -1,
      13, 14, 15, -1,
      15, 14, 16, -1,
      15, 16, 17, -1,
      17, 16, 18, -1,
      17, 18, 19, -1,
      19, 18, 20, -1,
      19, 20, 21, -1,
      21, 20, 22, -1,
      21, 22, 23, -1,
      23, 22, 24, -1,
      23, 24, 25, -1,
      25, 24, 26, -1,
      25, 26, 27, -1,
      27, 26, 28, -1,
      27, 28, 29, -1,
      29, 28, 30, -1,
      29, 30, 31, -1,
      31, 30, 32, -1,
      31, 32, 33, -1,
      33, 32, 34, -1,
      33, 34, 35, -1,
      35, 34, 36, -1,
      35, 36, 37, -1,
      37, 36, 38, -1,
      37, 38, 39, -1,
      39, 38, 40, -1,
      39, 40, 41, -1,
      41, 40, 42, -1,
      41, 42, 43, -1,
      43, 42, 44, -1,
      43, 44, 45, -1,
      45, 44, 46, -1,
      45, 46, 47, -1,
      47, 46, 48, -1,
      47, 48, 49, -1,
      49, 48, 50, -1,
      49, 50, 51, -1,
      51, 50, 52, -1,
      51, 52, 53, -1,
      54, 0, 49, -1,
      55, 56, 57, -1,
      0, 3, 49, -1,
      49, 3, 5, -1,
      49, 5, 7, -1,
      55, 57, 53, -1,
      13, 15, 49, -1,
      39, 41, 19, -1,
      19, 41, 43, -1,
      19, 43, 45, -1,
      15, 17, 49, -1,
      49, 17, 19, -1,
      49, 19, 47, -1,
      47, 19, 45, -1,
      54, 49, 57, -1,
      57, 49, 51, -1,
      57, 51, 53, -1,
      58, 59, 57, -1,
      57, 59, 60, -1,
      57, 60, 61, -1,
      56, 62, 57, -1,
      57, 62, 63, -1,
      57, 63, 64, -1,
      64, 65, 57, -1,
      57, 65, 66, -1,
      57, 66, 67, -1,
      67, 68, 57, -1,
      57, 68, 69, -1,
      57, 69, 58, -1,
      70, 71, 60, -1,
      60, 71, 72, -1,
      60, 72, 61, -1,
      70, 73, 71, -1,
      71, 73, 74, -1,
      71, 74, 75, -1,
      75, 76, 71, -1,
      71, 76, 77, -1,
      71, 77, 78, -1,
      7, 9, 49, -1,
      49, 9, 11, -1,
      49, 11, 13, -1,
      21, 35, 19, -1,
      19, 35, 37, -1,
      19, 37, 39, -1,
      21, 23, 35, -1,
      35, 23, 25, -1,
      35, 25, 27, -1,
      27, 29, 35, -1,
      35, 29, 31, -1,
      35, 31, 33, -1,
      52, 50, 1, -1,
      1, 50, 48, -1,
      1, 48, 2, -1,
      2, 48, 4, -1,
      1, 79, 52, -1,
      52, 79, 80, -1,
      52, 80, 81, -1,
      81, 80, 82, -1,
      83, 84, 85, -1,
      86, 87, 88, -1,
      89, 90, 80, -1,
      80, 90, 91, -1,
      80, 91, 92, -1,
      16, 48, 18, -1,
      18, 48, 46, -1,
      18, 46, 44, -1,
      83, 85, 86, -1,
      86, 85, 93, -1,
      86, 93, 87, -1,
      89, 94, 90, -1,
      90, 94, 86, -1,
      90, 86, 95, -1,
      95, 86, 88, -1,
      92, 96, 80, -1,
      80, 96, 97, -1,
      80, 97, 98, -1,
      98, 99, 80, -1,
      80, 99, 100, -1,
      80, 100, 101, -1,
      101, 102, 80, -1,
      80, 102, 103, -1,
      80, 103, 82, -1,
      44, 42, 18, -1,
      18, 42, 40, -1,
      18, 40, 38, -1,
      16, 14, 48, -1,
      48, 14, 12, -1,
      48, 12, 10, -1,
      38, 36, 18, -1,
      18, 36, 34, -1,
      18, 34, 32, -1,
      32, 30, 18, -1,
      18, 30, 28, -1,
      18, 28, 26, -1,
      26, 24, 18, -1,
      18, 24, 22, -1,
      18, 22, 20, -1,
      10, 8, 48, -1,
      48, 8, 6, -1,
      48, 6, 4, -1,
      53, 52, 81, -1,
      53, 81, 55, -1,
      55, 81, 82, -1,
      55, 82, 56, -1,
      56, 82, 103, -1,
      56, 103, 62, -1,
      62, 103, 102, -1,
      62, 102, 63, -1,
      63, 102, 101, -1,
      63, 101, 64, -1,
      64, 101, 100, -1,
      64, 100, 65, -1,
      65, 100, 99, -1,
      65, 99, 66, -1,
      66, 99, 98, -1,
      66, 98, 67, -1,
      67, 98, 97, -1,
      67, 97, 68, -1,
      68, 97, 96, -1,
      68, 96, 69, -1,
      69, 96, 92, -1,
      69, 92, 58, -1,
      58, 92, 91, -1,
      58, 91, 59, -1,
      59, 91, 90, -1,
      59, 90, 60, -1,
      60, 90, 95, -1,
      60, 95, 70, -1,
      70, 95, 88, -1,
      70, 88, 73, -1,
      73, 88, 87, -1,
      73, 87, 74, -1,
      74, 87, 93, -1,
      74, 93, 75, -1,
      75, 93, 85, -1,
      75, 85, 76, -1,
      76, 85, 84, -1,
      76, 84, 77, -1,
      77, 84, 83, -1,
      77, 83, 78, -1,
      78, 83, 86, -1,
      78, 86, 71, -1,
      71, 86, 94, -1,
      71, 94, 72, -1,
      72, 94, 89, -1,
      72, 89, 61, -1,
      61, 89, 80, -1,
      61, 80, 57, -1,
      57, 80, 79, -1,
      57, 79, 54, -1,
      54, 79, 1, -1,
      54, 1, 0, -1,
    ]
  }
}

Shape {
  appearance Appearance {
    material Material {
      diffuseColor 0.8510 0.8510 0.8510
      specularColor 0.4235 0.4235 0.4235
      ambientIntensity 0.2
      transparency 0.0000
      shininess 0.5
    }
  }
  geometry IndexedFaceSet {
    ccw TRUE
    solid FALSE
    coord DEF co Coordinate {
      point [
        1.122047 -0.590551 0.826772,
        -1.122047 -0.590551 0.826772,
        1.016943 -0.014703 1.346831,
        0.971731 -0.013144 1.308871,
        1.006152 -0.327629 1.346831,
        0.963711 -0.245704 1.308871,
        0.986056 -0.326936 1.329959,
        0.962702 -0.324813 1.310313,
        0.977624 -0.326169 1.288995,
        0.985549 -0.326897 1.279528,
        0.986056 -0.326936 1.278922,
        0.411222 -0.391738 1.338583,
        0.393701 -0.389764 1.338583,
        0.472441 -0.468504 1.338583,
        -0.393701 -0.389764 1.338583,
        -0.472441 -0.551181 1.338583,
        0.472441 -0.551181 1.338583,
        0.464643 -0.434340 1.338583,
        0.455262 -0.419410 1.338583,
        0.470467 -0.450983 1.338583,
        0.442794 -0.406943 1.338583,
        0.427865 -0.397561 1.338583,
        -0.414080 -0.392447 1.338583,
        -0.433071 -0.400313 1.338583,
        -0.449378 -0.412826 1.338583,
        -0.461892 -0.429134 1.338583,
        -0.469758 -0.448124 1.338583,
        -0.472441 -0.468504 1.338583,
        0.393701 -0.389764 1.304667,
        0.411222 -0.391738 1.304667,
        0.427865 -0.397561 1.304667,
        0.442794 -0.406943 1.304667,
        0.455262 -0.419410 1.304667,
        0.464643 -0.434340 1.304667,
        0.470467 -0.450983 1.304667,
        0.472441 -0.468504 1.304667,
        -0.393701 -0.389764 1.304667,
        -0.472441 -0.468504 1.304667,
        -0.469758 -0.448124 1.304667,
        -0.461892 -0.429134 1.304667,
        -0.449378 -0.412826 1.304667,
        -0.433071 -0.400313 1.304667,
        -0.414080 -0.392447 1.304667,
        0.472441 -0.590551 1.304667,
        -0.472441 -0.590551 1.304667,
        0.951315 -0.248031 0.019685,
        0.892428 -0.243570 0.019685,
        0.961416 -0.114697 0.019685,
        0.902529 -0.110236 0.019685,
        0.964350 -0.075957 0.324696,
        0.905464 -0.071495 0.324696,
        0.899564 -0.149381 0.413386,
        0.958450 -0.153843 0.413386,
        0.959878 -0.134989 0.411082,
        0.900992 -0.130528 0.411082,
        0.961223 -0.117238 0.404305,
        0.902337 -0.112777 0.404305,
        0.962406 -0.101630 0.393452,
        0.903519 -0.097169 0.393452,
        0.963357 -0.089076 0.379158,
        0.904470 -0.084615 0.379158,
        0.964020 -0.080313 0.362259,
        0.905134 -0.075852 0.362259,
        0.964358 -0.075853 0.343744,
        0.905472 -0.071392 0.343744,
        0.940279 -0.393701 0.413386,
        0.881393 -0.389240 0.413386,
        0.940279 -0.393701 0.622047,
        0.881393 -0.389240 0.622047,
        0.892428 -0.243570 0.275591,
        0.951315 -0.248031 0.275591,
        0.878419 -0.428497 0.661417,
        0.937305 -0.432958 0.661417,
        0.938075 -0.422798 0.660076,
        0.879188 -0.418337 0.660076,
        0.938792 -0.413330 0.656143,
        0.879906 -0.408869 0.656143,
        0.939408 -0.405199 0.649886,
        0.880522 -0.400738 0.649886,
        0.939881 -0.398960 0.641732,
        0.880994 -0.394499 0.641732,
        0.940178 -0.395039 0.632237,
        0.881291 -0.390577 0.632237,
        0.938788 -0.413386 0.275591,
        0.929164 -0.540418 0.265250,
        0.929164 -0.540418 0.661417,
        0.879901 -0.408925 0.275591,
        0.870278 -0.535957 0.265250,
        0.870278 -0.535957 0.661417,
        0.866142 -0.553630 0.263794,
        0.866142 -0.553630 0.661417,
        0.868893 -0.544953 0.661417,
        0.868893 -0.544953 0.264513,
        0.866142 -0.590551 0.260806,
        0.866142 -0.590551 0.661417,
        0.669291 -0.590551 1.259843,
        0.472441 -0.590551 1.259843,
        0.669291 -0.649606 1.259843,
        0.472441 -0.647618 1.259843,
        0.472441 -0.649606 1.259843,
        0.708661 -0.649606 1.220472,
        0.708661 -0.590551 1.220472,
        0.699901 -0.649606 1.221459,
        0.699901 -0.590551 1.221459,
        0.691580 -0.649606 1.224371,
        0.691580 -0.590551 1.224371,
        0.684115 -0.649606 1.229062,
        0.684115 -0.590551 1.229062,
        0.677881 -0.649606 1.235296,
        0.677881 -0.590551 1.235296,
        0.673190 -0.649606 1.242761,
        0.673190 -0.590551 1.242761,
        0.670278 -0.649606 1.251082,
        0.670278 -0.590551 1.251082,
        0.944882 -0.649606 1.220472,
        0.944882 -0.590551 1.220472,
        0.984252 -0.649606 1.259843,
        0.984252 -0.590551 1.259843,
        0.983265 -0.649606 1.251082,
        0.983265 -0.590551 1.251082,
        0.980353 -0.649606 1.242761,
        0.980353 -0.590551 1.242761,
        0.975663 -0.649606 1.235296,
        0.975663 -0.590551 1.235296,
        0.969429 -0.649606 1.229062,
        0.969429 -0.590551 1.229062,
        0.961964 -0.649606 1.224371,
        0.961964 -0.590551 1.224371,
        0.953643 -0.649606 1.221459,
        0.953643 -0.590551 1.221459,
        1.102362 -0.649606 1.259843,
        1.102362 -0.590551 1.259843,
        -1.102362 -0.590551 1.259843,
        -1.102362 -0.590551 1.077830,
        -1.102362 -0.649606 1.259843,
        -1.102362 -0.648275 1.082568,
        -1.102362 -0.649606 1.082677,
        -0.984252 -0.649606 1.259843,
        -0.984252 -0.590551 1.259843,
        -0.944882 -0.649606 1.220472,
        -0.944882 -0.590551 1.220472,
        -0.953643 -0.649606 1.221459,
        -0.953643 -0.590551 1.221459,
        -0.961964 -0.649606 1.224371,
        -0.961964 -0.590551 1.224371,
        -0.969429 -0.649606 1.229062,
        -0.969429 -0.590551 1.229062,
        -0.975663 -0.649606 1.235296,
        -0.975663 -0.590551 1.235296,
        -0.980353 -0.649606 1.242761,
        -0.980353 -0.590551 1.242761,
        -0.983265 -0.649606 1.251082,
        -0.983265 -0.590551 1.251082,
        -0.708661 -0.649606 1.220472,
        -0.708661 -0.590551 1.220472,
        -0.472441 -0.590551 1.259843,
        -0.669291 -0.590551 1.259843,
        -0.472441 -0.647618 1.259843,
        -0.669291 -0.649606 1.259843,
        -0.472441 -0.649606 1.259843,
        0.472441 -0.647139 1.262059,
        0.472441 -0.639859 1.282863,
        0.472441 -0.628133 1.301524,
        0.472441 -0.612548 1.317109,
        0.472441 -0.573083 1.336115,
        0.472441 -0.593886 1.328835,
        0.472441 -0.649606 1.240157,
        1.102362 -0.648275 1.088808,
        1.102362 -0.649606 1.088917,
        1.093545 -0.649273 1.088865,
        1.084678 -0.649606 1.088867,
        1.102362 -0.648275 1.082568,
        1.102362 -0.590551 1.077830,
        -1.084678 -0.649606 1.082727,
        -1.093545 -0.649273 1.082675,
        0.511811 -0.590551 0.314961,
        0.511811 -0.649606 0.314961,
        0.522001 -0.590551 0.316302,
        0.522001 -0.649606 0.316302,
        0.531496 -0.590551 0.320235,
        0.531496 -0.649606 0.320235,
        0.539650 -0.590551 0.326492,
        0.539650 -0.649606 0.326492,
        0.545907 -0.590551 0.334646,
        0.545907 -0.649606 0.334646,
        0.549840 -0.590551 0.344141,
        0.549840 -0.649606 0.344141,
        0.551181 -0.590551 0.354331,
        0.551181 -0.649606 0.354331,
        0.551181 -0.590551 0.984252,
        0.551181 -0.649606 0.984252,
        0.549840 -0.590551 0.994442,
        0.549840 -0.649606 0.994442,
        0.545907 -0.590551 1.003937,
        0.545907 -0.649606 1.003937,
        0.539650 -0.590551 1.012091,
        0.539650 -0.649606 1.012091,
        0.531496 -0.590551 1.018347,
        0.531496 -0.649606 1.018347,
        0.522001 -0.590551 1.022280,
        0.522001 -0.649606 1.022280,
        0.511811 -0.590551 1.023622,
        0.511811 -0.649606 1.023622,
        0.312490 -0.590551 1.023622,
        0.312490 -0.649606 1.023622,
        0.251805 -0.590551 1.069035,
        0.251805 -0.649606 1.069035,
        0.184638 -0.590551 1.104158,
        0.184638 -0.649606 1.104158,
        0.112719 -0.590551 1.128089,
        0.112719 -0.649606 1.128089,
        0.037898 -0.590551 1.140210,
        0.037898 -0.649606 1.140210,
        -0.037898 -0.590551 1.140210,
        -0.037898 -0.649606 1.140210,
        -0.112719 -0.590551 1.128089,
        -0.112719 -0.649606 1.128089,
        -0.184638 -0.590551 1.104158,
        -0.184638 -0.649606 1.104158,
        -0.251805 -0.590551 1.069035,
        -0.251805 -0.649606 1.069035,
        -0.312490 -0.590551 1.023622,
        -0.312490 -0.649606 1.023622,
        -0.511811 -0.590551 1.023622,
        -0.511811 -0.649606 1.023622,
        -0.522001 -0.590551 1.022280,
        -0.522001 -0.649606 1.022280,
        -0.531496 -0.590551 1.018347,
        -0.531496 -0.649606 1.018347,
        -0.539650 -0.590551 1.012091,
        -0.539650 -0.649606 1.012091,
        -0.545907 -0.590551 1.003937,
        -0.545907 -0.649606 1.003937,
        -0.549840 -0.590551 0.994442,
        -0.549840 -0.649606 0.994442,
        -0.551181 -0.590551 0.984252,
        -0.551181 -0.649606 0.984252,
        -0.551181 -0.590551 0.354331,
        -0.551181 -0.649606 0.354331,
        -0.550194 -0.590551 0.345570,
        -0.550194 -0.649606 0.345570,
        -0.547282 -0.590551 0.337249,
        -0.547282 -0.649606 0.337249,
        -0.542592 -0.590551 0.329784,
        -0.542592 -0.649606 0.329784,
        -0.536358 -0.590551 0.323550,
        -0.536358 -0.649606 0.323550,
        -0.528893 -0.590551 0.318859,
        -0.528893 -0.649606 0.318859,
        -0.520572 -0.590551 0.315948,
        -0.520572 -0.649606 0.315948,
        -0.511811 -0.590551 0.314961,
        -0.511811 -0.649606 0.314961,
        -0.312490 -0.590551 0.314961,
        -0.312490 -0.649606 0.314961,
        0.846457 -0.644281 0.245956,
        0.840452 -0.645662 0.245881,
        0.846457 -0.649606 0.245525,
        0.829125 -0.648267 0.245740,
        0.811391 -0.649606 0.245740,
        0.777559 -0.649606 0.078740,
        0.777559 -0.590551 0.078740,
        0.846457 -0.649606 0.078740,
        0.846457 -0.590551 0.078740,
        0.777559 -0.649606 0.039370,
        0.777559 -0.590551 0.039370,
        0.472441 -0.649606 0.078740,
        0.472441 -0.590551 0.078740,
        0.620079 -0.649606 0.078740,
        0.620079 -0.590551 0.078740,
        0.846457 -0.590551 0.260685,
        0.846457 -0.644281 0.256337,
        0.923326 -0.569189 0.661417,
        0.840520 -0.645958 0.661417,
        0.867358 -0.635504 0.257175,
        0.867850 -0.635238 0.661417,
        0.811391 -0.649606 0.661417,
        0.826772 -0.648600 0.661417,
        0.910572 -0.595630 0.661417,
        0.923294 -0.569281 0.262878,
        0.923314 -0.569186 0.262886,
        0.891691 -0.618110 0.661417,
        0.909782 -0.596835 0.260565,
        0.910412 -0.595552 0.260673,
        0.867811 -0.635184 0.257204,
        0.890807 -0.618920 0.258661,
        0.891584 -0.618017 0.258739,
        0.826772 -0.590551 0.661417,
        0.826772 -0.649606 0.661417,
        -0.811391 -0.649606 0.661417,
        -0.826772 -0.649606 0.661417,
        -0.826772 -0.648600 0.661417,
        -0.620079 -0.649606 0.078740,
        -0.620079 -0.590551 0.078740,
        -0.472441 -0.649606 0.078740,
        -0.472441 -0.590551 0.078740,
        -0.620079 -0.649606 0.039370,
        -0.620079 -0.590551 0.039370,
        -0.777559 -0.649606 0.039370,
        -0.777559 -0.590551 0.039370,
        -0.777559 -0.649606 0.078740,
        -0.777559 -0.590551 0.078740,
        -0.811391 -0.649606 0.255691,
        -0.829125 -0.648267 0.255907,
        -0.846457 -0.649606 0.255906,
        -0.840452 -0.645662 0.256188,
        -0.846457 -0.644281 0.256337,
        0.826772 -0.590551 0.826772,
        0.826772 -0.649606 0.826772,
        0.312490 -0.590551 0.314961,
        0.312490 -0.649606 0.314961,
        -0.846457 -0.649606 0.078740,
        0.620079 -0.649606 0.039370,
        -0.472441 -0.649606 1.240157,
        -0.670278 -0.649606 1.251082,
        -0.673190 -0.649606 1.242761,
        -0.677881 -0.649606 1.235296,
        -0.684115 -0.649606 1.229062,
        -0.691580 -0.649606 1.224371,
        -0.826772 -0.649606 0.826772,
        -0.699901 -0.649606 1.221459,
        0.000000 -0.649606 0.196850,
        -0.068052 -0.649606 0.201777,
        1.084678 -0.649606 0.826772,
        0.134685 -0.649606 0.216456,
        0.198509 -0.649606 0.240579,
        0.258192 -0.649606 0.273643,
        -0.134685 -0.649606 0.216456,
        -0.198509 -0.649606 0.240579,
        -0.258192 -0.649606 0.273643,
        -1.084678 -0.649606 0.826772,
        0.068052 -0.649606 0.201777,
        -0.258192 -0.590551 0.273643,
        -0.198509 -0.590551 0.240579,
        -0.134685 -0.590551 0.216456,
        -0.068052 -0.590551 0.201777,
        0.000000 -0.590551 0.196850,
        0.068052 -0.590551 0.201777,
        0.134685 -0.590551 0.216456,
        0.198509 -0.590551 0.240579,
        0.258192 -0.590551 0.273643,
        -0.826772 -0.590551 0.826772,
        -0.826772 -0.590551 0.661417,
        -0.846457 -0.590551 0.078740,
        -0.846457 -0.590551 0.260685,
        0.620079 -0.590551 0.039370,
        -0.472441 -0.647139 1.262059,
        -0.472441 -0.573083 1.336115,
        -0.472441 -0.593886 1.328835,
        -0.472441 -0.639859 1.282863,
        -0.472441 -0.628133 1.301524,
        -0.472441 -0.612548 1.317109,
        -0.670278 -0.590551 1.251082,
        -0.673190 -0.590551 1.242761,
        -0.677881 -0.590551 1.235296,
        -0.684115 -0.590551 1.229062,
        -0.691580 -0.590551 1.224371,
        -0.699901 -0.590551 1.221459,
        -1.122047 -0.590551 1.077774,
        -0.472441 -0.590551 0.039370,
        1.122047 -0.590551 1.077774,
        0.472441 -0.590551 0.039370,
        -0.866142 -0.590551 0.260806,
        -0.866142 -0.590551 0.661417,
        -1.150627 -0.332611 1.062992,
        -1.150627 -0.332611 1.082677,
        -1.209647 -0.334646 1.062992,
        -1.209647 -0.334646 1.082677,
        -1.153367 -0.253163 1.082677,
        -1.212527 -0.251122 1.082677,
        -1.210830 -0.251181 1.096283,
        -1.210722 -0.251185 1.097154,
        -1.214159 -0.021504 1.109181,
        -1.206035 -0.251346 1.109103,
        -1.206629 -0.021244 1.120637,
        -1.205323 -0.251371 1.110920,
        -1.198686 -0.251600 1.120637,
        -1.218846 -0.021665 1.096296,
        -1.220437 -0.021720 1.082677,
        -1.114767 -0.645709 0.826772,
        -1.142870 -0.634276 0.826772,
        -1.167134 -0.616060 0.826772,
        -1.122047 -0.577224 0.826772,
        -1.130862 -0.568301 0.826772,
        -1.137593 -0.557717 0.826772,
        -1.185956 -0.592265 0.826772,
        -1.141937 -0.545950 0.826772,
        -1.198096 -0.564459 0.826772,
        -1.143698 -0.533531 0.826772,
        -1.202719 -0.535567 0.826772,
        -1.161417 -0.019685 0.826772,
        -1.220437 -0.021720 0.826772,
        -1.202719 -0.535567 1.073033,
        -1.199435 -0.559441 1.075002,
        -1.189431 -0.586057 1.077215,
        -1.197617 -0.564279 1.075404,
        -1.172889 -0.610039 1.079230,
        -1.185409 -0.591887 1.077704,
        -1.154651 -0.626648 1.080645,
        -1.166745 -0.615634 1.079707,
        -1.130588 -0.640319 1.081835,
        -1.142469 -0.633569 1.081247,
        -1.114524 -0.644847 1.082252,
        -1.206931 -0.413386 1.062992,
        -1.147911 -0.411351 1.062992,
        -1.161417 -0.019685 1.082677,
        -1.143698 -0.533531 1.073033,
        -1.122047 -0.577224 1.076680,
        -1.126422 -0.573269 1.076343,
        -1.130511 -0.568027 1.075902,
        -1.135361 -0.561807 1.075377,
        -1.137218 -0.557553 1.075023,
        -1.141365 -0.548052 1.074231,
        -1.141709 -0.545913 1.074055,
        -0.961416 -0.114697 0.019685,
        -0.902529 -0.110236 0.019685,
        -0.951315 -0.248031 0.019685,
        -0.892428 -0.243570 0.019685,
        -0.951315 -0.248031 0.275591,
        -0.892428 -0.243570 0.275591,
        -0.881393 -0.389240 0.622047,
        -0.881393 -0.389240 0.413386,
        -0.940279 -0.393701 0.622047,
        -0.940279 -0.393701 0.413386,
        -0.958446 -0.153891 0.413386,
        -0.899560 -0.149430 0.413386,
        -0.905512 -0.070866 0.334597,
        -0.964398 -0.075327 0.334597,
        -0.964249 -0.077297 0.352130,
        -0.905363 -0.072836 0.352130,
        -0.963809 -0.083107 0.368782,
        -0.904922 -0.078646 0.368782,
        -0.963100 -0.092467 0.383721,
        -0.904213 -0.088006 0.383721,
        -0.962157 -0.104907 0.396197,
        -0.903271 -0.100446 0.396197,
        -0.961029 -0.119803 0.405583,
        -0.902143 -0.115342 0.405583,
        -0.959771 -0.136409 0.411410,
        -0.900885 -0.131948 0.411410,
        -0.964350 -0.075957 0.324640,
        -0.905464 -0.071496 0.324640,
        -0.938788 -0.413386 0.275591,
        -0.879901 -0.408925 0.275591,
        -0.840520 -0.645958 0.661417,
        -0.867850 -0.635238 0.661417,
        -0.867602 -0.634691 0.257243,
        -0.873142 -0.632178 0.257480,
        -0.891691 -0.618110 0.661417,
        -0.891239 -0.617550 0.258775,
        -0.896891 -0.612981 0.259179,
        -0.910572 -0.595630 0.661417,
        -0.910041 -0.595236 0.260696,
        -0.914233 -0.589579 0.261180,
        -0.923326 -0.569189 0.661417,
        -0.922762 -0.568956 0.262901,
        -0.925217 -0.563019 0.263396,
        -0.929164 -0.540418 0.661417,
        -0.929164 -0.540418 0.265250,
        -0.937305 -0.432958 0.661417,
        -0.940178 -0.395039 0.632237,
        -0.938075 -0.422798 0.660076,
        -0.938792 -0.413330 0.656143,
        -0.939408 -0.405199 0.649886,
        -0.939881 -0.398960 0.641732,
        -0.881291 -0.390577 0.632237,
        -0.880994 -0.394499 0.641732,
        -0.880522 -0.400738 0.649886,
        -0.879906 -0.408869 0.656143,
        -0.879188 -0.418337 0.660076,
        -0.878419 -0.428497 0.661417,
        -0.870278 -0.535957 0.265250,
        -0.870278 -0.535957 0.661417,
        -0.868893 -0.544953 0.661417,
        -0.868893 -0.544953 0.264513,
        -0.866142 -0.553630 0.661417,
        -0.866142 -0.553630 0.263794,
        -0.971731 -0.013144 1.308871,
        -1.016943 -0.014703 1.346831,
        -0.963228 -0.259719 1.308871,
        -1.008548 -0.258156 1.346831,
        1.209647 -0.334646 1.082677,
        1.220437 -0.021720 1.082677,
        1.218846 -0.021665 1.096296,
        1.208056 -0.334591 1.096296,
        1.214159 -0.021504 1.109181,
        1.203369 -0.334429 1.109181,
        1.206629 -0.021244 1.120637,
        1.195839 -0.334170 1.120637,
        1.220437 -0.021720 0.826772,
        1.161417 -0.019685 0.826772,
        1.161417 -0.019685 1.082677,
        1.114592 -0.645756 0.826772,
        1.142554 -0.634454 0.826772,
        1.122047 -0.577224 0.826772,
        1.185581 -0.592886 0.826772,
        1.166743 -0.616439 0.826772,
        1.143698 -0.533531 0.826772,
        1.202719 -0.535567 0.826772,
        1.141937 -0.545950 0.826772,
        1.197839 -0.565329 0.826772,
        1.137593 -0.557717 0.826772,
        1.130862 -0.568301 0.826772,
        1.143698 -0.533531 1.073033,
        1.143188 -0.539505 1.073524,
        1.141508 -0.545836 1.074049,
        1.139461 -0.553549 1.074688,
        1.137241 -0.557520 1.075020,
        1.132158 -0.566613 1.075781,
        1.130698 -0.568145 1.075911,
        1.122047 -0.577224 1.076680,
        1.150627 -0.332611 1.082677,
        1.150627 -0.332611 1.062992,
        1.147911 -0.411351 1.062992,
        1.209647 -0.334646 1.062992,
        1.206931 -0.413386 1.062992,
        1.202719 -0.535567 1.073033,
        1.114507 -0.645398 1.082297,
        1.121256 -0.643800 1.082147,
        1.142346 -0.634007 1.081283,
        1.146871 -0.631906 1.081098,
        1.166476 -0.616108 1.079746,
        1.169568 -0.613617 1.079533,
        1.185310 -0.592682 1.077770,
        1.187134 -0.590257 1.077566,
        1.197770 -0.565300 1.075487,
        1.198025 -0.564700 1.075437,
        -0.393701 -0.370079 0.039370,
        -0.393701 -0.370079 -0.019685,
        -0.414080 -0.372762 -0.019685,
        -0.414080 -0.372762 0.039370,
        -0.433071 -0.380628 -0.019685,
        -0.433071 -0.380628 0.039370,
        -0.449378 -0.393141 -0.019685,
        -0.449378 -0.393141 0.039370,
        -0.461892 -0.409449 -0.019685,
        -0.461892 -0.409449 0.039370,
        -0.469758 -0.428439 -0.019685,
        -0.469758 -0.428439 0.039370,
        -0.472441 -0.448819 -0.019685,
        -0.472441 -0.448819 0.039370,
        -0.472441 -0.551181 -0.019685,
        0.472441 -0.551181 -0.019685,
        0.472441 -0.573083 -0.017217,
        -0.472441 -0.573083 -0.017217,
        0.472441 -0.593886 -0.009938,
        -0.472441 -0.593886 -0.009938,
        0.472441 -0.612548 0.001788,
        -0.472441 -0.612548 0.001788,
        0.472441 -0.628133 0.017373,
        -0.472441 -0.628133 0.017373,
        0.472441 -0.639859 0.036035,
        -0.472441 -0.639859 0.036035,
        0.472441 -0.647139 0.056839,
        -0.472441 -0.647139 0.056839,
        0.472441 -0.448819 -0.019685,
        0.472441 -0.448819 0.039370,
        0.393701 -0.370079 -0.019685,
        0.393701 -0.370079 0.039370,
        0.411222 -0.372053 -0.019685,
        0.427865 -0.377876 -0.019685,
        0.464643 -0.414655 -0.019685,
        0.470467 -0.431298 -0.019685,
        0.455262 -0.399725 -0.019685,
        0.442794 -0.387257 -0.019685,
        0.470467 -0.431298 0.039370,
        0.464643 -0.414655 0.039370,
        0.455262 -0.399725 0.039370,
        0.442794 -0.387257 0.039370,
        0.427865 -0.377876 0.039370,
        0.411222 -0.372053 0.039370,
      ]
    }
    coordIndex [
      2, 3, 4, -1,
      4, 3, 5, -1,
      4, 5, 6, -1,
      6, 5, 7, -1,
      5, 8, 7, -1,
      7, 8, 6, -1,
      6, 8, 9, -1,
      6, 9, 10, -1,
      11, 12, 13, -1,
      14, 15, 12, -1,
      12, 15, 16, -1,
      12, 16, 13, -1,
      17, 18, 19, -1,
      19, 18, 20, -1,
      19, 20, 13, -1,
      13, 20, 21, -1,
      13, 21, 11, -1,
      22, 23, 14, -1,
      14, 23, 24, -1,
      14, 24, 25, -1,
      25, 26, 14, -1,
      14, 26, 27, -1,
      14, 27, 15, -1,
      28, 12, 11, -1,
      28, 11, 29, -1,
      29, 11, 21, -1,
      29, 21, 30, -1,
      30, 21, 20, -1,
      30, 20, 31, -1,
      31, 20, 18, -1,
      31, 18, 32, -1,
      32, 18, 17, -1,
      32, 17, 33, -1,
      33, 17, 19, -1,
      33, 19, 34, -1,
      34, 19, 13, -1,
      34, 13, 35, -1,
      12, 28, 14, -1,
      14, 28, 36, -1,
      37, 27, 26, -1,
      37, 26, 38, -1,
      38, 26, 25, -1,
      38, 25, 39, -1,
      39, 25, 24, -1,
      39, 24, 40, -1,
      40, 24, 23, -1,
      40, 23, 41, -1,
      41, 23, 22, -1,
      41, 22, 42, -1,
      42, 22, 14, -1,
      42, 14, 36, -1,
      42, 36, 37, -1,
      28, 43, 36, -1,
      36, 43, 44, -1,
      36, 44, 37, -1,
      33, 34, 28, -1,
      28, 34, 35, -1,
      28, 35, 43, -1,
      37, 38, 39, -1,
      28, 29, 30, -1,
      39, 40, 37, -1,
      37, 40, 41, -1,
      37, 41, 42, -1,
      30, 31, 28, -1,
      28, 31, 32, -1,
      28, 32, 33, -1,
      45, 46, 47, -1,
      47, 46, 48, -1,
      49, 47, 50, -1,
      50, 47, 48, -1,
      51, 52, 53, -1,
      51, 53, 54, -1,
      54, 53, 55, -1,
      54, 55, 56, -1,
      56, 55, 57, -1,
      56, 57, 58, -1,
      58, 57, 59, -1,
      58, 59, 60, -1,
      60, 59, 61, -1,
      60, 61, 62, -1,
      62, 61, 63, -1,
      62, 63, 64, -1,
      64, 63, 49, -1,
      64, 49, 50, -1,
      52, 51, 65, -1,
      65, 51, 66, -1,
      65, 66, 67, -1,
      67, 66, 68, -1,
      69, 46, 70, -1,
      70, 46, 45, -1,
      71, 72, 73, -1,
      71, 73, 74, -1,
      74, 73, 75, -1,
      74, 75, 76, -1,
      76, 75, 77, -1,
      76, 77, 78, -1,
      78, 77, 79, -1,
      78, 79, 80, -1,
      80, 79, 81, -1,
      80, 81, 82, -1,
      82, 81, 67, -1,
      82, 67, 68, -1,
      70, 45, 47, -1,
      55, 53, 70, -1,
      70, 53, 52, -1,
      70, 52, 83, -1,
      83, 52, 65, -1,
      83, 65, 84, -1,
      84, 65, 72, -1,
      84, 72, 85, -1,
      47, 49, 70, -1,
      70, 49, 63, -1,
      70, 63, 61, -1,
      61, 59, 70, -1,
      70, 59, 57, -1,
      70, 57, 55, -1,
      65, 67, 72, -1,
      72, 67, 81, -1,
      72, 81, 79, -1,
      79, 77, 72, -1,
      72, 77, 75, -1,
      72, 75, 73, -1,
      83, 86, 70, -1,
      70, 86, 69, -1,
      48, 46, 50, -1,
      50, 46, 69, -1,
      50, 69, 64, -1,
      87, 88, 71, -1,
      54, 56, 69, -1,
      69, 56, 58, -1,
      58, 60, 69, -1,
      69, 60, 62, -1,
      69, 62, 64, -1,
      71, 68, 87, -1,
      87, 68, 66, -1,
      87, 66, 86, -1,
      86, 66, 69, -1,
      69, 66, 51, -1,
      69, 51, 54, -1,
      78, 71, 76, -1,
      76, 71, 74, -1,
      78, 80, 71, -1,
      71, 80, 82, -1,
      71, 82, 68, -1,
      89, 90, 91, -1,
      89, 91, 92, -1,
      92, 91, 88, -1,
      92, 88, 87, -1,
      93, 94, 89, -1,
      89, 94, 90, -1,
      95, 96, 97, -1,
      97, 96, 98, -1,
      97, 98, 99, -1,
      100, 101, 102, -1,
      102, 101, 103, -1,
      102, 103, 104, -1,
      104, 103, 105, -1,
      104, 105, 106, -1,
      106, 105, 107, -1,
      106, 107, 108, -1,
      108, 107, 109, -1,
      108, 109, 110, -1,
      110, 109, 111, -1,
      110, 111, 112, -1,
      112, 111, 113, -1,
      112, 113, 97, -1,
      97, 113, 95, -1,
      114, 115, 100, -1,
      100, 115, 101, -1,
      116, 117, 118, -1,
      118, 117, 119, -1,
      118, 119, 120, -1,
      120, 119, 121, -1,
      120, 121, 122, -1,
      122, 121, 123, -1,
      122, 123, 124, -1,
      124, 123, 125, -1,
      124, 125, 126, -1,
      126, 125, 127, -1,
      126, 127, 128, -1,
      128, 127, 129, -1,
      128, 129, 114, -1,
      114, 129, 115, -1,
      130, 131, 116, -1,
      116, 131, 117, -1,
      132, 133, 134, -1,
      134, 133, 135, -1,
      134, 135, 136, -1,
      137, 138, 134, -1,
      134, 138, 132, -1,
      139, 140, 141, -1,
      141, 140, 142, -1,
      141, 142, 143, -1,
      143, 142, 144, -1,
      143, 144, 145, -1,
      145, 144, 146, -1,
      145, 146, 147, -1,
      147, 146, 148, -1,
      147, 148, 149, -1,
      149, 148, 150, -1,
      149, 150, 151, -1,
      151, 150, 152, -1,
      151, 152, 137, -1,
      137, 152, 138, -1,
      153, 154, 139, -1,
      139, 154, 140, -1,
      155, 156, 157, -1,
      157, 156, 158, -1,
      157, 158, 159, -1,
      160, 98, 96, -1,
      160, 96, 161, -1,
      35, 13, 43, -1,
      43, 13, 16, -1,
      161, 96, 162, -1,
      162, 96, 43, -1,
      162, 43, 163, -1,
      16, 164, 43, -1,
      43, 164, 165, -1,
      43, 165, 163, -1,
      99, 98, 166, -1,
      167, 168, 169, -1,
      169, 168, 170, -1,
      171, 172, 167, -1,
      167, 172, 131, -1,
      167, 131, 168, -1,
      168, 131, 130, -1,
      173, 136, 174, -1,
      174, 136, 135, -1,
      175, 176, 177, -1,
      177, 176, 178, -1,
      177, 178, 179, -1,
      179, 178, 180, -1,
      179, 180, 181, -1,
      181, 180, 182, -1,
      181, 182, 183, -1,
      183, 182, 184, -1,
      183, 184, 185, -1,
      185, 184, 186, -1,
      185, 186, 187, -1,
      187, 186, 188, -1,
      187, 188, 189, -1,
      189, 188, 190, -1,
      189, 190, 191, -1,
      191, 190, 192, -1,
      191, 192, 193, -1,
      193, 192, 194, -1,
      193, 194, 195, -1,
      195, 194, 196, -1,
      195, 196, 197, -1,
      197, 196, 198, -1,
      197, 198, 199, -1,
      199, 198, 200, -1,
      199, 200, 201, -1,
      201, 200, 202, -1,
      201, 202, 203, -1,
      203, 202, 204, -1,
      203, 204, 205, -1,
      205, 204, 206, -1,
      205, 206, 207, -1,
      207, 206, 208, -1,
      207, 208, 209, -1,
      209, 208, 210, -1,
      209, 210, 211, -1,
      211, 210, 212, -1,
      211, 212, 213, -1,
      213, 212, 214, -1,
      213, 214, 215, -1,
      215, 214, 216, -1,
      215, 216, 217, -1,
      217, 216, 218, -1,
      217, 218, 219, -1,
      219, 218, 220, -1,
      219, 220, 221, -1,
      221, 220, 222, -1,
      221, 222, 223, -1,
      223, 222, 224, -1,
      223, 224, 225, -1,
      225, 224, 226, -1,
      225, 226, 227, -1,
      227, 226, 228, -1,
      227, 228, 229, -1,
      229, 228, 230, -1,
      229, 230, 231, -1,
      231, 230, 232, -1,
      231, 232, 233, -1,
      233, 232, 234, -1,
      233, 234, 235, -1,
      235, 234, 236, -1,
      235, 236, 237, -1,
      237, 236, 238, -1,
      237, 238, 239, -1,
      239, 238, 240, -1,
      239, 240, 241, -1,
      241, 240, 242, -1,
      241, 242, 243, -1,
      243, 242, 244, -1,
      243, 244, 245, -1,
      245, 244, 246, -1,
      245, 246, 247, -1,
      247, 246, 248, -1,
      247, 248, 249, -1,
      249, 248, 250, -1,
      249, 250, 251, -1,
      251, 250, 252, -1,
      251, 252, 253, -1,
      253, 252, 254, -1,
      255, 256, 257, -1,
      257, 256, 258, -1,
      257, 258, 259, -1,
      260, 261, 262, -1,
      262, 261, 263, -1,
      264, 265, 260, -1,
      260, 265, 261, -1,
      266, 267, 268, -1,
      268, 267, 269, -1,
      270, 271, 255, -1,
      257, 262, 255, -1,
      255, 262, 263, -1,
      255, 263, 270, -1,
      84, 85, 272, -1,
      273, 271, 274, -1,
      273, 274, 275, -1,
      276, 259, 277, -1,
      277, 259, 258, -1,
      277, 258, 273, -1,
      273, 258, 256, -1,
      273, 256, 271, -1,
      271, 256, 255, -1,
      278, 279, 272, -1,
      272, 279, 280, -1,
      272, 280, 84, -1,
      281, 282, 278, -1,
      278, 282, 283, -1,
      278, 283, 279, -1,
      274, 284, 275, -1,
      275, 284, 285, -1,
      275, 285, 281, -1,
      281, 285, 286, -1,
      281, 286, 282, -1,
      72, 71, 85, -1,
      85, 71, 88, -1,
      85, 88, 272, -1,
      272, 88, 91, -1,
      272, 91, 278, -1,
      278, 91, 90, -1,
      278, 90, 281, -1,
      281, 90, 94, -1,
      281, 94, 275, -1,
      275, 94, 287, -1,
      275, 287, 273, -1,
      273, 287, 277, -1,
      276, 277, 288, -1,
      289, 290, 291, -1,
      292, 293, 294, -1,
      294, 293, 295, -1,
      296, 297, 292, -1,
      292, 297, 293, -1,
      298, 299, 296, -1,
      296, 299, 297, -1,
      300, 301, 298, -1,
      298, 301, 299, -1,
      302, 303, 304, -1,
      304, 303, 305, -1,
      304, 305, 306, -1,
      287, 307, 277, -1,
      277, 307, 308, -1,
      277, 308, 288, -1,
      309, 310, 175, -1,
      175, 310, 176, -1,
      311, 300, 304, -1,
      304, 300, 302, -1,
      298, 296, 300, -1,
      300, 296, 292, -1,
      300, 292, 302, -1,
      136, 149, 134, -1,
      134, 149, 151, -1,
      134, 151, 137, -1,
      106, 108, 166, -1,
      173, 139, 141, -1,
      141, 143, 173, -1,
      173, 143, 145, -1,
      173, 145, 136, -1,
      136, 145, 147, -1,
      136, 147, 149, -1,
      102, 104, 308, -1,
      130, 116, 118, -1,
      312, 264, 268, -1,
      268, 264, 260, -1,
      159, 158, 313, -1,
      313, 158, 314, -1,
      314, 315, 313, -1,
      313, 315, 316, -1,
      313, 316, 317, -1,
      97, 99, 112, -1,
      112, 99, 166, -1,
      112, 166, 110, -1,
      110, 166, 108, -1,
      130, 118, 168, -1,
      118, 120, 168, -1,
      168, 120, 122, -1,
      168, 122, 170, -1,
      170, 122, 124, -1,
      317, 318, 319, -1,
      319, 318, 320, -1,
      292, 321, 322, -1,
      124, 126, 170, -1,
      170, 126, 128, -1,
      170, 128, 323, -1,
      323, 128, 114, -1,
      323, 114, 308, -1,
      308, 114, 100, -1,
      308, 100, 102, -1,
      324, 266, 325, -1,
      325, 266, 326, -1,
      200, 198, 166, -1,
      166, 198, 196, -1,
      166, 196, 194, -1,
      322, 327, 292, -1,
      292, 327, 328, -1,
      292, 328, 329, -1,
      186, 184, 259, -1,
      259, 184, 260, -1,
      259, 260, 257, -1,
      257, 260, 262, -1,
      319, 290, 289, -1,
      250, 248, 292, -1,
      292, 248, 246, -1,
      292, 246, 302, -1,
      302, 246, 244, -1,
      302, 244, 242, -1,
      173, 330, 139, -1,
      139, 330, 319, -1,
      139, 319, 153, -1,
      153, 319, 320, -1,
      324, 331, 266, -1,
      266, 331, 321, -1,
      266, 321, 294, -1,
      294, 321, 292, -1,
      310, 326, 176, -1,
      176, 326, 266, -1,
      176, 266, 178, -1,
      178, 266, 268, -1,
      178, 268, 180, -1,
      180, 268, 260, -1,
      180, 260, 182, -1,
      182, 260, 184, -1,
      317, 319, 313, -1,
      313, 319, 232, -1,
      313, 232, 230, -1,
      276, 288, 194, -1,
      194, 288, 308, -1,
      194, 308, 166, -1,
      166, 308, 104, -1,
      166, 104, 106, -1,
      329, 254, 292, -1,
      292, 254, 252, -1,
      292, 252, 250, -1,
      242, 240, 302, -1,
      302, 240, 238, -1,
      302, 238, 289, -1,
      289, 238, 236, -1,
      289, 236, 319, -1,
      319, 236, 234, -1,
      319, 234, 232, -1,
      194, 192, 276, -1,
      276, 192, 190, -1,
      276, 190, 259, -1,
      259, 190, 188, -1,
      259, 188, 186, -1,
      230, 228, 313, -1,
      313, 228, 226, -1,
      313, 226, 224, -1,
      210, 208, 166, -1,
      166, 208, 206, -1,
      218, 313, 220, -1,
      220, 313, 224, -1,
      220, 224, 222, -1,
      206, 204, 166, -1,
      166, 204, 202, -1,
      166, 202, 200, -1,
      218, 216, 313, -1,
      313, 216, 214, -1,
      313, 214, 166, -1,
      166, 214, 212, -1,
      166, 212, 210, -1,
      253, 254, 332, -1,
      332, 254, 329, -1,
      332, 329, 333, -1,
      333, 329, 328, -1,
      333, 328, 334, -1,
      334, 328, 327, -1,
      334, 327, 335, -1,
      335, 327, 322, -1,
      335, 322, 336, -1,
      336, 322, 321, -1,
      336, 321, 337, -1,
      337, 321, 331, -1,
      337, 331, 338, -1,
      338, 331, 324, -1,
      338, 324, 339, -1,
      339, 324, 325, -1,
      339, 325, 340, -1,
      340, 325, 326, -1,
      340, 326, 309, -1,
      309, 326, 310, -1,
      341, 342, 319, -1,
      319, 342, 291, -1,
      319, 291, 290, -1,
      311, 343, 300, -1,
      300, 343, 301, -1,
      344, 343, 306, -1,
      306, 343, 311, -1,
      306, 311, 304, -1,
      274, 271, 270, -1,
      93, 285, 270, -1,
      270, 285, 284, -1,
      270, 284, 274, -1,
      279, 89, 92, -1,
      86, 83, 87, -1,
      87, 83, 84, -1,
      87, 84, 92, -1,
      92, 84, 280, -1,
      92, 280, 279, -1,
      279, 283, 89, -1,
      89, 283, 282, -1,
      89, 282, 93, -1,
      93, 282, 286, -1,
      93, 286, 285, -1,
      312, 345, 264, -1,
      264, 345, 265, -1,
      268, 269, 312, -1,
      312, 269, 345, -1,
      313, 157, 159, -1,
      155, 157, 346, -1,
      27, 37, 15, -1,
      15, 37, 44, -1,
      15, 44, 347, -1,
      347, 44, 348, -1,
      346, 349, 155, -1,
      155, 349, 350, -1,
      155, 350, 44, -1,
      44, 350, 351, -1,
      44, 351, 348, -1,
      313, 166, 157, -1,
      157, 166, 98, -1,
      157, 98, 346, -1,
      98, 160, 346, -1,
      346, 160, 161, -1,
      346, 161, 349, -1,
      349, 161, 162, -1,
      349, 162, 350, -1,
      350, 162, 163, -1,
      350, 163, 351, -1,
      351, 163, 165, -1,
      351, 165, 348, -1,
      348, 165, 164, -1,
      348, 164, 347, -1,
      347, 164, 16, -1,
      347, 16, 15, -1,
      158, 156, 314, -1,
      314, 156, 352, -1,
      314, 352, 315, -1,
      315, 352, 353, -1,
      315, 353, 316, -1,
      316, 353, 354, -1,
      316, 354, 317, -1,
      317, 354, 355, -1,
      317, 355, 318, -1,
      318, 355, 356, -1,
      318, 356, 320, -1,
      320, 356, 357, -1,
      320, 357, 153, -1,
      153, 357, 154, -1,
      301, 343, 344, -1,
      1, 358, 341, -1,
      341, 358, 133, -1,
      359, 295, 332, -1,
      96, 205, 43, -1,
      43, 205, 207, -1,
      360, 0, 172, -1,
      172, 0, 307, -1,
      332, 333, 359, -1,
      359, 333, 334, -1,
      359, 334, 361, -1,
      297, 299, 293, -1,
      293, 299, 301, -1,
      132, 138, 152, -1,
      357, 341, 154, -1,
      154, 341, 140, -1,
      156, 155, 352, -1,
      352, 155, 353, -1,
      241, 243, 344, -1,
      362, 363, 344, -1,
      344, 363, 342, -1,
      132, 152, 133, -1,
      133, 152, 150, -1,
      133, 150, 148, -1,
      357, 356, 341, -1,
      341, 356, 355, -1,
      341, 355, 155, -1,
      155, 355, 354, -1,
      155, 354, 353, -1,
      105, 103, 307, -1,
      307, 103, 101, -1,
      94, 93, 270, -1,
      265, 345, 261, -1,
      261, 345, 269, -1,
      148, 146, 133, -1,
      133, 146, 144, -1,
      133, 144, 341, -1,
      341, 144, 142, -1,
      341, 142, 140, -1,
      96, 95, 113, -1,
      101, 115, 307, -1,
      307, 115, 129, -1,
      307, 129, 172, -1,
      172, 129, 127, -1,
      172, 127, 125, -1,
      94, 270, 287, -1,
      263, 261, 270, -1,
      270, 261, 181, -1,
      270, 181, 287, -1,
      287, 181, 183, -1,
      287, 183, 307, -1,
      301, 344, 293, -1,
      293, 344, 243, -1,
      293, 243, 245, -1,
      125, 123, 172, -1,
      172, 123, 121, -1,
      172, 121, 131, -1,
      131, 121, 119, -1,
      131, 119, 117, -1,
      183, 185, 307, -1,
      307, 185, 187, -1,
      307, 187, 189, -1,
      217, 219, 155, -1,
      225, 227, 155, -1,
      155, 227, 229, -1,
      155, 229, 341, -1,
      341, 229, 231, -1,
      231, 233, 341, -1,
      341, 233, 235, -1,
      341, 235, 342, -1,
      342, 235, 237, -1,
      342, 237, 344, -1,
      344, 237, 239, -1,
      344, 239, 241, -1,
      203, 205, 201, -1,
      201, 205, 96, -1,
      201, 96, 199, -1,
      199, 96, 197, -1,
      207, 209, 43, -1,
      43, 209, 211, -1,
      43, 211, 44, -1,
      44, 211, 213, -1,
      44, 213, 155, -1,
      155, 213, 215, -1,
      155, 215, 217, -1,
      113, 111, 96, -1,
      96, 111, 109, -1,
      96, 109, 307, -1,
      307, 109, 107, -1,
      307, 107, 105, -1,
      189, 191, 307, -1,
      307, 191, 193, -1,
      307, 193, 96, -1,
      96, 193, 195, -1,
      96, 195, 197, -1,
      337, 338, 269, -1,
      253, 332, 251, -1,
      251, 332, 295, -1,
      251, 295, 249, -1,
      249, 295, 293, -1,
      249, 293, 247, -1,
      247, 293, 245, -1,
      219, 221, 155, -1,
      155, 221, 223, -1,
      155, 223, 225, -1,
      361, 334, 267, -1,
      267, 334, 335, -1,
      267, 335, 269, -1,
      269, 335, 336, -1,
      269, 336, 337, -1,
      338, 339, 269, -1,
      269, 339, 340, -1,
      269, 340, 309, -1,
      309, 175, 269, -1,
      269, 175, 177, -1,
      269, 177, 261, -1,
      261, 177, 179, -1,
      261, 179, 181, -1,
      364, 365, 366, -1,
      366, 365, 367, -1,
      365, 368, 367, -1,
      367, 368, 369, -1,
      370, 371, 372, -1,
      372, 371, 373, -1,
      372, 373, 374, -1,
      374, 373, 375, -1,
      374, 375, 376, -1,
      372, 377, 370, -1,
      370, 377, 378, -1,
      370, 378, 369, -1,
      341, 319, 1, -1,
      1, 319, 330, -1,
      330, 379, 1, -1,
      1, 379, 380, -1,
      1, 380, 381, -1,
      382, 1, 383, -1,
      383, 1, 381, -1,
      383, 381, 384, -1,
      384, 381, 385, -1,
      384, 385, 386, -1,
      386, 385, 387, -1,
      386, 387, 388, -1,
      388, 387, 389, -1,
      388, 389, 390, -1,
      390, 389, 391, -1,
      392, 389, 393, -1,
      393, 389, 387, -1,
      385, 394, 387, -1,
      387, 394, 395, -1,
      387, 395, 393, -1,
      381, 396, 385, -1,
      385, 396, 397, -1,
      385, 397, 394, -1,
      380, 398, 381, -1,
      381, 398, 399, -1,
      381, 399, 396, -1,
      379, 400, 380, -1,
      380, 400, 401, -1,
      380, 401, 398, -1,
      173, 174, 330, -1,
      330, 174, 135, -1,
      330, 135, 379, -1,
      379, 135, 402, -1,
      379, 402, 400, -1,
      366, 391, 403, -1,
      403, 391, 389, -1,
      403, 389, 392, -1,
      366, 367, 391, -1,
      391, 367, 369, -1,
      391, 369, 378, -1,
      403, 404, 366, -1,
      366, 404, 364, -1,
      368, 365, 364, -1,
      405, 368, 390, -1,
      390, 368, 364, -1,
      390, 364, 388, -1,
      388, 364, 404, -1,
      388, 404, 406, -1,
      407, 382, 408, -1,
      408, 382, 383, -1,
      408, 383, 409, -1,
      409, 383, 410, -1,
      410, 383, 384, -1,
      410, 384, 411, -1,
      411, 384, 412, -1,
      412, 384, 386, -1,
      412, 386, 413, -1,
      413, 386, 388, -1,
      413, 388, 406, -1,
      402, 135, 133, -1,
      402, 133, 400, -1,
      400, 133, 358, -1,
      400, 358, 401, -1,
      358, 407, 408, -1,
      404, 403, 406, -1,
      406, 403, 392, -1,
      406, 392, 413, -1,
      413, 392, 393, -1,
      413, 393, 412, -1,
      412, 393, 395, -1,
      412, 395, 411, -1,
      411, 395, 394, -1,
      411, 394, 410, -1,
      410, 394, 397, -1,
      410, 397, 409, -1,
      409, 397, 396, -1,
      409, 396, 408, -1,
      408, 396, 399, -1,
      408, 399, 358, -1,
      358, 399, 398, -1,
      358, 398, 401, -1,
      358, 1, 407, -1,
      407, 1, 382, -1,
      414, 415, 416, -1,
      416, 415, 417, -1,
      418, 416, 419, -1,
      419, 416, 417, -1,
      420, 421, 422, -1,
      422, 421, 423, -1,
      423, 421, 424, -1,
      424, 421, 425, -1,
      426, 427, 428, -1,
      426, 428, 429, -1,
      429, 428, 430, -1,
      429, 430, 431, -1,
      431, 430, 432, -1,
      431, 432, 433, -1,
      433, 432, 434, -1,
      433, 434, 435, -1,
      435, 434, 436, -1,
      435, 436, 437, -1,
      437, 436, 438, -1,
      437, 438, 439, -1,
      439, 438, 424, -1,
      439, 424, 425, -1,
      440, 427, 441, -1,
      441, 427, 426, -1,
      441, 415, 440, -1,
      440, 415, 414, -1,
      418, 419, 442, -1,
      442, 419, 443, -1,
      302, 289, 303, -1,
      303, 289, 291, -1,
      303, 291, 305, -1,
      305, 291, 444, -1,
      305, 444, 306, -1,
      306, 444, 445, -1,
      306, 445, 446, -1,
      446, 445, 447, -1,
      447, 445, 448, -1,
      447, 448, 449, -1,
      449, 448, 450, -1,
      450, 448, 451, -1,
      450, 451, 452, -1,
      452, 451, 453, -1,
      453, 451, 454, -1,
      453, 454, 455, -1,
      455, 454, 456, -1,
      456, 454, 457, -1,
      456, 457, 458, -1,
      414, 416, 440, -1,
      440, 416, 418, -1,
      458, 457, 459, -1,
      430, 428, 418, -1,
      418, 428, 427, -1,
      418, 427, 440, -1,
      423, 424, 418, -1,
      418, 424, 438, -1,
      418, 438, 436, -1,
      436, 434, 418, -1,
      418, 434, 432, -1,
      418, 432, 430, -1,
      418, 442, 423, -1,
      423, 442, 458, -1,
      423, 458, 422, -1,
      422, 458, 459, -1,
      422, 459, 460, -1,
      460, 459, 461, -1,
      461, 462, 460, -1,
      460, 462, 463, -1,
      460, 463, 464, -1,
      420, 422, 460, -1,
      420, 460, 465, -1,
      465, 460, 464, -1,
      465, 464, 466, -1,
      466, 464, 463, -1,
      466, 463, 467, -1,
      467, 463, 462, -1,
      467, 462, 468, -1,
      468, 462, 461, -1,
      468, 461, 469, -1,
      469, 461, 459, -1,
      469, 459, 470, -1,
      435, 437, 419, -1,
      419, 417, 415, -1,
      415, 441, 419, -1,
      419, 441, 426, -1,
      419, 426, 429, -1,
      437, 439, 419, -1,
      419, 439, 425, -1,
      419, 425, 443, -1,
      443, 425, 421, -1,
      443, 421, 471, -1,
      471, 421, 470, -1,
      471, 470, 472, -1,
      421, 420, 470, -1,
      470, 420, 465, -1,
      470, 465, 466, -1,
      466, 467, 470, -1,
      470, 467, 468, -1,
      470, 468, 469, -1,
      429, 431, 419, -1,
      419, 431, 433, -1,
      419, 433, 435, -1,
      471, 472, 473, -1,
      471, 473, 474, -1,
      474, 473, 475, -1,
      474, 475, 476, -1,
      444, 291, 342, -1,
      470, 459, 472, -1,
      472, 459, 457, -1,
      472, 457, 473, -1,
      473, 457, 454, -1,
      473, 454, 475, -1,
      475, 454, 451, -1,
      475, 451, 363, -1,
      363, 451, 448, -1,
      363, 448, 342, -1,
      342, 448, 445, -1,
      342, 445, 444, -1,
      474, 456, 471, -1,
      471, 456, 458, -1,
      471, 458, 443, -1,
      443, 458, 442, -1,
      306, 446, 344, -1,
      344, 446, 447, -1,
      344, 447, 362, -1,
      447, 449, 362, -1,
      362, 449, 450, -1,
      362, 450, 476, -1,
      450, 452, 476, -1,
      476, 452, 453, -1,
      476, 453, 474, -1,
      474, 453, 455, -1,
      474, 455, 456, -1,
      363, 362, 475, -1,
      475, 362, 476, -1,
      477, 478, 479, -1,
      479, 478, 480, -1,
      377, 405, 378, -1,
      378, 405, 390, -1,
      378, 390, 391, -1,
      478, 477, 374, -1,
      374, 477, 405, -1,
      374, 405, 372, -1,
      372, 405, 377, -1,
      376, 480, 374, -1,
      374, 480, 478, -1,
      405, 477, 368, -1,
      368, 477, 479, -1,
      370, 369, 368, -1,
      370, 368, 371, -1,
      479, 480, 368, -1,
      368, 480, 376, -1,
      376, 375, 368, -1,
      368, 375, 373, -1,
      368, 373, 371, -1,
      481, 482, 483, -1,
      481, 483, 484, -1,
      484, 483, 485, -1,
      484, 485, 486, -1,
      486, 485, 487, -1,
      486, 487, 488, -1,
      489, 490, 482, -1,
      482, 490, 491, -1,
      3, 2, 491, -1,
      491, 2, 487, -1,
      487, 485, 491, -1,
      491, 485, 483, -1,
      491, 483, 482, -1,
      308, 307, 323, -1,
      323, 307, 0, -1,
      323, 0, 492, -1,
      492, 0, 493, -1,
      494, 495, 0, -1,
      0, 495, 496, -1,
      0, 496, 493, -1,
      490, 489, 497, -1,
      497, 489, 498, -1,
      497, 498, 499, -1,
      499, 498, 500, -1,
      499, 500, 501, -1,
      501, 500, 495, -1,
      501, 495, 502, -1,
      502, 495, 494, -1,
      503, 497, 504, -1,
      504, 497, 499, -1,
      504, 499, 505, -1,
      505, 499, 506, -1,
      506, 499, 501, -1,
      506, 501, 507, -1,
      507, 501, 508, -1,
      508, 501, 502, -1,
      508, 502, 509, -1,
      509, 502, 494, -1,
      509, 494, 510, -1,
      511, 491, 512, -1,
      512, 491, 490, -1,
      512, 490, 513, -1,
      513, 490, 497, -1,
      513, 497, 503, -1,
      514, 512, 515, -1,
      515, 512, 513, -1,
      482, 481, 489, -1,
      489, 481, 514, -1,
      489, 514, 498, -1,
      498, 514, 515, -1,
      498, 515, 516, -1,
      169, 170, 323, -1,
      167, 169, 171, -1,
      171, 169, 323, -1,
      171, 323, 517, -1,
      517, 323, 492, -1,
      517, 492, 518, -1,
      518, 492, 493, -1,
      518, 493, 519, -1,
      519, 493, 520, -1,
      520, 493, 496, -1,
      520, 496, 521, -1,
      521, 496, 522, -1,
      522, 496, 495, -1,
      522, 495, 523, -1,
      523, 495, 524, -1,
      524, 495, 500, -1,
      524, 500, 525, -1,
      525, 500, 526, -1,
      526, 500, 498, -1,
      526, 498, 516, -1,
      360, 520, 521, -1,
      516, 515, 513, -1,
      171, 517, 172, -1,
      172, 517, 518, -1,
      172, 518, 360, -1,
      360, 518, 519, -1,
      360, 519, 520, -1,
      513, 503, 516, -1,
      516, 503, 504, -1,
      516, 504, 526, -1,
      526, 504, 505, -1,
      526, 505, 525, -1,
      525, 505, 506, -1,
      525, 506, 524, -1,
      524, 506, 507, -1,
      524, 507, 523, -1,
      523, 507, 508, -1,
      523, 508, 522, -1,
      522, 508, 509, -1,
      522, 509, 521, -1,
      521, 509, 510, -1,
      521, 510, 360, -1,
      8, 5, 9, -1,
      9, 5, 3, -1,
      9, 3, 10, -1,
      10, 3, 491, -1,
      10, 491, 511, -1,
      4, 488, 2, -1,
      2, 488, 487, -1,
      512, 514, 511, -1,
      511, 514, 481, -1,
      511, 481, 484, -1,
      484, 486, 511, -1,
      511, 486, 488, -1,
      511, 488, 10, -1,
      10, 488, 4, -1,
      10, 4, 6, -1,
      494, 0, 510, -1,
      510, 0, 360, -1,
      527, 528, 529, -1,
      527, 529, 530, -1,
      530, 529, 531, -1,
      530, 531, 532, -1,
      532, 531, 533, -1,
      532, 533, 534, -1,
      534, 533, 535, -1,
      534, 535, 536, -1,
      536, 535, 537, -1,
      536, 537, 538, -1,
      538, 537, 539, -1,
      538, 539, 540, -1,
      541, 542, 543, -1,
      541, 543, 544, -1,
      544, 543, 545, -1,
      544, 545, 546, -1,
      546, 545, 547, -1,
      546, 547, 548, -1,
      548, 547, 549, -1,
      548, 549, 550, -1,
      550, 549, 551, -1,
      550, 551, 552, -1,
      552, 551, 553, -1,
      552, 553, 554, -1,
      554, 553, 266, -1,
      554, 266, 294, -1,
      555, 556, 542, -1,
      542, 556, 361, -1,
      547, 545, 361, -1,
      361, 545, 543, -1,
      361, 543, 542, -1,
      266, 553, 267, -1,
      267, 553, 551, -1,
      267, 551, 361, -1,
      361, 551, 549, -1,
      361, 549, 547, -1,
      557, 528, 558, -1,
      558, 528, 527, -1,
      528, 557, 542, -1,
      542, 541, 539, -1,
      535, 533, 528, -1,
      528, 533, 531, -1,
      528, 531, 529, -1,
      542, 557, 555, -1,
      555, 557, 559, -1,
      555, 559, 560, -1,
      542, 539, 528, -1,
      528, 539, 537, -1,
      528, 537, 535, -1,
      561, 562, 563, -1,
      563, 562, 555, -1,
      563, 555, 564, -1,
      564, 555, 560, -1,
      556, 555, 562, -1,
      556, 562, 565, -1,
      565, 562, 561, -1,
      565, 561, 566, -1,
      566, 561, 563, -1,
      566, 563, 567, -1,
      567, 563, 564, -1,
      567, 564, 568, -1,
      568, 564, 560, -1,
      568, 560, 569, -1,
      569, 560, 559, -1,
      569, 559, 570, -1,
      570, 559, 557, -1,
      570, 557, 558, -1,
      554, 294, 295, -1,
      359, 540, 539, -1,
      539, 541, 359, -1,
      359, 541, 544, -1,
      359, 544, 546, -1,
      546, 548, 359, -1,
      359, 548, 550, -1,
      359, 550, 295, -1,
      295, 550, 552, -1,
      295, 552, 554, -1,
      540, 359, 361, -1,
      558, 556, 570, -1,
      570, 556, 565, -1,
      527, 540, 558, -1,
      558, 540, 361, -1,
      558, 361, 556, -1,
      534, 527, 532, -1,
      532, 527, 530, -1,
      565, 566, 570, -1,
      570, 566, 567, -1,
      570, 567, 569, -1,
      569, 567, 568, -1,
      534, 536, 527, -1,
      527, 536, 538, -1,
      527, 538, 540, -1,
    ]
  }
}
