#VRML V2.0 utf8

Shape {
  appearance Appearance {
    material Material {
      diffuseColor 1.0000 1.0000 1.0000
      specularColor 0.5020 0.5020 0.5020
      ambientIntensity 0.2
      transparency 0.0000
      shininess 0.5
    }
  }
  geometry IndexedFaceSet {
    ccw TRUE
    solid FALSE
    coord DEF co Coordinate {
      point [
        -0.807087 -0.688976 -0.118110,
        -0.807087 -0.688976 -0.054565,
        -0.807087 -0.546147 -0.054565,
        -0.807087 -0.424835 0.056306,
        -0.807087 -0.424835 0.023464,
        -0.807087 -0.439598 0.023464,
        -0.807087 -0.522709 -0.002500,
        -0.807087 -0.534435 -0.002500,
        -0.807087 -0.534435 0.008056,
        -0.807087 -0.498860 -0.046967,
        -0.807087 -0.499725 -0.046002,
        -0.807087 -0.499726 -0.039881,
        -0.807087 -0.482810 -0.039831,
        -0.807087 -0.482306 -0.039881,
        -0.807087 -0.491084 -0.039881,
        -0.807087 -0.454743 0.056285,
        -0.807087 -0.457501 0.056619,
        -0.807087 -0.442772 0.056619,
        -0.807087 -0.464256 0.019152,
        -0.807087 -0.461877 0.018925,
        -0.807087 -0.474141 0.018925,
        -0.807087 -0.372735 0.027399,
        -0.807087 -0.379883 0.021353,
        -0.807087 -0.404870 0.056619,
        -0.807087 -0.338622 0.059929,
        -0.807087 -0.343439 0.056619,
        -0.807087 -0.349367 0.052548,
        -0.807087 -0.358219 0.042261,
        -0.807087 -0.363598 0.031726,
        -0.807087 -0.364892 0.031292,
        -0.807087 -0.288942 0.060279,
        -0.807087 -0.301138 0.064806,
        -0.807087 -0.061558 0.137795,
        -0.807087 -0.404870 0.137795,
        -0.807087 -0.325496 0.064864,
        -0.807087 -0.313523 0.066252,
        -0.807087 -0.282952 0.056619,
        -0.807087 -0.061558 0.056619,
        -0.807087 -0.281896 0.055974,
        -0.807087 -0.061558 0.018925,
        -0.807087 -0.225284 0.018925,
        -0.807087 -0.227593 0.024132,
        -0.807087 -0.233929 0.032254,
        -0.807087 -0.253856 0.043622,
        -0.807087 -0.264238 0.044904,
        -0.807087 -0.275702 0.050670,
        -0.807087 -0.267269 0.044740,
        -0.807087 -0.270300 0.044377,
        -0.807087 -0.235709 0.033939,
        -0.807087 -0.244092 0.039831,
        -0.807087 -0.240840 -0.033535,
        -0.807087 -0.232611 -0.026519,
        -0.807087 -0.061558 -0.039881,
        -0.807087 -0.250365 -0.038174,
        -0.807087 -0.226592 -0.017926,
        -0.807087 -0.222817 -0.008114,
        -0.807087 -0.061558 0.008056,
        -0.807087 -0.221542 0.002208,
        -0.807087 -0.221616 0.004738,
        -0.807087 -0.222209 0.008056,
        -0.807087 -0.223386 0.014644,
        -0.807087 -0.253696 -0.039170,
        -0.807087 -0.254028 -0.039881,
        -0.807087 -0.256341 -0.044829,
        -0.807087 -0.260262 -0.049666,
        -0.807087 -0.404870 -0.137795,
        -0.807087 -0.285116 -0.056306,
        -0.807087 -0.278733 -0.057092,
        -0.807087 -0.061558 -0.137795,
        -0.807087 -0.277723 -0.057073,
        -0.807087 -0.271500 -0.056104,
        -0.807087 -0.061558 -0.054565,
        -0.807087 -0.267835 -0.054565,
        -0.807087 -0.265418 -0.053550,
        -0.807087 -0.303428 -0.039881,
        -0.807087 -0.303401 -0.039993,
        -0.807087 -0.404870 -0.054565,
        -0.807087 -0.300281 -0.045866,
        -0.807087 -0.296243 -0.050393,
        -0.807087 -0.290994 -0.054047,
        -0.807087 -0.289644 -0.054565,
        -0.807087 -0.388485 0.005806,
        -0.807087 -0.389691 -0.002799,
        -0.807087 -0.404870 0.008056,
        -0.807087 -0.337082 -0.024333,
        -0.807087 -0.338890 -0.023619,
        -0.807087 -0.341987 -0.008598,
        -0.807087 -0.379939 -0.027837,
        -0.807087 -0.372768 -0.033907,
        -0.807087 -0.404870 -0.039881,
        -0.807087 -0.298500 -0.013078,
        -0.807087 -0.333817 0.005371,
        -0.807087 -0.293892 -0.008882,
        -0.807087 -0.288298 -0.005886,
        -0.807087 -0.335461 -0.025482,
        -0.807087 -0.385171 -0.020549,
        -0.807087 -0.373220 -0.000744,
        -0.807087 -0.371980 0.004318,
        -0.807087 -0.369962 0.008056,
        -0.807087 -0.238802 0.008056,
        -0.807087 -0.388481 -0.012205,
        -0.807087 -0.340933 -0.023357,
        -0.807087 -0.341189 -0.023375,
        -0.807087 -0.341980 -0.023550,
        -0.807087 -0.240354 -0.007785,
        -0.807087 -0.243489 -0.013117,
        -0.807087 -0.256870 -0.015848,
        -0.807087 -0.248213 -0.017972,
        -0.807087 -0.253959 -0.021512,
        -0.807087 -0.266616 -0.007121,
        -0.807087 -0.261228 -0.010866,
        -0.807087 -0.238146 0.002735,
        -0.807087 -0.238462 -0.001335,
        -0.807087 -0.272437 -0.004893,
        -0.807087 -0.278733 -0.004117,
        -0.807087 -0.281937 -0.004307,
        -0.807087 -0.332763 -0.031527,
        -0.807087 -0.332830 -0.030487,
        -0.807087 -0.305089 -0.028101,
        -0.807087 -0.333359 -0.028481,
        -0.807087 -0.334372 -0.026683,
        -0.807087 -0.367999 -0.017005,
        -0.807087 -0.370899 -0.012894,
        -0.807087 -0.372717 -0.008197,
        -0.807087 -0.373350 -0.003063,
        -0.807087 -0.338921 -0.039458,
        -0.807087 -0.337178 -0.038772,
        -0.807087 -0.335468 -0.037557,
        -0.807087 -0.334856 -0.036933,
        -0.807087 -0.333707 -0.035277,
        -0.807087 -0.333013 -0.033490,
        -0.807087 -0.304945 -0.033488,
        -0.807087 -0.305089 -0.030736,
        -0.807087 -0.364727 -0.037843,
        -0.807087 -0.355956 -0.039697,
        -0.807087 -0.340406 -0.039697,
        -0.807087 -0.342514 -0.023620,
        -0.807087 -0.354374 -0.023620,
        -0.807087 -0.359111 -0.022712,
        -0.807087 -0.363761 -0.020556,
        -0.807087 -0.367657 -0.017372,
        -0.807087 -0.350684 0.017494,
        -0.807087 -0.241191 0.014996,
        -0.807087 -0.238932 0.009118,
        -0.807087 -0.352793 0.017494,
        -0.807087 -0.369527 0.008863,
        -0.807087 -0.366495 0.012248,
        -0.807087 -0.362408 0.015103,
        -0.807087 -0.357809 0.016875,
        -0.807087 -0.344999 0.033334,
        -0.807087 -0.339052 0.040435,
        -0.807087 -0.278470 0.025137,
        -0.807087 -0.338395 0.041033,
        -0.807087 -0.330991 0.046172,
        -0.807087 -0.282496 0.033475,
        -0.807087 -0.243926 0.018925,
        -0.807087 -0.276600 0.026160,
        -0.807087 -0.350370 0.018925,
        -0.807087 -0.349068 0.024844,
        -0.807087 -0.270691 0.028323,
        -0.807087 -0.264501 0.029091,
        -0.807087 -0.261750 0.028947,
        -0.807087 -0.288408 0.040537,
        -0.807087 -0.322726 0.049340,
        -0.807087 -0.295473 0.045699,
        -0.807087 -0.313786 0.050439,
        -0.807087 -0.304083 0.049189,
        -0.807087 -0.255244 0.027403,
        -0.807087 -0.249372 0.024283,
        -0.807087 -0.244844 0.020245,
        -0.807087 -0.381626 0.018925,
        -0.807087 -0.404870 0.018925,
        -0.807087 -0.385263 0.013855,
        -0.807087 -0.387584 0.008056,
        -0.807087 -0.559750 0.029376,
        -0.807087 -0.546147 0.029376,
        -0.807087 -0.563530 0.019237,
        -0.807087 -0.546147 0.018925,
        -0.807087 -0.568818 0.019237,
        -0.807087 -0.544314 0.029376,
        -0.807087 -0.540751 0.019237,
        -0.807087 -0.534435 0.018925,
        -0.807087 -0.535463 0.019237,
        -0.807087 -0.534435 0.056619,
        -0.807087 -0.546147 0.047288,
        -0.807087 -0.546147 0.056619,
        -0.807087 -0.549582 0.056306,
        -0.807087 -0.554699 0.056306,
        -0.807087 -0.481073 0.035933,
        -0.807087 -0.481073 0.023464,
        -0.807087 -0.491084 0.023464,
        -0.807087 -0.491084 0.018925,
        -0.807087 -0.499726 0.018925,
        -0.807087 -0.496224 0.019237,
        -0.807087 -0.499726 0.056619,
        -0.807087 -0.494330 0.035933,
        -0.807087 -0.494330 0.040179,
        -0.807087 -0.491084 0.040179,
        -0.807087 -0.495381 0.052043,
        -0.807087 -0.495381 0.056306,
        -0.807087 -0.491084 0.056619,
        -0.807087 -0.491084 0.056306,
        -0.807087 -0.496224 0.023464,
        -0.807087 -0.491084 0.035933,
        -0.807087 -0.491084 0.052043,
        -0.807087 -0.481073 0.052043,
        -0.807087 -0.481073 0.040179,
        -0.807087 -0.476288 0.056306,
        -0.807087 -0.474141 0.056619,
        -0.807087 -0.476288 0.019237,
        -0.807087 -0.464938 0.056550,
        -0.807087 -0.468868 0.055416,
        -0.807087 -0.491084 0.019237,
        -0.807087 -0.468868 0.050413,
        -0.807087 -0.468236 0.020457,
        -0.807087 -0.460131 0.052611,
        -0.807087 -0.458504 0.052537,
        -0.807087 -0.455937 0.023236,
        -0.807087 -0.459298 0.022876,
        -0.807087 -0.461712 0.023004,
        -0.807087 -0.468456 0.050635,
        -0.807087 -0.465798 0.023911,
        -0.807087 -0.468868 0.025359,
        -0.807087 -0.468868 0.020772,
        -0.807087 -0.450744 0.025846,
        -0.807087 -0.446186 0.035830,
        -0.807087 -0.449775 0.026780,
        -0.807087 -0.446804 0.032157,
        -0.807087 -0.448024 0.029189,
        -0.807087 -0.464695 0.052066,
        -0.807087 -0.455306 0.051879,
        -0.807087 -0.452410 0.050490,
        -0.807087 -0.450030 0.048498,
        -0.807087 -0.449766 0.048209,
        -0.807087 -0.447978 0.045629,
        -0.807087 -0.446740 0.042422,
        -0.807087 -0.446136 0.037355,
        -0.807087 -0.453231 0.024190,
        -0.807087 -0.460084 0.056932,
        -0.807087 -0.464064 0.056619,
        -0.807087 -0.442772 0.137795,
        -0.807087 -0.474141 0.137795,
        -0.807087 -0.443781 0.047963,
        -0.807087 -0.446468 0.051474,
        -0.807087 -0.447395 0.052358,
        -0.807087 -0.450867 0.054785,
        -0.807087 -0.440550 0.056619,
        -0.807087 -0.442020 0.043846,
        -0.807087 -0.442772 0.045605,
        -0.807087 -0.442772 0.028659,
        -0.807087 -0.441838 0.031063,
        -0.807087 -0.440550 0.018925,
        -0.807087 -0.441114 0.037071,
        -0.807087 -0.441179 0.039007,
        -0.807087 -0.442772 0.018925,
        -0.807087 -0.451872 0.019711,
        -0.807087 -0.448439 0.021468,
        -0.807087 -0.445870 0.023672,
        -0.807087 -0.445551 0.024022,
        -0.807087 -0.443343 0.027189,
        -0.807087 -0.455190 0.018925,
        -0.807087 -0.442772 0.008056,
        -0.807087 -0.455794 0.018782,
        -0.807087 -0.458606 0.018612,
        -0.807087 -0.474141 0.008056,
        -0.807087 -0.532396 0.031540,
        -0.807087 -0.530570 0.027707,
        -0.807087 -0.520207 0.056619,
        -0.807087 -0.520207 0.055409,
        -0.807087 -0.523936 0.054047,
        -0.807087 -0.520207 0.020197,
        -0.807087 -0.520207 0.018925,
        -0.807087 -0.523922 0.021642,
        -0.807087 -0.527817 0.024430,
        -0.807087 -0.527817 0.051398,
        -0.807087 -0.529136 0.050106,
        -0.807087 -0.531428 0.046870,
        -0.807087 -0.532795 0.043331,
        -0.807087 -0.533407 0.038246,
        -0.807087 -0.533295 0.035879,
        -0.807087 -0.513802 0.056306,
        -0.807087 -0.519462 0.055681,
        -0.807087 -0.519692 0.019997,
        -0.807087 -0.513423 0.019237,
        -0.807087 -0.503227 0.019237,
        -0.807087 -0.503227 0.056306,
        -0.807087 -0.457112 -0.039244,
        -0.807087 -0.455356 -0.039881,
        -0.807087 -0.461060 -0.039569,
        -0.807087 -0.446320 -0.026931,
        -0.807087 -0.447017 -0.019461,
        -0.807087 -0.445387 -0.028257,
        -0.807087 -0.444746 -0.029891,
        -0.807087 -0.458723 -0.038176,
        -0.807087 -0.450048 -0.039872,
        -0.807087 -0.448268 -0.039200,
        -0.807087 -0.442772 -0.039881,
        -0.807087 -0.445223 -0.036161,
        -0.807087 -0.444660 -0.034591,
        -0.807087 -0.447017 -0.014951,
        -0.807087 -0.447993 -0.014387,
        -0.807087 -0.460876 -0.013329,
        -0.807087 -0.472760 -0.017083,
        -0.807087 -0.473622 -0.015828,
        -0.807087 -0.447751 -0.025700,
        -0.807087 -0.449743 -0.024689,
        -0.807087 -0.449861 -0.017619,
        -0.807087 -0.453214 -0.023839,
        -0.807087 -0.457270 -0.016423,
        -0.807087 -0.455697 -0.016259,
        -0.807087 -0.452758 -0.016584,
        -0.807087 -0.446704 -0.038109,
        -0.807087 -0.446188 -0.037586,
        -0.807087 -0.461060 -0.035475,
        -0.807087 -0.460937 -0.035475,
        -0.807087 -0.460192 -0.036606,
        -0.807087 -0.451448 -0.013053,
        -0.807087 -0.456133 -0.012487,
        -0.807087 -0.458916 -0.012737,
        -0.807087 -0.444430 -0.032481,
        -0.807087 -0.444445 -0.031889,
        -0.807087 -0.462421 -0.014209,
        -0.807087 -0.463661 -0.015391,
        -0.807087 -0.472207 -0.018578,
        -0.807087 -0.464612 -0.016889,
        -0.807087 -0.465340 -0.018997,
        -0.807087 -0.461060 -0.022740,
        -0.807087 -0.460899 -0.020687,
        -0.807087 -0.460419 -0.019033,
        -0.807087 -0.459873 -0.018078,
        -0.807087 -0.474100 -0.025221,
        -0.807087 -0.471995 -0.033845,
        -0.807087 -0.474141 -0.025248,
        -0.807087 -0.473754 -0.034938,
        -0.807087 -0.474141 -0.035086,
        -0.807087 -0.473341 -0.024426,
        -0.807087 -0.472735 -0.023459,
        -0.807087 -0.465703 -0.022531,
        -0.807087 -0.472223 -0.022041,
        -0.807087 -0.472024 -0.020238,
        -0.807087 -0.459171 -0.017331,
        -0.807087 -0.458347 -0.016800,
        -0.807087 -0.455231 -0.039926,
        -0.807087 -0.474141 -0.054565,
        -0.807087 -0.442772 -0.054565,
        -0.807087 -0.452826 -0.040194,
        -0.807087 -0.450133 -0.039881,
        -0.807087 -0.471995 -0.038640,
        -0.807087 -0.465703 -0.039569,
        -0.807087 -0.474141 -0.039421,
        -0.807087 -0.474141 -0.039881,
        -0.807087 -0.474943 -0.039713,
        -0.807087 -0.476425 -0.039881,
        -0.807087 -0.479178 -0.040194,
        -0.807087 -0.488606 -0.013662,
        -0.807087 -0.488606 -0.018172,
        -0.807087 -0.474999 -0.014591,
        -0.807087 -0.476409 -0.013752,
        -0.807087 -0.489655 -0.034233,
        -0.807087 -0.489085 -0.035704,
        -0.807087 -0.488219 -0.036929,
        -0.807087 -0.474141 -0.015362,
        -0.807087 -0.478965 -0.012848,
        -0.807087 -0.482333 -0.012487,
        -0.807087 -0.491084 0.008056,
        -0.807087 -0.485475 -0.012755,
        -0.807087 -0.488322 -0.027989,
        -0.807087 -0.489188 -0.029269,
        -0.807087 -0.489684 -0.030637,
        -0.807087 -0.489876 -0.032367,
        -0.807087 -0.486891 -0.038091,
        -0.807087 -0.485389 -0.038967,
        -0.807087 -0.481878 -0.016259,
        -0.807087 -0.480504 -0.016361,
        -0.807087 -0.476809 -0.019821,
        -0.807087 -0.479262 -0.016690,
        -0.807087 -0.478221 -0.017244,
        -0.807087 -0.476851 -0.020439,
        -0.807087 -0.477035 -0.021160,
        -0.807087 -0.477370 -0.021787,
        -0.807087 -0.477823 -0.022285,
        -0.807087 -0.479459 -0.023308,
        -0.807087 -0.484965 -0.016614,
        -0.807087 -0.482333 -0.024559,
        -0.807087 -0.487581 -0.017583,
        -0.807087 -0.484131 -0.025287,
        -0.807087 -0.487215 -0.027002,
        -0.807087 -0.477520 -0.017863,
        -0.807087 -0.477122 -0.018454,
        -0.807087 -0.476893 -0.019081,
        -0.807087 -0.476662 -0.036049,
        -0.807087 -0.479055 -0.027933,
        -0.807087 -0.476287 -0.026664,
        -0.807087 -0.479633 -0.036404,
        -0.807087 -0.479838 -0.036402,
        -0.807087 -0.482103 -0.029209,
        -0.807087 -0.482218 -0.036136,
        -0.807087 -0.485109 -0.032822,
        -0.807087 -0.485064 -0.032244,
        -0.807087 -0.483416 -0.035697,
        -0.807087 -0.483839 -0.035441,
        -0.807087 -0.484372 -0.034967,
        -0.807087 -0.484777 -0.034368,
        -0.807087 -0.485013 -0.033708,
        -0.807087 -0.484853 -0.031519,
        -0.807087 -0.484494 -0.030904,
        -0.807087 -0.483916 -0.030302,
        -0.807087 -0.507144 -0.039881,
        -0.807087 -0.520207 -0.039881,
        -0.807087 -0.517706 -0.013094,
        -0.807087 -0.520207 0.008056,
        -0.807087 -0.512892 -0.013094,
        -0.807087 -0.504402 -0.032993,
        -0.807087 -0.504970 -0.035172,
        -0.807087 -0.505094 -0.035172,
        -0.807087 -0.499726 0.008056,
        -0.807087 -0.499726 -0.019540,
        -0.807087 -0.505662 -0.033030,
        -0.807087 -0.505307 -0.034265,
        -0.807087 -0.499726 -0.032004,
        -0.807087 -0.492292 -0.013094,
        -0.807087 -0.497485 -0.013094,
        -0.807087 -0.502678 -0.039512,
        -0.807087 -0.502521 -0.039881,
        -0.807087 -0.500640 -0.044326,
        -0.807087 -0.491084 -0.054565,
        -0.807087 -0.493249 -0.051660,
        -0.807087 -0.493249 -0.047528,
        -0.807087 -0.494199 -0.047840,
        -0.807087 -0.495883 -0.048059,
        -0.807087 -0.499726 -0.051211,
        -0.807087 -0.498119 -0.051823,
        -0.807087 -0.499726 -0.054565,
        -0.807087 -0.496243 -0.052039,
        -0.807087 -0.495219 -0.052002,
        -0.807087 -0.497024 -0.047928,
        -0.807087 -0.498039 -0.047540,
        -0.807087 -0.505691 -0.043567,
        -0.807087 -0.503589 -0.047661,
        -0.807087 -0.520207 -0.054565,
        -0.807087 -0.501890 -0.049702,
        -0.807087 -0.501573 -0.049992,
        -0.807087 -0.499952 -0.051125,
        -0.807087 -0.534435 -0.022872,
        -0.807087 -0.527494 -0.022872,
        -0.807087 -0.534435 -0.035343,
        -0.807087 -0.527494 -0.035343,
        -0.807087 -0.541803 -0.006764,
        -0.807087 -0.546147 -0.039881,
        -0.807087 -0.546147 0.008056,
        -0.807087 -0.541803 -0.002500,
        -0.807087 -0.540751 -0.022872,
        -0.807087 -0.542646 -0.035343,
        -0.807087 -0.540751 -0.018628,
        -0.807087 -0.534435 -0.018628,
        -0.807087 -0.542646 -0.039569,
        -0.807087 -0.534435 -0.039881,
        -0.807087 -0.534435 -0.006764,
        -0.807087 -0.527494 -0.006764,
        -0.807087 -0.527494 -0.018628,
        -0.807087 -0.534435 -0.039569,
        -0.807087 -0.522709 -0.039569,
        -0.807087 -0.688976 0.137795,
        -0.807087 -0.570866 0.137795,
        -0.807087 -0.688976 0.118110,
        -0.807087 -0.688976 0.056619,
        -0.807087 -0.688976 0.018925,
        -0.807087 -0.546147 0.137795,
        -0.807087 -0.534435 0.137795,
        -0.807087 -0.520207 0.137795,
        -0.807087 -0.499726 0.137795,
        -0.807087 -0.491084 0.137795,
        -0.807087 -0.440550 0.137795,
        -0.807087 -0.439598 0.019237,
        -0.807087 -0.420049 0.056306,
        -0.807087 -0.420049 0.019237,
        -0.807087 -0.440550 0.008056,
        -0.807087 -0.587172 -0.039569,
        -0.807087 -0.581885 -0.039569,
        -0.807087 -0.609952 -0.039569,
        -0.807087 -0.606171 -0.029430,
        -0.807087 -0.590735 -0.029430,
        -0.807087 -0.576991 -0.031100,
        -0.807087 -0.574238 -0.034376,
        -0.807087 -0.570344 -0.037164,
        -0.807087 -0.615239 -0.039569,
        -0.807087 -0.688976 -0.039881,
        -0.807087 -0.601120 -0.002500,
        -0.807087 -0.688976 0.008056,
        -0.807087 -0.579217 -0.015475,
        -0.807087 -0.579829 -0.020561,
        -0.807087 -0.596004 -0.002500,
        -0.807087 -0.579717 -0.022927,
        -0.807087 -0.578818 -0.027266,
        -0.807087 -0.549648 -0.002500,
        -0.807087 -0.549648 -0.039569,
        -0.807087 -0.559844 -0.039569,
        -0.807087 -0.566113 -0.038809,
        -0.807087 -0.574238 -0.007408,
        -0.807087 -0.575557 -0.008700,
        -0.807087 -0.577849 -0.011935,
        -0.807087 -0.560223 -0.002500,
        -0.807087 -0.565884 -0.003125,
        -0.807087 -0.570357 -0.004759,
        -0.807087 -0.440550 -0.039881,
        -0.807087 -0.420049 -0.039569,
        -0.807087 -0.424835 -0.022872,
        -0.807087 -0.424835 -0.035343,
        -0.807087 -0.438091 -0.022872,
        -0.807087 -0.439986 -0.035343,
        -0.807087 -0.438091 -0.018628,
        -0.807087 -0.420049 -0.002500,
        -0.807087 -0.439143 -0.002500,
        -0.807087 -0.439143 -0.006764,
        -0.807087 -0.424835 -0.006764,
        -0.807087 -0.424835 -0.018628,
        -0.807087 -0.439986 -0.039569,
        -0.807087 -0.534435 -0.054565,
        -0.807087 -0.440550 -0.054565,
        -0.807087 -0.688976 -0.137795,
        -0.807087 -0.570866 -0.137795,
        -0.807087 -0.546147 -0.137795,
        -0.807087 -0.534435 -0.137795,
        -0.807087 -0.520207 -0.137795,
        -0.807087 -0.499726 -0.137795,
        -0.807087 -0.491084 -0.137795,
        -0.807087 -0.474141 -0.137795,
        -0.807087 -0.442772 -0.137795,
        -0.807087 -0.440550 -0.137795,
        -0.807087 0.098425 0.137795,
        -0.807087 0.098425 0.056619,
        -0.807087 0.098425 0.018925,
        -0.807087 0.098425 0.008056,
        -0.807087 0.098425 -0.039881,
        -0.807087 0.098425 -0.054565,
        -0.807087 0.098425 -0.137795,
        -0.866142 0.098425 0.137795,
        -0.866142 0.098425 0.360236,
        -0.826772 0.098425 -0.360236,
        -0.826772 0.098425 -0.137795,
        -0.629921 0.098425 -0.134548,
        -0.787402 0.098425 -0.134548,
        0.629921 0.098425 -0.134548,
        0.787402 0.098425 -0.134548,
        0.826772 0.098425 -0.360236,
        0.354331 0.098425 -0.157480,
        -0.354331 0.098425 -0.157480,
        -0.354331 0.098425 0.157480,
        0.866142 0.098425 0.360236,
        0.866142 0.098425 0.137795,
        0.807087 0.098425 0.137795,
        -0.787402 0.098425 0.134548,
        -0.629921 0.098425 0.134548,
        0.629921 0.098425 0.134548,
        0.787402 0.098425 0.134548,
        0.807087 0.098425 -0.137795,
        0.826772 0.098425 -0.137795,
        0.354331 0.098425 0.157480,
        -0.480939 -0.688976 -0.118110,
        0.196850 -0.688976 0.137795,
        0.154791 -0.688976 0.177165,
        0.095735 -0.688976 0.177165,
        0.000000 -0.688976 0.118110,
        -0.196850 -0.688976 0.137795,
        -0.480939 -0.688976 0.118110,
        -0.472441 -0.688976 0.137795,
        -0.480939 -0.688976 0.137795,
        -0.036680 -0.688976 0.295276,
        0.000000 -0.688976 0.360236,
        -0.154791 -0.688976 0.295276,
        -0.196850 -0.688976 0.360236,
        -0.154791 -0.688976 0.177165,
        -0.036680 -0.688976 0.177165,
        0.807087 -0.688976 0.118110,
        0.807087 -0.688976 0.137795,
        0.472441 -0.688976 0.137795,
        -0.196850 -0.688976 -0.327756,
        -0.196850 -0.688976 -0.360236,
        0.000000 -0.688976 -0.360236,
        0.000000 -0.688976 -0.118110,
        -0.036680 -0.688976 -0.177165,
        0.000000 -0.688976 -0.327756,
        -0.036680 -0.688976 -0.295276,
        -0.154791 -0.688976 -0.295276,
        -0.196850 -0.688976 -0.137795,
        -0.154791 -0.688976 -0.177165,
        -0.472441 -0.688976 -0.137795,
        -0.480939 -0.688976 -0.137795,
        0.154791 -0.688976 0.295276,
        0.196850 -0.688976 0.360236,
        0.095735 -0.688976 0.295276,
        0.095735 -0.688976 0.360236,
        0.036680 -0.688976 0.295276,
        0.036680 -0.688976 0.177165,
        0.095735 -0.688976 0.118110,
        0.095735 -0.688976 0.059055,
        0.154791 -0.688976 0.059055,
        0.036680 -0.688976 0.059055,
        0.036680 -0.688976 -0.059055,
        0.095735 -0.688976 -0.059055,
        0.095735 -0.688976 -0.118110,
        0.154791 -0.688976 -0.059055,
        0.807087 -0.688976 -0.118110,
        0.807087 -0.688976 -0.137795,
        0.472441 -0.688976 -0.137795,
        0.196850 -0.688976 -0.137795,
        0.154791 -0.688976 -0.177165,
        0.196850 -0.688976 -0.327756,
        0.154791 -0.688976 -0.295276,
        0.095735 -0.688976 -0.327756,
        0.095735 -0.688976 -0.295276,
        0.036680 -0.688976 -0.295276,
        0.036680 -0.688976 -0.177165,
        0.095735 -0.688976 -0.177165,
        -0.154791 -0.688976 -0.059055,
        -0.154791 -0.688976 0.059055,
        -0.036680 -0.688976 0.059055,
        -0.036680 -0.688976 -0.059055,
        0.095735 -0.688976 -0.360236,
        0.196850 -0.688976 -0.360236,
        -0.866142 -0.570866 0.360236,
        -0.866142 -0.570866 0.137795,
        0.472441 -0.570866 -0.360236,
        0.249407 -0.246063 -0.360236,
        0.265048 -0.266448 -0.360236,
        0.285433 -0.282089 -0.360236,
        0.309171 -0.291922 -0.360236,
        0.334646 -0.295276 -0.360236,
        0.429717 -0.171376 -0.360236,
        0.419884 -0.147638 -0.360236,
        0.404243 -0.127253 -0.360236,
        0.383858 -0.111612 -0.360236,
        -0.196850 -0.728346 -0.360236,
        -0.472441 -0.728346 -0.360236,
        -0.472441 -0.570866 -0.360236,
        -0.360120 -0.101779 -0.360236,
        -0.383858 -0.111612 -0.360236,
        -0.404243 -0.127253 -0.360236,
        -0.419884 -0.147638 -0.360236,
        -0.285433 -0.282089 -0.360236,
        -0.265048 -0.266448 -0.360236,
        0.404243 -0.266448 -0.360236,
        0.826772 -0.570866 -0.360236,
        0.383858 -0.282089 -0.360236,
        0.360120 -0.291922 -0.360236,
        0.419884 -0.246063 -0.360236,
        0.429717 -0.222325 -0.360236,
        0.433071 -0.196850 -0.360236,
        0.472441 -0.728346 -0.360236,
        0.196850 -0.728346 -0.360236,
        -0.429717 -0.171376 -0.360236,
        -0.433071 -0.196850 -0.360236,
        -0.826772 -0.570866 -0.360236,
        -0.429717 -0.222325 -0.360236,
        -0.419884 -0.246063 -0.360236,
        -0.404243 -0.266448 -0.360236,
        -0.383858 -0.282089 -0.360236,
        -0.360120 -0.291922 -0.360236,
        -0.334646 -0.295276 -0.360236,
        -0.309171 -0.291922 -0.360236,
        0.360120 -0.101779 -0.360236,
        0.334646 -0.098425 -0.360236,
        0.309171 -0.101779 -0.360236,
        0.285433 -0.111612 -0.360236,
        -0.249407 -0.147638 -0.360236,
        -0.265048 -0.127253 -0.360236,
        -0.249407 -0.246063 -0.360236,
        0.265048 -0.127253 -0.360236,
        0.249407 -0.147638 -0.360236,
        0.239574 -0.171376 -0.360236,
        0.236220 -0.196850 -0.360236,
        0.239574 -0.222325 -0.360236,
        -0.285433 -0.111612 -0.360236,
        -0.309171 -0.101779 -0.360236,
        -0.334646 -0.098425 -0.360236,
        -0.239574 -0.222325 -0.360236,
        -0.236220 -0.196850 -0.360236,
        -0.239574 -0.171376 -0.360236,
        -0.472441 -0.570866 -0.137795,
        -0.590551 -0.570866 -0.137795,
        -0.590551 -0.570866 -0.301181,
        -0.748031 -0.570866 -0.301181,
        -0.748031 -0.570866 -0.137795,
        -0.826772 -0.570866 -0.137795,
        -0.472441 -0.570866 0.137795,
        -0.748031 -0.570866 0.137795,
        -0.748031 -0.629921 0.137795,
        -0.590551 -0.629921 0.137795,
        -0.590551 -0.570866 0.137795,
        -0.590551 -0.629921 -0.137795,
        -0.748031 -0.629921 -0.137795,
        -0.472441 -0.728346 0.137795,
        -0.472441 -0.728346 0.360236,
        -0.472441 -0.570866 0.360236,
        -0.748031 -0.570866 0.328740,
        -0.590551 -0.570866 0.328740,
        0.472441 -0.570866 0.137795,
        0.472441 -0.570866 0.360236,
        0.472441 -0.728346 0.360236,
        0.472441 -0.728346 0.137795,
        0.590551 -0.570866 0.137795,
        0.748031 -0.570866 0.328740,
        0.748031 -0.570866 0.137795,
        0.807087 -0.570866 0.137795,
        0.590551 -0.570866 0.328740,
        0.866142 -0.570866 0.360236,
        0.866142 -0.570866 0.137795,
        -0.196850 -0.728346 0.360236,
        -0.196850 -0.728346 0.137795,
        -0.196850 -0.728346 -0.137795,
        -0.472441 -0.728346 -0.137795,
        0.196850 -0.728346 0.137795,
        0.196850 -0.728346 0.360236,
        0.196850 -0.728346 -0.137795,
        0.472441 -0.728346 -0.137795,
        -0.629921 0.177165 -0.134548,
        -0.629921 0.177165 0.134548,
        -0.787402 0.177165 -0.134548,
        -0.787402 0.177165 0.134548,
        0.787402 0.177165 -0.134548,
        0.787402 0.177165 0.134548,
        0.629921 0.177165 -0.134548,
        0.629921 0.177165 0.134548,
        0.816929 0.177165 -0.137795,
        0.816929 0.177165 0.137795,
        0.816258 0.177165 0.142890,
        0.600394 0.177165 -0.157480,
        0.797244 0.177165 -0.157480,
        0.802339 0.177165 -0.156809,
        0.807087 0.177165 -0.154843,
        0.811163 0.177165 -0.151715,
        0.814292 0.177165 0.147638,
        0.811163 0.177165 0.151715,
        0.807087 0.177165 0.154843,
        0.814292 0.177165 -0.147638,
        0.816258 0.177165 -0.142890,
        0.802339 0.177165 0.156809,
        0.797244 0.177165 0.157480,
        0.600394 0.177165 0.157480,
        0.595299 0.177165 0.156809,
        0.580709 0.177165 -0.137795,
        0.580709 0.177165 0.137795,
        0.581380 0.177165 0.142890,
        0.583346 0.177165 0.147638,
        0.581380 0.177165 -0.142890,
        0.583346 0.177165 -0.147638,
        0.586474 0.177165 -0.151715,
        0.590551 0.177165 -0.154843,
        0.595299 0.177165 -0.156809,
        0.590551 0.177165 0.154843,
        0.586474 0.177165 0.151715,
        0.580709 0.236220 -0.137795,
        0.580709 0.236220 0.137795,
        0.797244 0.236220 0.157480,
        0.600394 0.236220 0.157480,
        0.816929 0.236220 -0.137795,
        0.816929 0.236220 0.137795,
        0.600394 0.236220 -0.157480,
        0.797244 0.236220 -0.157480,
        0.600394 0.255906 -0.137795,
        0.600394 0.255906 0.137795,
        0.797244 0.255906 -0.137795,
        0.797244 0.255906 0.137795,
        -0.816929 0.236220 0.137795,
        -0.816929 0.236220 -0.137795,
        -0.816929 0.177165 0.137795,
        -0.816929 0.177165 -0.137795,
        -0.600394 0.236220 0.157480,
        -0.797244 0.236220 0.157480,
        -0.600394 0.177165 0.157480,
        -0.797244 0.177165 0.157480,
        -0.580709 0.177165 0.137795,
        -0.580709 0.177165 -0.137795,
        -0.580709 0.236220 0.137795,
        -0.580709 0.236220 -0.137795,
        -0.797244 0.236220 -0.157480,
        -0.600394 0.236220 -0.157480,
        -0.797244 0.177165 -0.157480,
        -0.600394 0.177165 -0.157480,
        -0.797244 0.255906 -0.137795,
        -0.797244 0.255906 0.137795,
        -0.600394 0.255906 -0.137795,
        -0.600394 0.255906 0.137795,
        -0.802339 0.177165 -0.156809,
        -0.595299 0.177165 -0.156809,
        -0.590551 0.177165 -0.154843,
        -0.586474 0.177165 -0.151715,
        -0.583346 0.177165 -0.147638,
        -0.581380 0.177165 -0.142890,
        -0.581380 0.177165 0.142890,
        -0.583346 0.177165 0.147638,
        -0.586474 0.177165 0.151715,
        -0.590551 0.177165 0.154843,
        -0.595299 0.177165 0.156809,
        -0.802339 0.177165 0.156809,
        -0.816258 0.177165 -0.142890,
        -0.814292 0.177165 -0.147638,
        -0.807087 0.177165 0.154843,
        -0.811163 0.177165 0.151715,
        -0.814292 0.177165 0.147638,
        -0.816258 0.177165 0.142890,
        -0.811163 0.177165 -0.151715,
        -0.807087 0.177165 -0.154843,
        0.358200 -0.101285 -0.529528,
        0.380386 -0.109699 -0.529528,
        0.360042 -0.101984 -0.529528,
        0.399914 -0.123178 -0.529528,
        0.383632 -0.111940 -0.529528,
        0.415648 -0.140939 -0.529528,
        0.403840 -0.127610 -0.529528,
        0.426675 -0.161948 -0.529528,
        0.419320 -0.147934 -0.529528,
        0.432353 -0.184987 -0.529528,
        0.429040 -0.171543 -0.529528,
        0.432353 -0.208714 -0.529528,
        0.432353 -0.196850 -0.529528,
        0.426675 -0.231752 -0.529528,
        0.429040 -0.222158 -0.529528,
        0.415648 -0.252762 -0.529528,
        0.419320 -0.245767 -0.529528,
        0.399914 -0.270523 -0.529528,
        0.403840 -0.266091 -0.529528,
        0.380386 -0.284002 -0.529528,
        0.383632 -0.281761 -0.529528,
        0.358200 -0.292415 -0.529528,
        0.360042 -0.291717 -0.529528,
        0.311091 -0.292415 -0.529528,
        0.334646 -0.295276 -0.529528,
        0.288905 -0.284002 -0.529528,
        0.309249 -0.291717 -0.529528,
        0.269378 -0.270523 -0.529528,
        0.285659 -0.281761 -0.529528,
        0.253643 -0.252762 -0.529528,
        0.265451 -0.266091 -0.529528,
        0.242617 -0.231752 -0.529528,
        0.249972 -0.245767 -0.529528,
        0.236938 -0.208714 -0.529528,
        0.240252 -0.222158 -0.529528,
        0.236938 -0.184987 -0.529528,
        0.236938 -0.196850 -0.529528,
        0.242617 -0.161948 -0.529528,
        0.240252 -0.171543 -0.529528,
        0.253643 -0.140939 -0.529528,
        0.249972 -0.147934 -0.529528,
        0.269378 -0.123178 -0.529528,
        0.265451 -0.127610 -0.529528,
        0.288905 -0.109699 -0.529528,
        0.285659 -0.111940 -0.529528,
        0.334646 -0.098425 -0.529528,
        0.311091 -0.101285 -0.529528,
        0.309249 -0.101984 -0.529528,
        0.334646 -0.275591 -0.549213,
        0.315802 -0.273302 -0.549213,
        0.334646 -0.196850 -0.549213,
        0.353489 -0.273302 -0.549213,
        0.399448 -0.241580 -0.549213,
        0.386860 -0.255788 -0.549213,
        0.371238 -0.266571 -0.549213,
        0.412812 -0.187359 -0.549213,
        0.412812 -0.206341 -0.549213,
        0.408269 -0.224772 -0.549213,
        0.386860 -0.137913 -0.549213,
        0.399448 -0.152121 -0.549213,
        0.408269 -0.168929 -0.549213,
        0.334646 -0.118110 -0.549213,
        0.353489 -0.120398 -0.549213,
        0.371238 -0.127130 -0.549213,
        0.282431 -0.137913 -0.549213,
        0.298053 -0.127130 -0.549213,
        0.315802 -0.120398 -0.549213,
        0.256480 -0.187359 -0.549213,
        0.261022 -0.168929 -0.549213,
        0.269844 -0.152121 -0.549213,
        0.269844 -0.241580 -0.549213,
        0.261022 -0.224772 -0.549213,
        0.256480 -0.206341 -0.549213,
        0.298053 -0.266571 -0.549213,
        0.282431 -0.255788 -0.549213,
        -0.311091 -0.101285 -0.529528,
        -0.288905 -0.109699 -0.529528,
        -0.309249 -0.101984 -0.529528,
        -0.269378 -0.123178 -0.529528,
        -0.285659 -0.111940 -0.529528,
        -0.253643 -0.140939 -0.529528,
        -0.265451 -0.127610 -0.529528,
        -0.242617 -0.161948 -0.529528,
        -0.249972 -0.147934 -0.529528,
        -0.236938 -0.184987 -0.529528,
        -0.240252 -0.171543 -0.529528,
        -0.236938 -0.208714 -0.529528,
        -0.236938 -0.196850 -0.529528,
        -0.242617 -0.231752 -0.529528,
        -0.240252 -0.222158 -0.529528,
        -0.253643 -0.252762 -0.529528,
        -0.249972 -0.245767 -0.529528,
        -0.269378 -0.270523 -0.529528,
        -0.265451 -0.266091 -0.529528,
        -0.288905 -0.284002 -0.529528,
        -0.285659 -0.281761 -0.529528,
        -0.311091 -0.292415 -0.529528,
        -0.309249 -0.291717 -0.529528,
        -0.358200 -0.292415 -0.529528,
        -0.334646 -0.295276 -0.529528,
        -0.380386 -0.284002 -0.529528,
        -0.360042 -0.291717 -0.529528,
        -0.399914 -0.270523 -0.529528,
        -0.383632 -0.281761 -0.529528,
        -0.415648 -0.252762 -0.529528,
        -0.403840 -0.266091 -0.529528,
        -0.426675 -0.231752 -0.529528,
        -0.419320 -0.245767 -0.529528,
        -0.432353 -0.208714 -0.529528,
        -0.429040 -0.222158 -0.529528,
        -0.432353 -0.184987 -0.529528,
        -0.432353 -0.196850 -0.529528,
        -0.426675 -0.161948 -0.529528,
        -0.429040 -0.171543 -0.529528,
        -0.415648 -0.140939 -0.529528,
        -0.419320 -0.147934 -0.529528,
        -0.399914 -0.123178 -0.529528,
        -0.403840 -0.127610 -0.529528,
        -0.380386 -0.109699 -0.529528,
        -0.383632 -0.111940 -0.529528,
        -0.334646 -0.098425 -0.529528,
        -0.358200 -0.101285 -0.529528,
        -0.360042 -0.101984 -0.529528,
        -0.334646 -0.118110 -0.549213,
        -0.315802 -0.120398 -0.549213,
        -0.334646 -0.196850 -0.549213,
        -0.353489 -0.120398 -0.549213,
        -0.399448 -0.152121 -0.549213,
        -0.386860 -0.137913 -0.549213,
        -0.371238 -0.127130 -0.549213,
        -0.412812 -0.206341 -0.549213,
        -0.412812 -0.187359 -0.549213,
        -0.408269 -0.168929 -0.549213,
        -0.386860 -0.255788 -0.549213,
        -0.399448 -0.241580 -0.549213,
        -0.408269 -0.224772 -0.549213,
        -0.334646 -0.275591 -0.549213,
        -0.353489 -0.273302 -0.549213,
        -0.371238 -0.266571 -0.549213,
        -0.282431 -0.255788 -0.549213,
        -0.298053 -0.266571 -0.549213,
        -0.315802 -0.273302 -0.549213,
        -0.256480 -0.206341 -0.549213,
        -0.261022 -0.224772 -0.549213,
        -0.269844 -0.241580 -0.549213,
        -0.269844 -0.152121 -0.549213,
        -0.261022 -0.168929 -0.549213,
        -0.256480 -0.187359 -0.549213,
        -0.298053 -0.127130 -0.549213,
        -0.282431 -0.137913 -0.549213,
        -0.269822 -0.123680 -0.534622,
        -0.289217 -0.110293 -0.534622,
        -0.254195 -0.141320 -0.534622,
        -0.243244 -0.162186 -0.534622,
        -0.237604 -0.185067 -0.534622,
        -0.237604 -0.208633 -0.534622,
        -0.243244 -0.231515 -0.534622,
        -0.254195 -0.252381 -0.534622,
        -0.269822 -0.270020 -0.534622,
        -0.289217 -0.283407 -0.534622,
        -0.311252 -0.291764 -0.534622,
        -0.334646 -0.294605 -0.534622,
        -0.358040 -0.291764 -0.534622,
        -0.380074 -0.283407 -0.534622,
        -0.399469 -0.270020 -0.534622,
        -0.415096 -0.252381 -0.534622,
        -0.426048 -0.231515 -0.534622,
        -0.431687 -0.208633 -0.534622,
        -0.431687 -0.185067 -0.534622,
        -0.426048 -0.162186 -0.534622,
        -0.415096 -0.141320 -0.534622,
        -0.399469 -0.123680 -0.534622,
        -0.380074 -0.110293 -0.534622,
        -0.358040 -0.101937 -0.534622,
        -0.334646 -0.099096 -0.534622,
        -0.311252 -0.101937 -0.534622,
        -0.357569 -0.103846 -0.539370,
        -0.379161 -0.112034 -0.539370,
        -0.398165 -0.125152 -0.539370,
        -0.413478 -0.142437 -0.539370,
        -0.424209 -0.162883 -0.539370,
        -0.429735 -0.185304 -0.539370,
        -0.429735 -0.208396 -0.539370,
        -0.424209 -0.230817 -0.539370,
        -0.413478 -0.251264 -0.539370,
        -0.398165 -0.268549 -0.539370,
        -0.379161 -0.281667 -0.539370,
        -0.357569 -0.289855 -0.539370,
        -0.334646 -0.292638 -0.539370,
        -0.311722 -0.289855 -0.539370,
        -0.290131 -0.281667 -0.539370,
        -0.271126 -0.268549 -0.539370,
        -0.255814 -0.251264 -0.539370,
        -0.245082 -0.230817 -0.539370,
        -0.239556 -0.208396 -0.539370,
        -0.239556 -0.185304 -0.539370,
        -0.245082 -0.162883 -0.539370,
        -0.255814 -0.142437 -0.539370,
        -0.271126 -0.125152 -0.539370,
        -0.290131 -0.112034 -0.539370,
        -0.311722 -0.103846 -0.539370,
        -0.334646 -0.101063 -0.539370,
        -0.356820 -0.106883 -0.543447,
        -0.377707 -0.114804 -0.543447,
        -0.396090 -0.127494 -0.543447,
        -0.410903 -0.144214 -0.543447,
        -0.421284 -0.163993 -0.543447,
        -0.426630 -0.185681 -0.543447,
        -0.426630 -0.208019 -0.543447,
        -0.421284 -0.229708 -0.543447,
        -0.410903 -0.249487 -0.543447,
        -0.396090 -0.266207 -0.543447,
        -0.377707 -0.278896 -0.543447,
        -0.356820 -0.286817 -0.543447,
        -0.334646 -0.289510 -0.543447,
        -0.312471 -0.286817 -0.543447,
        -0.291585 -0.278896 -0.543447,
        -0.273201 -0.266207 -0.543447,
        -0.258388 -0.249487 -0.543447,
        -0.248007 -0.229708 -0.543447,
        -0.242662 -0.208019 -0.543447,
        -0.242662 -0.185681 -0.543447,
        -0.248007 -0.163993 -0.543447,
        -0.258388 -0.144214 -0.543447,
        -0.273201 -0.127494 -0.543447,
        -0.291585 -0.114804 -0.543447,
        -0.312471 -0.106883 -0.543447,
        -0.334646 -0.104191 -0.543447,
        -0.355845 -0.110842 -0.546575,
        -0.375812 -0.118414 -0.546575,
        -0.393387 -0.130545 -0.546575,
        -0.407548 -0.146530 -0.546575,
        -0.417472 -0.165439 -0.546575,
        -0.422582 -0.186173 -0.546575,
        -0.422582 -0.207528 -0.546575,
        -0.417472 -0.228262 -0.546575,
        -0.407548 -0.247171 -0.546575,
        -0.393387 -0.263156 -0.546575,
        -0.375812 -0.275287 -0.546575,
        -0.355845 -0.282859 -0.546575,
        -0.334646 -0.285433 -0.546575,
        -0.313446 -0.282859 -0.546575,
        -0.293479 -0.275287 -0.546575,
        -0.275904 -0.263156 -0.546575,
        -0.261744 -0.247171 -0.546575,
        -0.251819 -0.228262 -0.546575,
        -0.246709 -0.207528 -0.546575,
        -0.246709 -0.186173 -0.546575,
        -0.251819 -0.165439 -0.546575,
        -0.261744 -0.146530 -0.546575,
        -0.275904 -0.130545 -0.546575,
        -0.293479 -0.118414 -0.546575,
        -0.313446 -0.110842 -0.546575,
        -0.334646 -0.108268 -0.546575,
        -0.354709 -0.115452 -0.548542,
        -0.373606 -0.122618 -0.548542,
        -0.390239 -0.134099 -0.548542,
        -0.403641 -0.149227 -0.548542,
        -0.413033 -0.167122 -0.548542,
        -0.417869 -0.186745 -0.548542,
        -0.417869 -0.206956 -0.548542,
        -0.413033 -0.226579 -0.548542,
        -0.403641 -0.244474 -0.548542,
        -0.390239 -0.259602 -0.548542,
        -0.373606 -0.271083 -0.548542,
        -0.354709 -0.278249 -0.548542,
        -0.334646 -0.280685 -0.548542,
        -0.314583 -0.278249 -0.548542,
        -0.295685 -0.271083 -0.548542,
        -0.279053 -0.259602 -0.548542,
        -0.265651 -0.244474 -0.548542,
        -0.256259 -0.226579 -0.548542,
        -0.251422 -0.206956 -0.548542,
        -0.251422 -0.186745 -0.548542,
        -0.256259 -0.167122 -0.548542,
        -0.265651 -0.149227 -0.548542,
        -0.279053 -0.134099 -0.548542,
        -0.295685 -0.122618 -0.548542,
        -0.314583 -0.115452 -0.548542,
        -0.334646 -0.113015 -0.548542,
        0.289217 -0.283407 -0.534622,
        0.269822 -0.270020 -0.534622,
        0.254195 -0.252381 -0.534622,
        0.243244 -0.231515 -0.534622,
        0.254195 -0.141320 -0.534622,
        0.269822 -0.123680 -0.534622,
        0.289217 -0.110293 -0.534622,
        0.311252 -0.101937 -0.534622,
        0.380074 -0.110293 -0.534622,
        0.399469 -0.123680 -0.534622,
        0.415096 -0.141320 -0.534622,
        0.426048 -0.162186 -0.534622,
        0.415096 -0.252381 -0.534622,
        0.399469 -0.270020 -0.534622,
        0.380074 -0.283407 -0.534622,
        0.358040 -0.291764 -0.534622,
        0.413033 -0.226579 -0.548542,
        0.417869 -0.206956 -0.548542,
        0.417472 -0.228262 -0.546575,
        0.256259 -0.167122 -0.548542,
        0.251422 -0.186745 -0.548542,
        0.251819 -0.165439 -0.546575,
        0.403641 -0.244474 -0.548542,
        0.407548 -0.247171 -0.546575,
        0.410903 -0.249487 -0.543447,
        0.265651 -0.149227 -0.548542,
        0.261744 -0.146530 -0.546575,
        0.258388 -0.144214 -0.543447,
        0.390239 -0.259602 -0.548542,
        0.393387 -0.263156 -0.546575,
        0.396090 -0.266207 -0.543447,
        0.398165 -0.268549 -0.539370,
        0.279053 -0.134099 -0.548542,
        0.275904 -0.130545 -0.546575,
        0.273201 -0.127494 -0.543447,
        0.271126 -0.125152 -0.539370,
        0.373606 -0.271083 -0.548542,
        0.375812 -0.275287 -0.546575,
        0.377707 -0.278896 -0.543447,
        0.379161 -0.281667 -0.539370,
        0.295685 -0.122618 -0.548542,
        0.293479 -0.118414 -0.546575,
        0.291585 -0.114804 -0.543447,
        0.290131 -0.112034 -0.539370,
        0.429735 -0.208396 -0.539370,
        0.431687 -0.208633 -0.534622,
        0.426048 -0.231515 -0.534622,
        0.239556 -0.185304 -0.539370,
        0.237604 -0.185067 -0.534622,
        0.243244 -0.162186 -0.534622,
        0.334646 -0.280685 -0.548542,
        0.354709 -0.278249 -0.548542,
        0.334646 -0.285433 -0.546575,
        0.355845 -0.282859 -0.546575,
        0.334646 -0.289510 -0.543447,
        0.356820 -0.286817 -0.543447,
        0.334646 -0.292638 -0.539370,
        0.357569 -0.289855 -0.539370,
        0.334646 -0.294605 -0.534622,
        0.422582 -0.207528 -0.546575,
        0.421284 -0.229708 -0.543447,
        0.413478 -0.251264 -0.539370,
        0.426630 -0.208019 -0.543447,
        0.424209 -0.230817 -0.539370,
        0.431687 -0.185067 -0.534622,
        0.429735 -0.185304 -0.539370,
        0.426630 -0.185681 -0.543447,
        0.422582 -0.186173 -0.546575,
        0.417869 -0.186745 -0.548542,
        0.424209 -0.162883 -0.539370,
        0.421284 -0.163993 -0.543447,
        0.417472 -0.165439 -0.546575,
        0.413033 -0.167122 -0.548542,
        0.413478 -0.142437 -0.539370,
        0.410903 -0.144214 -0.543447,
        0.407548 -0.146530 -0.546575,
        0.403641 -0.149227 -0.548542,
        0.398165 -0.125152 -0.539370,
        0.396090 -0.127494 -0.543447,
        0.393387 -0.130545 -0.546575,
        0.390239 -0.134099 -0.548542,
        0.379161 -0.112034 -0.539370,
        0.377707 -0.114804 -0.543447,
        0.375812 -0.118414 -0.546575,
        0.373606 -0.122618 -0.548542,
        0.358040 -0.101937 -0.534622,
        0.357569 -0.103846 -0.539370,
        0.356820 -0.106883 -0.543447,
        0.355845 -0.110842 -0.546575,
        0.354709 -0.115452 -0.548542,
        0.334646 -0.113015 -0.548542,
        0.334646 -0.108268 -0.546575,
        0.334646 -0.104191 -0.543447,
        0.334646 -0.101063 -0.539370,
        0.334646 -0.099096 -0.534622,
        0.314583 -0.115452 -0.548542,
        0.313446 -0.110842 -0.546575,
        0.312471 -0.106883 -0.543447,
        0.311722 -0.103846 -0.539370,
        0.246709 -0.186173 -0.546575,
        0.248007 -0.163993 -0.543447,
        0.255814 -0.142437 -0.539370,
        0.242662 -0.185681 -0.543447,
        0.245082 -0.162883 -0.539370,
        0.237604 -0.208633 -0.534622,
        0.239556 -0.208396 -0.539370,
        0.242662 -0.208019 -0.543447,
        0.246709 -0.207528 -0.546575,
        0.251422 -0.206956 -0.548542,
        0.245082 -0.230817 -0.539370,
        0.248007 -0.229708 -0.543447,
        0.251819 -0.228262 -0.546575,
        0.256259 -0.226579 -0.548542,
        0.255814 -0.251264 -0.539370,
        0.258388 -0.249487 -0.543447,
        0.261744 -0.247171 -0.546575,
        0.265651 -0.244474 -0.548542,
        0.271126 -0.268549 -0.539370,
        0.273201 -0.266207 -0.543447,
        0.275904 -0.263156 -0.546575,
        0.279053 -0.259602 -0.548542,
        0.290131 -0.281667 -0.539370,
        0.291585 -0.278896 -0.543447,
        0.293479 -0.275287 -0.546575,
        0.295685 -0.271083 -0.548542,
        0.311252 -0.291764 -0.534622,
        0.311722 -0.289855 -0.539370,
        0.312471 -0.286817 -0.543447,
        0.313446 -0.282859 -0.546575,
        0.314583 -0.278249 -0.548542,
        0.472441 -0.570866 -0.137795,
        0.807087 -0.570866 -0.137795,
        0.748031 -0.570866 -0.137795,
        0.748031 -0.570866 -0.301181,
        0.590551 -0.570866 -0.137795,
        0.590551 -0.570866 -0.301181,
        0.826772 -0.570866 -0.137795,
        -0.154791 -0.610236 -0.059055,
        -0.154791 -0.610236 0.059055,
        -0.036680 -0.610236 0.059055,
        -0.036680 -0.610236 -0.059055,
        0.154791 -0.610236 0.059055,
        0.154791 -0.610236 -0.059055,
        0.036680 -0.610236 -0.059055,
        0.036680 -0.610236 0.059055,
        -0.154791 -0.610236 -0.295276,
        -0.154791 -0.610236 -0.177165,
        -0.036680 -0.610236 -0.177165,
        -0.036680 -0.610236 -0.295276,
        0.154791 -0.610236 -0.177165,
        0.154791 -0.610236 -0.295276,
        0.036680 -0.610236 -0.295276,
        0.036680 -0.610236 -0.177165,
        0.036680 -0.610236 0.177165,
        0.036680 -0.610236 0.295276,
        0.154791 -0.610236 0.295276,
        0.154791 -0.610236 0.177165,
        -0.154791 -0.610236 0.177165,
        -0.154791 -0.610236 0.295276,
        -0.036680 -0.610236 0.295276,
        -0.036680 -0.610236 0.177165,
        0.748031 -0.629921 -0.137795,
        0.590551 -0.629921 -0.137795,
        0.590551 -0.629921 0.137795,
        0.748031 -0.629921 0.137795,
      ]
    }
    coordIndex [
      0, 1, 2, -1,
      3, 4, 5, -1,
      6, 7, 8, -1,
      9, 10, 11, -1,
      12, 13, 14, -1,
      15, 16, 17, -1,
      18, 19, 20, -1,
      21, 22, 23, -1,
      24, 25, 23, -1,
      23, 25, 26, -1,
      23, 26, 27, -1,
      27, 28, 23, -1,
      23, 28, 29, -1,
      23, 29, 21, -1,
      30, 31, 32, -1,
      33, 34, 24, -1,
      32, 31, 33, -1,
      33, 31, 35, -1,
      33, 35, 34, -1,
      30, 32, 36, -1,
      36, 32, 37, -1,
      36, 37, 38, -1,
      39, 40, 37, -1,
      37, 40, 41, -1,
      37, 41, 42, -1,
      37, 43, 38, -1,
      38, 43, 44, -1,
      38, 44, 45, -1,
      45, 44, 46, -1,
      45, 46, 47, -1,
      42, 48, 37, -1,
      37, 48, 49, -1,
      37, 49, 43, -1,
      50, 51, 52, -1,
      50, 52, 53, -1,
      51, 54, 52, -1,
      52, 54, 55, -1,
      52, 55, 56, -1,
      56, 55, 57, -1,
      57, 58, 56, -1,
      56, 58, 59, -1,
      56, 59, 39, -1,
      39, 59, 60, -1,
      39, 60, 40, -1,
      61, 53, 62, -1,
      62, 53, 52, -1,
      62, 52, 63, -1,
      63, 52, 64, -1,
      65, 66, 67, -1,
      65, 67, 68, -1,
      67, 69, 68, -1,
      68, 69, 70, -1,
      68, 70, 71, -1,
      71, 70, 72, -1,
      71, 72, 52, -1,
      52, 72, 73, -1,
      52, 73, 64, -1,
      74, 75, 76, -1,
      76, 75, 77, -1,
      77, 78, 76, -1,
      76, 78, 79, -1,
      76, 79, 80, -1,
      81, 82, 83, -1,
      84, 85, 86, -1,
      87, 88, 89, -1,
      90, 91, 92, -1,
      92, 91, 93, -1,
      84, 86, 94, -1,
      87, 89, 95, -1,
      96, 97, 91, -1,
      91, 97, 98, -1,
      91, 98, 99, -1,
      83, 82, 89, -1,
      89, 82, 100, -1,
      89, 100, 95, -1,
      85, 101, 86, -1,
      86, 101, 102, -1,
      86, 102, 103, -1,
      104, 105, 106, -1,
      106, 105, 107, -1,
      106, 107, 108, -1,
      109, 99, 110, -1,
      110, 99, 111, -1,
      110, 111, 106, -1,
      106, 111, 112, -1,
      106, 112, 104, -1,
      109, 113, 99, -1,
      99, 113, 114, -1,
      99, 114, 91, -1,
      91, 114, 115, -1,
      91, 115, 93, -1,
      116, 117, 118, -1,
      118, 117, 119, -1,
      118, 119, 86, -1,
      86, 119, 120, -1,
      86, 120, 94, -1,
      121, 122, 86, -1,
      86, 122, 123, -1,
      86, 123, 91, -1,
      91, 123, 124, -1,
      91, 124, 96, -1,
      125, 126, 74, -1,
      74, 126, 127, -1,
      74, 127, 128, -1,
      128, 129, 74, -1,
      74, 129, 130, -1,
      74, 130, 131, -1,
      131, 130, 116, -1,
      131, 116, 132, -1,
      132, 116, 118, -1,
      88, 133, 89, -1,
      89, 133, 134, -1,
      89, 134, 74, -1,
      74, 134, 135, -1,
      74, 135, 125, -1,
      103, 136, 86, -1,
      86, 136, 137, -1,
      86, 137, 138, -1,
      138, 139, 86, -1,
      86, 139, 140, -1,
      86, 140, 121, -1,
      141, 142, 143, -1,
      143, 99, 141, -1,
      141, 99, 98, -1,
      141, 98, 144, -1,
      144, 98, 145, -1,
      145, 146, 144, -1,
      144, 146, 147, -1,
      144, 147, 148, -1,
      149, 150, 151, -1,
      150, 152, 151, -1,
      151, 152, 153, -1,
      151, 153, 154, -1,
      155, 151, 156, -1,
      142, 141, 155, -1,
      155, 141, 157, -1,
      155, 157, 151, -1,
      151, 157, 158, -1,
      151, 158, 149, -1,
      156, 159, 155, -1,
      155, 159, 160, -1,
      155, 160, 161, -1,
      154, 153, 162, -1,
      162, 153, 163, -1,
      162, 163, 164, -1,
      164, 163, 165, -1,
      164, 165, 166, -1,
      167, 168, 161, -1,
      161, 168, 169, -1,
      161, 169, 155, -1,
      22, 170, 171, -1,
      171, 170, 172, -1,
      171, 172, 83, -1,
      83, 172, 173, -1,
      83, 173, 81, -1,
      174, 175, 176, -1,
      176, 175, 177, -1,
      176, 177, 178, -1,
      175, 179, 177, -1,
      177, 179, 180, -1,
      177, 180, 181, -1,
      181, 180, 182, -1,
      181, 182, 183, -1,
      183, 182, 184, -1,
      183, 184, 185, -1,
      185, 184, 186, -1,
      185, 186, 187, -1,
      188, 189, 190, -1,
      191, 192, 193, -1,
      192, 194, 195, -1,
      195, 194, 196, -1,
      197, 196, 198, -1,
      198, 196, 194, -1,
      198, 194, 199, -1,
      199, 194, 200, -1,
      199, 200, 201, -1,
      193, 192, 202, -1,
      202, 192, 195, -1,
      202, 195, 190, -1,
      190, 195, 203, -1,
      190, 203, 188, -1,
      198, 204, 197, -1,
      197, 204, 205, -1,
      197, 205, 206, -1,
      201, 200, 207, -1,
      207, 200, 208, -1,
      207, 208, 209, -1,
      210, 211, 208, -1,
      193, 212, 191, -1,
      191, 212, 209, -1,
      191, 209, 20, -1,
      20, 209, 208, -1,
      20, 208, 213, -1,
      213, 208, 211, -1,
      18, 20, 214, -1,
      215, 216, 217, -1,
      218, 219, 220, -1,
      220, 219, 221, -1,
      220, 221, 213, -1,
      213, 221, 222, -1,
      213, 222, 20, -1,
      20, 222, 223, -1,
      20, 223, 214, -1,
      224, 225, 226, -1,
      226, 225, 227, -1,
      226, 227, 228, -1,
      218, 220, 217, -1,
      217, 220, 229, -1,
      217, 229, 215, -1,
      216, 230, 217, -1,
      217, 230, 231, -1,
      217, 231, 232, -1,
      232, 233, 217, -1,
      217, 233, 234, -1,
      217, 234, 235, -1,
      235, 236, 217, -1,
      217, 236, 225, -1,
      217, 225, 237, -1,
      237, 225, 224, -1,
      238, 239, 240, -1,
      240, 239, 241, -1,
      17, 242, 243, -1,
      243, 244, 17, -1,
      17, 244, 245, -1,
      17, 245, 15, -1,
      246, 247, 17, -1,
      17, 247, 248, -1,
      17, 248, 242, -1,
      249, 250, 251, -1,
      251, 250, 252, -1,
      251, 252, 246, -1,
      246, 252, 253, -1,
      246, 253, 247, -1,
      254, 255, 256, -1,
      256, 257, 254, -1,
      254, 257, 258, -1,
      254, 258, 259, -1,
      255, 254, 260, -1,
      260, 254, 261, -1,
      260, 261, 262, -1,
      262, 261, 263, -1,
      263, 261, 264, -1,
      263, 264, 19, -1,
      265, 266, 181, -1,
      267, 268, 183, -1,
      183, 268, 269, -1,
      270, 271, 272, -1,
      272, 271, 181, -1,
      272, 181, 273, -1,
      273, 181, 266, -1,
      269, 274, 183, -1,
      183, 274, 275, -1,
      183, 275, 276, -1,
      276, 277, 183, -1,
      183, 277, 278, -1,
      183, 278, 181, -1,
      181, 278, 279, -1,
      181, 279, 265, -1,
      194, 280, 267, -1,
      267, 280, 281, -1,
      267, 281, 268, -1,
      270, 282, 271, -1,
      271, 282, 283, -1,
      271, 283, 192, -1,
      192, 283, 284, -1,
      192, 284, 194, -1,
      194, 284, 285, -1,
      194, 285, 280, -1,
      286, 287, 288, -1,
      289, 290, 291, -1,
      291, 290, 292, -1,
      286, 288, 293, -1,
      294, 295, 296, -1,
      296, 297, 298, -1,
      261, 299, 300, -1,
      301, 302, 303, -1,
      289, 304, 290, -1,
      290, 304, 305, -1,
      290, 305, 306, -1,
      306, 305, 307, -1,
      308, 309, 307, -1,
      307, 309, 310, -1,
      307, 310, 306, -1,
      295, 311, 296, -1,
      296, 311, 312, -1,
      296, 312, 297, -1,
      313, 314, 288, -1,
      288, 314, 315, -1,
      288, 315, 293, -1,
      300, 316, 261, -1,
      261, 316, 317, -1,
      261, 317, 318, -1,
      298, 319, 296, -1,
      296, 319, 320, -1,
      296, 320, 261, -1,
      261, 320, 292, -1,
      261, 292, 299, -1,
      299, 292, 290, -1,
      301, 321, 302, -1,
      302, 321, 322, -1,
      302, 322, 323, -1,
      323, 322, 324, -1,
      323, 324, 325, -1,
      326, 327, 307, -1,
      307, 327, 328, -1,
      307, 328, 329, -1,
      330, 331, 332, -1,
      332, 331, 333, -1,
      332, 333, 334, -1,
      335, 336, 337, -1,
      337, 336, 338, -1,
      337, 338, 325, -1,
      325, 338, 339, -1,
      325, 339, 323, -1,
      329, 340, 307, -1,
      307, 340, 341, -1,
      307, 341, 308, -1,
      287, 342, 343, -1,
      343, 342, 344, -1,
      344, 342, 345, -1,
      344, 345, 346, -1,
      330, 335, 331, -1,
      331, 335, 337, -1,
      331, 337, 347, -1,
      347, 337, 348, -1,
      347, 348, 349, -1,
      349, 348, 350, -1,
      349, 350, 351, -1,
      351, 350, 352, -1,
      353, 352, 343, -1,
      343, 352, 350, -1,
      343, 350, 287, -1,
      287, 350, 348, -1,
      287, 348, 288, -1,
      354, 355, 14, -1,
      356, 357, 264, -1,
      358, 359, 14, -1,
      14, 359, 360, -1,
      318, 301, 261, -1,
      261, 301, 303, -1,
      261, 303, 264, -1,
      264, 303, 361, -1,
      264, 361, 356, -1,
      357, 362, 264, -1,
      264, 362, 363, -1,
      264, 363, 364, -1,
      364, 363, 365, -1,
      364, 365, 354, -1,
      366, 367, 355, -1,
      355, 367, 368, -1,
      355, 368, 14, -1,
      14, 368, 369, -1,
      14, 369, 358, -1,
      360, 370, 14, -1,
      14, 370, 371, -1,
      14, 371, 12, -1,
      372, 373, 374, -1,
      374, 373, 375, -1,
      374, 375, 376, -1,
      374, 377, 372, -1,
      372, 377, 378, -1,
      372, 378, 379, -1,
      379, 380, 372, -1,
      372, 380, 381, -1,
      372, 381, 382, -1,
      382, 381, 383, -1,
      382, 383, 384, -1,
      384, 383, 385, -1,
      384, 385, 355, -1,
      355, 385, 386, -1,
      355, 386, 366, -1,
      387, 388, 376, -1,
      376, 388, 389, -1,
      376, 389, 374, -1,
      390, 391, 334, -1,
      334, 391, 392, -1,
      334, 392, 332, -1,
      390, 393, 391, -1,
      391, 393, 394, -1,
      391, 394, 395, -1,
      395, 394, 396, -1,
      395, 397, 398, -1,
      396, 399, 395, -1,
      395, 399, 400, -1,
      395, 400, 401, -1,
      401, 402, 395, -1,
      395, 402, 403, -1,
      395, 403, 397, -1,
      398, 404, 395, -1,
      395, 404, 405, -1,
      395, 405, 406, -1,
      407, 408, 409, -1,
      409, 408, 410, -1,
      409, 410, 411, -1,
      412, 413, 414, -1,
      410, 415, 411, -1,
      411, 415, 416, -1,
      411, 416, 417, -1,
      417, 416, 412, -1,
      417, 412, 418, -1,
      418, 412, 414, -1,
      11, 419, 14, -1,
      14, 419, 420, -1,
      354, 14, 364, -1,
      364, 14, 420, -1,
      364, 420, 415, -1,
      415, 420, 421, -1,
      415, 421, 416, -1,
      422, 419, 423, -1,
      423, 419, 11, -1,
      423, 11, 424, -1,
      424, 11, 10, -1,
      425, 426, 427, -1,
      353, 343, 13, -1,
      13, 343, 425, -1,
      13, 425, 14, -1,
      14, 425, 427, -1,
      14, 427, 11, -1,
      11, 427, 428, -1,
      11, 428, 429, -1,
      430, 431, 432, -1,
      432, 431, 433, -1,
      432, 433, 425, -1,
      425, 433, 434, -1,
      425, 434, 426, -1,
      429, 435, 11, -1,
      11, 435, 436, -1,
      11, 436, 9, -1,
      437, 438, 439, -1,
      437, 439, 407, -1,
      438, 440, 439, -1,
      439, 440, 441, -1,
      439, 441, 432, -1,
      432, 441, 442, -1,
      432, 442, 430, -1,
      443, 444, 445, -1,
      445, 444, 446, -1,
      447, 448, 449, -1,
      8, 7, 449, -1,
      449, 7, 450, -1,
      449, 450, 447, -1,
      443, 445, 451, -1,
      451, 445, 452, -1,
      451, 452, 453, -1,
      454, 453, 447, -1,
      447, 453, 452, -1,
      447, 452, 448, -1,
      448, 452, 455, -1,
      448, 455, 456, -1,
      447, 457, 454, -1,
      454, 457, 458, -1,
      454, 458, 459, -1,
      455, 460, 456, -1,
      456, 460, 461, -1,
      456, 461, 408, -1,
      408, 461, 6, -1,
      408, 6, 410, -1,
      410, 6, 8, -1,
      462, 463, 464, -1,
      464, 463, 185, -1,
      464, 185, 465, -1,
      465, 185, 187, -1,
      465, 187, 466, -1,
      463, 467, 185, -1,
      185, 467, 468, -1,
      185, 468, 183, -1,
      183, 468, 469, -1,
      183, 469, 267, -1,
      267, 469, 470, -1,
      267, 470, 194, -1,
      194, 470, 471, -1,
      194, 471, 200, -1,
      200, 471, 241, -1,
      200, 241, 208, -1,
      208, 241, 239, -1,
      208, 239, 210, -1,
      24, 23, 33, -1,
      33, 23, 246, -1,
      33, 246, 472, -1,
      472, 246, 17, -1,
      472, 17, 240, -1,
      240, 17, 16, -1,
      240, 16, 238, -1,
      473, 251, 5, -1,
      5, 251, 246, -1,
      5, 246, 3, -1,
      3, 246, 23, -1,
      3, 23, 474, -1,
      22, 171, 23, -1,
      23, 171, 475, -1,
      23, 475, 474, -1,
      19, 264, 20, -1,
      20, 264, 364, -1,
      20, 364, 191, -1,
      191, 364, 415, -1,
      191, 415, 192, -1,
      192, 415, 410, -1,
      192, 410, 271, -1,
      271, 410, 8, -1,
      271, 8, 181, -1,
      181, 8, 449, -1,
      181, 449, 177, -1,
      473, 475, 251, -1,
      251, 475, 171, -1,
      251, 171, 476, -1,
      476, 171, 83, -1,
      477, 478, 448, -1,
      479, 480, 481, -1,
      482, 483, 478, -1,
      478, 483, 484, -1,
      481, 477, 479, -1,
      479, 477, 448, -1,
      479, 448, 485, -1,
      485, 448, 486, -1,
      485, 486, 487, -1,
      487, 486, 488, -1,
      489, 490, 491, -1,
      491, 490, 492, -1,
      491, 492, 478, -1,
      478, 492, 493, -1,
      478, 493, 482, -1,
      187, 178, 466, -1,
      466, 178, 177, -1,
      466, 177, 488, -1,
      488, 177, 449, -1,
      488, 449, 487, -1,
      487, 449, 491, -1,
      494, 449, 495, -1,
      495, 449, 448, -1,
      495, 448, 496, -1,
      496, 448, 478, -1,
      496, 478, 497, -1,
      497, 478, 484, -1,
      498, 499, 491, -1,
      491, 499, 500, -1,
      491, 500, 489, -1,
      494, 501, 449, -1,
      449, 501, 502, -1,
      449, 502, 491, -1,
      491, 502, 503, -1,
      491, 503, 498, -1,
      259, 249, 254, -1,
      254, 249, 251, -1,
      254, 251, 261, -1,
      261, 251, 476, -1,
      261, 476, 296, -1,
      296, 476, 504, -1,
      505, 89, 504, -1,
      506, 507, 508, -1,
      508, 507, 509, -1,
      508, 509, 510, -1,
      89, 505, 83, -1,
      83, 505, 511, -1,
      83, 511, 476, -1,
      476, 511, 512, -1,
      476, 512, 513, -1,
      514, 515, 513, -1,
      513, 515, 510, -1,
      513, 510, 476, -1,
      476, 510, 509, -1,
      476, 509, 504, -1,
      504, 509, 516, -1,
      504, 516, 505, -1,
      407, 439, 408, -1,
      408, 439, 517, -1,
      408, 517, 456, -1,
      456, 517, 2, -1,
      456, 2, 448, -1,
      448, 2, 1, -1,
      448, 1, 486, -1,
      74, 76, 89, -1,
      89, 76, 518, -1,
      89, 518, 504, -1,
      504, 518, 344, -1,
      504, 344, 296, -1,
      296, 344, 346, -1,
      296, 346, 294, -1,
      519, 0, 520, -1,
      520, 0, 2, -1,
      520, 2, 521, -1,
      521, 2, 517, -1,
      521, 517, 522, -1,
      522, 517, 439, -1,
      522, 439, 523, -1,
      523, 439, 432, -1,
      523, 432, 524, -1,
      524, 432, 425, -1,
      524, 425, 525, -1,
      525, 425, 343, -1,
      525, 343, 526, -1,
      526, 343, 344, -1,
      526, 344, 527, -1,
      527, 344, 518, -1,
      527, 518, 528, -1,
      528, 518, 76, -1,
      528, 76, 65, -1,
      65, 76, 80, -1,
      65, 80, 66, -1,
      32, 529, 37, -1,
      37, 529, 530, -1,
      37, 530, 39, -1,
      39, 530, 531, -1,
      39, 531, 56, -1,
      56, 531, 532, -1,
      56, 532, 52, -1,
      52, 532, 533, -1,
      52, 533, 71, -1,
      71, 533, 534, -1,
      71, 534, 68, -1,
      68, 534, 535, -1,
      529, 536, 537, -1,
      538, 539, 535, -1,
      540, 538, 541, -1,
      541, 538, 535, -1,
      541, 535, 534, -1,
      542, 543, 544, -1,
      545, 538, 546, -1,
      546, 538, 540, -1,
      546, 540, 547, -1,
      548, 549, 550, -1,
      534, 533, 541, -1,
      541, 533, 532, -1,
      541, 532, 551, -1,
      551, 532, 531, -1,
      551, 531, 530, -1,
      530, 529, 551, -1,
      551, 529, 537, -1,
      551, 537, 552, -1,
      552, 537, 548, -1,
      553, 548, 554, -1,
      554, 548, 550, -1,
      554, 550, 543, -1,
      543, 550, 555, -1,
      543, 555, 544, -1,
      544, 555, 556, -1,
      544, 538, 542, -1,
      542, 538, 545, -1,
      542, 545, 553, -1,
      553, 545, 557, -1,
      553, 557, 548, -1,
      548, 557, 547, -1,
      548, 547, 552, -1,
      552, 547, 540, -1,
      1, 0, 558, -1,
      559, 560, 561, -1,
      562, 563, 564, -1,
      564, 563, 565, -1,
      564, 565, 566, -1,
      567, 568, 569, -1,
      569, 568, 570, -1,
      569, 570, 571, -1,
      571, 570, 563, -1,
      571, 563, 572, -1,
      572, 563, 562, -1,
      572, 562, 567, -1,
      567, 562, 568, -1,
      573, 574, 575, -1,
      576, 577, 578, -1,
      579, 580, 581, -1,
      581, 580, 582, -1,
      581, 582, 576, -1,
      576, 582, 583, -1,
      576, 583, 584, -1,
      584, 583, 585, -1,
      558, 586, 584, -1,
      586, 558, 587, -1,
      587, 558, 0, -1,
      587, 0, 519, -1,
      560, 559, 588, -1,
      588, 559, 589, -1,
      588, 589, 590, -1,
      590, 589, 591, -1,
      590, 591, 592, -1,
      592, 591, 568, -1,
      592, 568, 593, -1,
      593, 568, 562, -1,
      593, 562, 561, -1,
      561, 562, 594, -1,
      561, 594, 559, -1,
      594, 595, 596, -1,
      595, 594, 597, -1,
      597, 594, 562, -1,
      597, 562, 598, -1,
      598, 562, 579, -1,
      598, 579, 599, -1,
      599, 579, 600, -1,
      599, 600, 601, -1,
      601, 600, 602, -1,
      601, 602, 596, -1,
      596, 602, 573, -1,
      596, 573, 594, -1,
      594, 573, 575, -1,
      594, 575, 559, -1,
      603, 602, 604, -1,
      604, 602, 600, -1,
      604, 600, 605, -1,
      605, 600, 606, -1,
      605, 606, 607, -1,
      607, 606, 608, -1,
      607, 608, 609, -1,
      609, 608, 610, -1,
      609, 610, 581, -1,
      581, 610, 611, -1,
      581, 611, 579, -1,
      579, 611, 612, -1,
      579, 612, 600, -1,
      600, 612, 613, -1,
      600, 613, 606, -1,
      585, 580, 584, -1,
      584, 580, 579, -1,
      584, 579, 558, -1,
      558, 579, 614, -1,
      558, 614, 564, -1,
      564, 614, 615, -1,
      564, 615, 562, -1,
      562, 615, 616, -1,
      562, 616, 579, -1,
      579, 616, 617, -1,
      579, 617, 614, -1,
      566, 462, 564, -1,
      564, 462, 464, -1,
      564, 464, 465, -1,
      465, 466, 564, -1,
      564, 466, 488, -1,
      564, 488, 558, -1,
      558, 488, 486, -1,
      558, 486, 1, -1,
      576, 578, 581, -1,
      581, 578, 618, -1,
      581, 618, 609, -1,
      609, 618, 619, -1,
      609, 619, 607, -1,
      620, 537, 621, -1,
      621, 537, 536, -1,
      622, 623, 624, -1,
      624, 625, 622, -1,
      622, 625, 626, -1,
      622, 626, 627, -1,
      628, 629, 544, -1,
      544, 629, 630, -1,
      544, 630, 631, -1,
      632, 633, 577, -1,
      577, 633, 634, -1,
      635, 636, 538, -1,
      538, 636, 637, -1,
      538, 637, 638, -1,
      634, 639, 640, -1,
      641, 642, 643, -1,
      643, 642, 622, -1,
      643, 622, 644, -1,
      644, 622, 627, -1,
      641, 645, 642, -1,
      642, 645, 646, -1,
      642, 646, 544, -1,
      544, 646, 647, -1,
      544, 647, 628, -1,
      623, 622, 619, -1,
      619, 622, 648, -1,
      619, 648, 649, -1,
      638, 650, 538, -1,
      538, 650, 651, -1,
      538, 651, 652, -1,
      652, 651, 653, -1,
      653, 654, 652, -1,
      652, 654, 655, -1,
      652, 655, 634, -1,
      634, 655, 656, -1,
      634, 656, 657, -1,
      657, 658, 634, -1,
      634, 658, 659, -1,
      634, 659, 639, -1,
      631, 660, 544, -1,
      544, 660, 661, -1,
      544, 661, 538, -1,
      538, 661, 662, -1,
      538, 662, 663, -1,
      663, 664, 665, -1,
      640, 666, 634, -1,
      634, 666, 667, -1,
      634, 667, 577, -1,
      577, 667, 668, -1,
      577, 668, 578, -1,
      578, 668, 669, -1,
      578, 669, 618, -1,
      618, 669, 670, -1,
      618, 670, 619, -1,
      619, 670, 671, -1,
      619, 671, 623, -1,
      665, 672, 663, -1,
      663, 672, 673, -1,
      663, 673, 538, -1,
      538, 673, 674, -1,
      538, 674, 635, -1,
      666, 675, 667, -1,
      667, 675, 676, -1,
      667, 676, 663, -1,
      663, 676, 677, -1,
      663, 677, 664, -1,
      678, 679, 634, -1,
      634, 679, 680, -1,
      634, 680, 652, -1,
      652, 680, 681, -1,
      681, 682, 652, -1,
      652, 682, 520, -1,
      652, 520, 683, -1,
      566, 565, 684, -1,
      685, 463, 686, -1,
      686, 463, 462, -1,
      686, 462, 687, -1,
      687, 462, 566, -1,
      687, 566, 688, -1,
      688, 566, 684, -1,
      689, 587, 690, -1,
      690, 587, 519, -1,
      690, 519, 682, -1,
      682, 519, 520, -1,
      689, 679, 587, -1,
      587, 679, 678, -1,
      587, 678, 586, -1,
      691, 692, 565, -1,
      565, 692, 693, -1,
      565, 693, 684, -1,
      463, 685, 694, -1,
      688, 684, 695, -1,
      695, 684, 693, -1,
      695, 693, 694, -1,
      694, 693, 620, -1,
      694, 620, 463, -1,
      463, 620, 621, -1,
      696, 697, 575, -1,
      575, 697, 698, -1,
      575, 698, 699, -1,
      697, 696, 700, -1,
      701, 702, 703, -1,
      700, 704, 697, -1,
      697, 704, 701, -1,
      697, 701, 705, -1,
      705, 701, 703, -1,
      705, 703, 706, -1,
      707, 692, 708, -1,
      708, 692, 691, -1,
      709, 710, 632, -1,
      632, 710, 633, -1,
      708, 691, 563, -1,
      563, 691, 565, -1,
      584, 586, 709, -1,
      709, 586, 710, -1,
      711, 699, 712, -1,
      712, 699, 698, -1,
      705, 548, 697, -1,
      697, 548, 537, -1,
      697, 537, 693, -1,
      693, 537, 620, -1,
      693, 692, 707, -1,
      712, 698, 589, -1,
      589, 698, 697, -1,
      707, 570, 693, -1,
      693, 570, 568, -1,
      693, 568, 697, -1,
      697, 568, 591, -1,
      697, 591, 589, -1,
      549, 548, 706, -1,
      706, 548, 705, -1,
      649, 648, 713, -1,
      713, 648, 714, -1,
      715, 716, 540, -1,
      540, 716, 552, -1,
      717, 715, 541, -1,
      541, 715, 540, -1,
      718, 717, 551, -1,
      551, 717, 541, -1,
      716, 718, 552, -1,
      552, 718, 551, -1,
      719, 720, 543, -1,
      543, 720, 554, -1,
      721, 719, 542, -1,
      542, 719, 543, -1,
      722, 721, 553, -1,
      553, 721, 542, -1,
      720, 722, 554, -1,
      554, 722, 553, -1,
      719, 723, 720, -1,
      720, 723, 724, -1,
      720, 724, 725, -1,
      721, 726, 719, -1,
      719, 726, 727, -1,
      727, 728, 719, -1,
      719, 728, 729, -1,
      719, 729, 730, -1,
      725, 731, 720, -1,
      720, 731, 732, -1,
      720, 732, 733, -1,
      730, 734, 719, -1,
      719, 734, 735, -1,
      719, 735, 723, -1,
      733, 736, 720, -1,
      720, 736, 737, -1,
      720, 737, 722, -1,
      722, 737, 738, -1,
      722, 738, 739, -1,
      740, 721, 741, -1,
      741, 721, 722, -1,
      741, 722, 742, -1,
      742, 722, 743, -1,
      740, 744, 721, -1,
      721, 744, 745, -1,
      721, 745, 746, -1,
      746, 747, 721, -1,
      721, 747, 748, -1,
      721, 748, 726, -1,
      739, 749, 722, -1,
      722, 749, 750, -1,
      722, 750, 743, -1,
      740, 741, 751, -1,
      751, 741, 752, -1,
      753, 754, 737, -1,
      737, 754, 738, -1,
      755, 756, 723, -1,
      723, 756, 724, -1,
      757, 758, 726, -1,
      726, 758, 727, -1,
      759, 760, 761, -1,
      761, 760, 762, -1,
      763, 764, 765, -1,
      765, 764, 766, -1,
      767, 768, 769, -1,
      769, 768, 770, -1,
      771, 772, 773, -1,
      773, 772, 774, -1,
      775, 776, 777, -1,
      777, 776, 778, -1,
      779, 780, 781, -1,
      781, 780, 782, -1,
      783, 777, 717, -1,
      717, 777, 715, -1,
      715, 777, 778, -1,
      715, 778, 784, -1,
      784, 785, 715, -1,
      715, 785, 786, -1,
      715, 786, 787, -1,
      787, 788, 715, -1,
      715, 788, 772, -1,
      715, 772, 716, -1,
      716, 772, 771, -1,
      716, 771, 789, -1,
      789, 790, 716, -1,
      716, 790, 791, -1,
      716, 791, 792, -1,
      792, 793, 716, -1,
      716, 793, 769, -1,
      716, 769, 718, -1,
      718, 769, 770, -1,
      718, 770, 794, -1,
      795, 796, 717, -1,
      794, 797, 718, -1,
      718, 797, 798, -1,
      718, 798, 799, -1,
      799, 800, 718, -1,
      718, 800, 765, -1,
      718, 765, 717, -1,
      717, 765, 766, -1,
      717, 766, 795, -1,
      796, 801, 717, -1,
      717, 801, 802, -1,
      717, 802, 783, -1,
      661, 660, 803, -1,
      631, 804, 660, -1,
      660, 804, 805, -1,
      660, 805, 803, -1,
      630, 806, 631, -1,
      631, 806, 807, -1,
      631, 807, 804, -1,
      629, 808, 630, -1,
      630, 808, 809, -1,
      630, 809, 806, -1,
      628, 810, 629, -1,
      629, 810, 811, -1,
      629, 811, 808, -1,
      647, 812, 628, -1,
      628, 812, 813, -1,
      628, 813, 810, -1,
      646, 814, 647, -1,
      647, 814, 815, -1,
      647, 815, 812, -1,
      645, 816, 646, -1,
      646, 816, 817, -1,
      646, 817, 814, -1,
      641, 818, 645, -1,
      645, 818, 819, -1,
      645, 819, 816, -1,
      643, 820, 641, -1,
      641, 820, 821, -1,
      641, 821, 818, -1,
      644, 822, 643, -1,
      643, 822, 823, -1,
      643, 823, 820, -1,
      627, 824, 644, -1,
      644, 824, 825, -1,
      644, 825, 822, -1,
      626, 826, 627, -1,
      627, 826, 827, -1,
      627, 827, 824, -1,
      625, 828, 626, -1,
      626, 828, 829, -1,
      626, 829, 826, -1,
      624, 830, 625, -1,
      625, 830, 831, -1,
      625, 831, 828, -1,
      623, 832, 624, -1,
      624, 832, 833, -1,
      624, 833, 830, -1,
      671, 834, 623, -1,
      623, 834, 835, -1,
      623, 835, 832, -1,
      670, 836, 671, -1,
      671, 836, 837, -1,
      671, 837, 834, -1,
      669, 838, 670, -1,
      670, 838, 839, -1,
      670, 839, 836, -1,
      668, 840, 669, -1,
      669, 840, 841, -1,
      669, 841, 838, -1,
      667, 842, 668, -1,
      668, 842, 843, -1,
      668, 843, 840, -1,
      663, 844, 667, -1,
      667, 844, 845, -1,
      667, 845, 842, -1,
      662, 846, 663, -1,
      663, 846, 847, -1,
      663, 847, 844, -1,
      803, 848, 661, -1,
      661, 848, 849, -1,
      661, 849, 662, -1,
      662, 849, 850, -1,
      662, 850, 846, -1,
      851, 852, 853, -1,
      851, 853, 854, -1,
      855, 856, 853, -1,
      853, 856, 857, -1,
      853, 857, 854, -1,
      858, 859, 853, -1,
      853, 859, 860, -1,
      853, 860, 855, -1,
      861, 862, 853, -1,
      853, 862, 863, -1,
      853, 863, 858, -1,
      864, 865, 853, -1,
      853, 865, 866, -1,
      853, 866, 861, -1,
      867, 868, 853, -1,
      853, 868, 869, -1,
      853, 869, 864, -1,
      870, 871, 853, -1,
      853, 871, 872, -1,
      853, 872, 867, -1,
      873, 874, 853, -1,
      853, 874, 875, -1,
      853, 875, 870, -1,
      852, 876, 853, -1,
      853, 876, 877, -1,
      853, 877, 873, -1,
      674, 673, 878, -1,
      672, 879, 673, -1,
      673, 879, 880, -1,
      673, 880, 878, -1,
      665, 881, 672, -1,
      672, 881, 882, -1,
      672, 882, 879, -1,
      664, 883, 665, -1,
      665, 883, 884, -1,
      665, 884, 881, -1,
      677, 885, 664, -1,
      664, 885, 886, -1,
      664, 886, 883, -1,
      676, 887, 677, -1,
      677, 887, 888, -1,
      677, 888, 885, -1,
      675, 889, 676, -1,
      676, 889, 890, -1,
      676, 890, 887, -1,
      666, 891, 675, -1,
      675, 891, 892, -1,
      675, 892, 889, -1,
      640, 893, 666, -1,
      666, 893, 894, -1,
      666, 894, 891, -1,
      639, 895, 640, -1,
      640, 895, 896, -1,
      640, 896, 893, -1,
      659, 897, 639, -1,
      639, 897, 898, -1,
      639, 898, 895, -1,
      658, 899, 659, -1,
      659, 899, 900, -1,
      659, 900, 897, -1,
      657, 901, 658, -1,
      658, 901, 902, -1,
      658, 902, 899, -1,
      656, 903, 657, -1,
      657, 903, 904, -1,
      657, 904, 901, -1,
      655, 905, 656, -1,
      656, 905, 906, -1,
      656, 906, 903, -1,
      654, 907, 655, -1,
      655, 907, 908, -1,
      655, 908, 905, -1,
      653, 909, 654, -1,
      654, 909, 910, -1,
      654, 910, 907, -1,
      651, 911, 653, -1,
      653, 911, 912, -1,
      653, 912, 909, -1,
      650, 913, 651, -1,
      651, 913, 914, -1,
      651, 914, 911, -1,
      638, 915, 650, -1,
      650, 915, 916, -1,
      650, 916, 913, -1,
      637, 917, 638, -1,
      638, 917, 918, -1,
      638, 918, 915, -1,
      636, 919, 637, -1,
      637, 919, 920, -1,
      637, 920, 917, -1,
      635, 921, 636, -1,
      636, 921, 922, -1,
      636, 922, 919, -1,
      878, 923, 674, -1,
      674, 923, 924, -1,
      674, 924, 635, -1,
      635, 924, 925, -1,
      635, 925, 921, -1,
      926, 927, 928, -1,
      926, 928, 929, -1,
      930, 931, 928, -1,
      928, 931, 932, -1,
      928, 932, 929, -1,
      933, 934, 928, -1,
      928, 934, 935, -1,
      928, 935, 930, -1,
      936, 937, 928, -1,
      928, 937, 938, -1,
      928, 938, 933, -1,
      939, 940, 928, -1,
      928, 940, 941, -1,
      928, 941, 936, -1,
      942, 943, 928, -1,
      928, 943, 944, -1,
      928, 944, 939, -1,
      945, 946, 928, -1,
      928, 946, 947, -1,
      928, 947, 942, -1,
      948, 949, 928, -1,
      928, 949, 950, -1,
      928, 950, 945, -1,
      927, 951, 928, -1,
      928, 951, 952, -1,
      928, 952, 948, -1,
      953, 954, 882, -1,
      882, 881, 953, -1,
      953, 881, 884, -1,
      953, 884, 955, -1,
      884, 883, 955, -1,
      955, 883, 886, -1,
      955, 886, 956, -1,
      886, 885, 956, -1,
      956, 885, 888, -1,
      956, 888, 957, -1,
      888, 887, 957, -1,
      957, 887, 890, -1,
      957, 890, 958, -1,
      958, 890, 889, -1,
      958, 889, 959, -1,
      889, 892, 959, -1,
      959, 892, 891, -1,
      959, 891, 960, -1,
      891, 894, 960, -1,
      960, 894, 893, -1,
      960, 893, 961, -1,
      893, 896, 961, -1,
      961, 896, 895, -1,
      961, 895, 962, -1,
      962, 895, 898, -1,
      898, 897, 962, -1,
      962, 897, 900, -1,
      962, 900, 963, -1,
      900, 899, 963, -1,
      963, 899, 902, -1,
      963, 902, 964, -1,
      964, 902, 901, -1,
      964, 901, 965, -1,
      965, 901, 904, -1,
      965, 904, 966, -1,
      904, 903, 966, -1,
      966, 903, 906, -1,
      966, 906, 967, -1,
      906, 905, 967, -1,
      967, 905, 908, -1,
      967, 908, 968, -1,
      908, 907, 968, -1,
      968, 907, 910, -1,
      968, 910, 969, -1,
      910, 909, 969, -1,
      969, 909, 912, -1,
      969, 912, 970, -1,
      970, 912, 911, -1,
      970, 911, 971, -1,
      911, 914, 971, -1,
      971, 914, 913, -1,
      971, 913, 972, -1,
      913, 916, 972, -1,
      972, 916, 915, -1,
      972, 915, 973, -1,
      915, 918, 973, -1,
      973, 918, 917, -1,
      973, 917, 974, -1,
      917, 920, 974, -1,
      974, 920, 919, -1,
      974, 919, 975, -1,
      975, 919, 922, -1,
      922, 921, 975, -1,
      975, 921, 925, -1,
      975, 925, 976, -1,
      925, 924, 976, -1,
      976, 924, 923, -1,
      976, 923, 977, -1,
      977, 923, 878, -1,
      977, 878, 978, -1,
      978, 878, 880, -1,
      978, 880, 954, -1,
      954, 880, 879, -1,
      954, 879, 882, -1,
      977, 979, 976, -1,
      976, 979, 980, -1,
      976, 980, 975, -1,
      975, 980, 981, -1,
      975, 981, 974, -1,
      974, 981, 982, -1,
      974, 982, 973, -1,
      973, 982, 983, -1,
      973, 983, 972, -1,
      972, 983, 984, -1,
      972, 984, 971, -1,
      971, 984, 985, -1,
      971, 985, 970, -1,
      970, 985, 986, -1,
      970, 986, 969, -1,
      969, 986, 987, -1,
      969, 987, 968, -1,
      968, 987, 988, -1,
      968, 988, 967, -1,
      967, 988, 989, -1,
      967, 989, 966, -1,
      966, 989, 990, -1,
      966, 990, 965, -1,
      965, 990, 991, -1,
      965, 991, 964, -1,
      964, 991, 992, -1,
      964, 992, 963, -1,
      963, 992, 993, -1,
      963, 993, 962, -1,
      962, 993, 994, -1,
      962, 994, 961, -1,
      961, 994, 995, -1,
      961, 995, 960, -1,
      960, 995, 996, -1,
      960, 996, 959, -1,
      959, 996, 997, -1,
      959, 997, 958, -1,
      958, 997, 998, -1,
      958, 998, 957, -1,
      957, 998, 999, -1,
      957, 999, 956, -1,
      956, 999, 1000, -1,
      956, 1000, 955, -1,
      955, 1000, 1001, -1,
      955, 1001, 953, -1,
      953, 1001, 1002, -1,
      953, 1002, 954, -1,
      954, 1002, 1003, -1,
      954, 1003, 978, -1,
      978, 1003, 1004, -1,
      978, 1004, 977, -1,
      977, 1004, 979, -1,
      1004, 1005, 979, -1,
      979, 1005, 1006, -1,
      979, 1006, 980, -1,
      980, 1006, 1007, -1,
      980, 1007, 981, -1,
      981, 1007, 1008, -1,
      981, 1008, 982, -1,
      982, 1008, 1009, -1,
      982, 1009, 983, -1,
      983, 1009, 1010, -1,
      983, 1010, 984, -1,
      984, 1010, 1011, -1,
      984, 1011, 985, -1,
      985, 1011, 1012, -1,
      985, 1012, 986, -1,
      986, 1012, 1013, -1,
      986, 1013, 987, -1,
      987, 1013, 1014, -1,
      987, 1014, 988, -1,
      988, 1014, 1015, -1,
      988, 1015, 989, -1,
      989, 1015, 1016, -1,
      989, 1016, 990, -1,
      990, 1016, 1017, -1,
      990, 1017, 991, -1,
      991, 1017, 1018, -1,
      991, 1018, 992, -1,
      992, 1018, 1019, -1,
      992, 1019, 993, -1,
      993, 1019, 1020, -1,
      993, 1020, 994, -1,
      994, 1020, 1021, -1,
      994, 1021, 995, -1,
      995, 1021, 1022, -1,
      995, 1022, 996, -1,
      996, 1022, 1023, -1,
      996, 1023, 997, -1,
      997, 1023, 1024, -1,
      997, 1024, 998, -1,
      998, 1024, 1025, -1,
      998, 1025, 999, -1,
      999, 1025, 1026, -1,
      999, 1026, 1000, -1,
      1000, 1026, 1027, -1,
      1000, 1027, 1001, -1,
      1001, 1027, 1028, -1,
      1001, 1028, 1002, -1,
      1002, 1028, 1029, -1,
      1002, 1029, 1003, -1,
      1003, 1029, 1030, -1,
      1003, 1030, 1004, -1,
      1004, 1030, 1005, -1,
      1030, 1031, 1005, -1,
      1005, 1031, 1032, -1,
      1005, 1032, 1006, -1,
      1006, 1032, 1033, -1,
      1006, 1033, 1007, -1,
      1007, 1033, 1034, -1,
      1007, 1034, 1008, -1,
      1008, 1034, 1035, -1,
      1008, 1035, 1009, -1,
      1009, 1035, 1036, -1,
      1009, 1036, 1010, -1,
      1010, 1036, 1037, -1,
      1010, 1037, 1011, -1,
      1011, 1037, 1038, -1,
      1011, 1038, 1012, -1,
      1012, 1038, 1039, -1,
      1012, 1039, 1013, -1,
      1013, 1039, 1040, -1,
      1013, 1040, 1014, -1,
      1014, 1040, 1041, -1,
      1014, 1041, 1015, -1,
      1015, 1041, 1042, -1,
      1015, 1042, 1016, -1,
      1016, 1042, 1043, -1,
      1016, 1043, 1017, -1,
      1017, 1043, 1044, -1,
      1017, 1044, 1018, -1,
      1018, 1044, 1045, -1,
      1018, 1045, 1019, -1,
      1019, 1045, 1046, -1,
      1019, 1046, 1020, -1,
      1020, 1046, 1047, -1,
      1020, 1047, 1021, -1,
      1021, 1047, 1048, -1,
      1021, 1048, 1022, -1,
      1022, 1048, 1049, -1,
      1022, 1049, 1023, -1,
      1023, 1049, 1050, -1,
      1023, 1050, 1024, -1,
      1024, 1050, 1051, -1,
      1024, 1051, 1025, -1,
      1025, 1051, 1052, -1,
      1025, 1052, 1026, -1,
      1026, 1052, 1053, -1,
      1026, 1053, 1027, -1,
      1027, 1053, 1054, -1,
      1027, 1054, 1028, -1,
      1028, 1054, 1055, -1,
      1028, 1055, 1029, -1,
      1029, 1055, 1056, -1,
      1029, 1056, 1030, -1,
      1030, 1056, 1031, -1,
      1056, 1057, 1031, -1,
      1031, 1057, 1058, -1,
      1031, 1058, 1032, -1,
      1032, 1058, 1059, -1,
      1032, 1059, 1033, -1,
      1033, 1059, 1060, -1,
      1033, 1060, 1034, -1,
      1034, 1060, 1061, -1,
      1034, 1061, 1035, -1,
      1035, 1061, 1062, -1,
      1035, 1062, 1036, -1,
      1036, 1062, 1063, -1,
      1036, 1063, 1037, -1,
      1037, 1063, 1064, -1,
      1037, 1064, 1038, -1,
      1038, 1064, 1065, -1,
      1038, 1065, 1039, -1,
      1039, 1065, 1066, -1,
      1039, 1066, 1040, -1,
      1040, 1066, 1067, -1,
      1040, 1067, 1041, -1,
      1041, 1067, 1068, -1,
      1041, 1068, 1042, -1,
      1042, 1068, 1069, -1,
      1042, 1069, 1043, -1,
      1043, 1069, 1070, -1,
      1043, 1070, 1044, -1,
      1044, 1070, 1071, -1,
      1044, 1071, 1045, -1,
      1045, 1071, 1072, -1,
      1045, 1072, 1046, -1,
      1046, 1072, 1073, -1,
      1046, 1073, 1047, -1,
      1047, 1073, 1074, -1,
      1047, 1074, 1048, -1,
      1048, 1074, 1075, -1,
      1048, 1075, 1049, -1,
      1049, 1075, 1076, -1,
      1049, 1076, 1050, -1,
      1050, 1076, 1077, -1,
      1050, 1077, 1051, -1,
      1051, 1077, 1078, -1,
      1051, 1078, 1052, -1,
      1052, 1078, 1079, -1,
      1052, 1079, 1053, -1,
      1053, 1079, 1080, -1,
      1053, 1080, 1054, -1,
      1054, 1080, 1081, -1,
      1054, 1081, 1055, -1,
      1055, 1081, 1082, -1,
      1055, 1082, 1056, -1,
      1056, 1082, 1057, -1,
      1082, 929, 1057, -1,
      1057, 929, 932, -1,
      1057, 932, 1058, -1,
      1058, 932, 931, -1,
      1058, 931, 1059, -1,
      1059, 931, 930, -1,
      1059, 930, 1060, -1,
      1060, 930, 935, -1,
      1060, 935, 1061, -1,
      1061, 935, 934, -1,
      1061, 934, 1062, -1,
      1062, 934, 933, -1,
      1062, 933, 1063, -1,
      1063, 933, 938, -1,
      1063, 938, 1064, -1,
      1064, 938, 937, -1,
      1064, 937, 1065, -1,
      1065, 937, 936, -1,
      1065, 936, 1066, -1,
      1066, 936, 941, -1,
      1066, 941, 1067, -1,
      1067, 941, 940, -1,
      1067, 940, 1068, -1,
      1068, 940, 939, -1,
      1068, 939, 1069, -1,
      1069, 939, 944, -1,
      1069, 944, 1070, -1,
      1070, 944, 943, -1,
      1070, 943, 1071, -1,
      1071, 943, 942, -1,
      1071, 942, 1072, -1,
      1072, 942, 947, -1,
      1072, 947, 1073, -1,
      1073, 947, 946, -1,
      1073, 946, 1074, -1,
      1074, 946, 945, -1,
      1074, 945, 1075, -1,
      1075, 945, 950, -1,
      1075, 950, 1076, -1,
      1076, 950, 949, -1,
      1076, 949, 1077, -1,
      1077, 949, 948, -1,
      1077, 948, 1078, -1,
      1078, 948, 952, -1,
      1078, 952, 1079, -1,
      1079, 952, 951, -1,
      1079, 951, 1080, -1,
      1080, 951, 927, -1,
      1080, 927, 1081, -1,
      1081, 927, 926, -1,
      1081, 926, 1082, -1,
      1082, 926, 929, -1,
      829, 828, 1083, -1,
      831, 830, 1084, -1,
      833, 832, 1085, -1,
      835, 834, 1086, -1,
      843, 842, 1087, -1,
      845, 844, 1088, -1,
      847, 846, 1089, -1,
      850, 849, 1090, -1,
      805, 804, 1091, -1,
      807, 806, 1092, -1,
      809, 808, 1093, -1,
      811, 810, 1094, -1,
      819, 818, 1095, -1,
      821, 820, 1096, -1,
      823, 822, 1097, -1,
      825, 824, 1098, -1,
      860, 859, 1099, -1,
      1099, 859, 1100, -1,
      1099, 1100, 1101, -1,
      871, 870, 1102, -1,
      1102, 870, 1103, -1,
      1102, 1103, 1104, -1,
      855, 860, 1105, -1,
      1105, 860, 1099, -1,
      1105, 1099, 1106, -1,
      1106, 1099, 1101, -1,
      1106, 1101, 1107, -1,
      872, 871, 1108, -1,
      1108, 871, 1102, -1,
      1108, 1102, 1109, -1,
      1109, 1102, 1104, -1,
      1109, 1104, 1110, -1,
      856, 855, 1111, -1,
      1111, 855, 1105, -1,
      1111, 1105, 1112, -1,
      1112, 1105, 1106, -1,
      1112, 1106, 1113, -1,
      1113, 1106, 1107, -1,
      1113, 1107, 1114, -1,
      867, 872, 1115, -1,
      1115, 872, 1108, -1,
      1115, 1108, 1116, -1,
      1116, 1108, 1109, -1,
      1116, 1109, 1117, -1,
      1117, 1109, 1110, -1,
      1117, 1110, 1118, -1,
      857, 856, 1119, -1,
      1119, 856, 1111, -1,
      1119, 1111, 1120, -1,
      1120, 1111, 1112, -1,
      1120, 1112, 1121, -1,
      1121, 1112, 1113, -1,
      1121, 1113, 1122, -1,
      1122, 1113, 1114, -1,
      1122, 1114, 1097, -1,
      868, 867, 1123, -1,
      1123, 867, 1115, -1,
      1123, 1115, 1124, -1,
      1124, 1115, 1116, -1,
      1124, 1116, 1125, -1,
      1125, 1116, 1117, -1,
      1125, 1117, 1126, -1,
      1126, 1117, 1118, -1,
      1126, 1118, 1089, -1,
      1127, 1128, 1129, -1,
      1130, 1131, 1132, -1,
      851, 854, 1133, -1,
      1133, 854, 1134, -1,
      1133, 1134, 1135, -1,
      1135, 1134, 1136, -1,
      1135, 1136, 1137, -1,
      1137, 1136, 1138, -1,
      1137, 1138, 1139, -1,
      1139, 1138, 1140, -1,
      1139, 1140, 1141, -1,
      1141, 1140, 1098, -1,
      1141, 1098, 827, -1,
      827, 1098, 824, -1,
      822, 825, 1097, -1,
      1097, 825, 1098, -1,
      1097, 1098, 1122, -1,
      1122, 1098, 1140, -1,
      1122, 1140, 1121, -1,
      1121, 1140, 1138, -1,
      1121, 1138, 1120, -1,
      1120, 1138, 1136, -1,
      1120, 1136, 1119, -1,
      1119, 1136, 1134, -1,
      1119, 1134, 857, -1,
      857, 1134, 854, -1,
      1100, 1142, 1101, -1,
      1101, 1142, 1143, -1,
      1101, 1143, 1107, -1,
      1107, 1143, 1144, -1,
      1107, 1144, 1114, -1,
      1114, 1144, 1096, -1,
      1114, 1096, 1097, -1,
      1097, 1096, 820, -1,
      1097, 820, 823, -1,
      1142, 1145, 1143, -1,
      1143, 1145, 1146, -1,
      1143, 1146, 1144, -1,
      1144, 1146, 1095, -1,
      1144, 1095, 1096, -1,
      1096, 1095, 818, -1,
      1096, 818, 821, -1,
      1145, 1127, 1146, -1,
      1146, 1127, 1129, -1,
      1146, 1129, 1095, -1,
      1095, 1129, 816, -1,
      1095, 816, 819, -1,
      813, 812, 1147, -1,
      1147, 812, 1128, -1,
      1147, 1128, 1148, -1,
      1148, 1128, 1127, -1,
      1148, 1127, 1149, -1,
      1149, 1127, 1145, -1,
      1149, 1145, 1150, -1,
      1150, 1145, 1142, -1,
      1150, 1142, 1151, -1,
      1151, 1142, 1100, -1,
      1151, 1100, 858, -1,
      858, 1100, 859, -1,
      812, 815, 1128, -1,
      1128, 815, 814, -1,
      1128, 814, 1129, -1,
      1129, 814, 817, -1,
      1129, 817, 816, -1,
      810, 813, 1094, -1,
      1094, 813, 1147, -1,
      1094, 1147, 1152, -1,
      1152, 1147, 1148, -1,
      1152, 1148, 1153, -1,
      1153, 1148, 1149, -1,
      1153, 1149, 1154, -1,
      1154, 1149, 1150, -1,
      1154, 1150, 1155, -1,
      1155, 1150, 1151, -1,
      1155, 1151, 863, -1,
      863, 1151, 858, -1,
      808, 811, 1093, -1,
      1093, 811, 1094, -1,
      1093, 1094, 1156, -1,
      1156, 1094, 1152, -1,
      1156, 1152, 1157, -1,
      1157, 1152, 1153, -1,
      1157, 1153, 1158, -1,
      1158, 1153, 1154, -1,
      1158, 1154, 1159, -1,
      1159, 1154, 1155, -1,
      1159, 1155, 862, -1,
      862, 1155, 863, -1,
      806, 809, 1092, -1,
      1092, 809, 1093, -1,
      1092, 1093, 1160, -1,
      1160, 1093, 1156, -1,
      1160, 1156, 1161, -1,
      1161, 1156, 1157, -1,
      1161, 1157, 1162, -1,
      1162, 1157, 1158, -1,
      1162, 1158, 1163, -1,
      1163, 1158, 1159, -1,
      1163, 1159, 861, -1,
      861, 1159, 862, -1,
      804, 807, 1091, -1,
      1091, 807, 1092, -1,
      1091, 1092, 1164, -1,
      1164, 1092, 1160, -1,
      1164, 1160, 1165, -1,
      1165, 1160, 1161, -1,
      1165, 1161, 1166, -1,
      1166, 1161, 1162, -1,
      1166, 1162, 1167, -1,
      1167, 1162, 1163, -1,
      1167, 1163, 866, -1,
      866, 1163, 861, -1,
      803, 805, 1168, -1,
      1168, 805, 1091, -1,
      1168, 1091, 1169, -1,
      1169, 1091, 1164, -1,
      1169, 1164, 1170, -1,
      1170, 1164, 1165, -1,
      1170, 1165, 1171, -1,
      1171, 1165, 1166, -1,
      1171, 1166, 1172, -1,
      1172, 1166, 1167, -1,
      1172, 1167, 865, -1,
      865, 1167, 866, -1,
      865, 864, 1172, -1,
      1172, 864, 1173, -1,
      1172, 1173, 1171, -1,
      1171, 1173, 1174, -1,
      1171, 1174, 1170, -1,
      1170, 1174, 1175, -1,
      1170, 1175, 1169, -1,
      1169, 1175, 1176, -1,
      1169, 1176, 1168, -1,
      1168, 1176, 1177, -1,
      1168, 1177, 803, -1,
      803, 1177, 848, -1,
      864, 869, 1173, -1,
      1173, 869, 1178, -1,
      1173, 1178, 1174, -1,
      1174, 1178, 1179, -1,
      1174, 1179, 1175, -1,
      1175, 1179, 1180, -1,
      1175, 1180, 1176, -1,
      1176, 1180, 1181, -1,
      1176, 1181, 1177, -1,
      1177, 1181, 1090, -1,
      1177, 1090, 848, -1,
      848, 1090, 849, -1,
      846, 850, 1089, -1,
      1089, 850, 1090, -1,
      1089, 1090, 1126, -1,
      1126, 1090, 1181, -1,
      1126, 1181, 1125, -1,
      1125, 1181, 1180, -1,
      1125, 1180, 1124, -1,
      1124, 1180, 1179, -1,
      1124, 1179, 1123, -1,
      1123, 1179, 1178, -1,
      1123, 1178, 868, -1,
      868, 1178, 869, -1,
      1103, 1182, 1104, -1,
      1104, 1182, 1183, -1,
      1104, 1183, 1110, -1,
      1110, 1183, 1184, -1,
      1110, 1184, 1118, -1,
      1118, 1184, 1088, -1,
      1118, 1088, 1089, -1,
      1089, 1088, 844, -1,
      1089, 844, 847, -1,
      1182, 1185, 1183, -1,
      1183, 1185, 1186, -1,
      1183, 1186, 1184, -1,
      1184, 1186, 1087, -1,
      1184, 1087, 1088, -1,
      1088, 1087, 842, -1,
      1088, 842, 845, -1,
      1185, 1130, 1186, -1,
      1186, 1130, 1132, -1,
      1186, 1132, 1087, -1,
      1087, 1132, 840, -1,
      1087, 840, 843, -1,
      837, 836, 1187, -1,
      1187, 836, 1131, -1,
      1187, 1131, 1188, -1,
      1188, 1131, 1130, -1,
      1188, 1130, 1189, -1,
      1189, 1130, 1185, -1,
      1189, 1185, 1190, -1,
      1190, 1185, 1182, -1,
      1190, 1182, 1191, -1,
      1191, 1182, 1103, -1,
      1191, 1103, 875, -1,
      875, 1103, 870, -1,
      836, 839, 1131, -1,
      1131, 839, 838, -1,
      1131, 838, 1132, -1,
      1132, 838, 841, -1,
      1132, 841, 840, -1,
      834, 837, 1086, -1,
      1086, 837, 1187, -1,
      1086, 1187, 1192, -1,
      1192, 1187, 1188, -1,
      1192, 1188, 1193, -1,
      1193, 1188, 1189, -1,
      1193, 1189, 1194, -1,
      1194, 1189, 1190, -1,
      1194, 1190, 1195, -1,
      1195, 1190, 1191, -1,
      1195, 1191, 874, -1,
      874, 1191, 875, -1,
      832, 835, 1085, -1,
      1085, 835, 1086, -1,
      1085, 1086, 1196, -1,
      1196, 1086, 1192, -1,
      1196, 1192, 1197, -1,
      1197, 1192, 1193, -1,
      1197, 1193, 1198, -1,
      1198, 1193, 1194, -1,
      1198, 1194, 1199, -1,
      1199, 1194, 1195, -1,
      1199, 1195, 873, -1,
      873, 1195, 874, -1,
      830, 833, 1084, -1,
      1084, 833, 1085, -1,
      1084, 1085, 1200, -1,
      1200, 1085, 1196, -1,
      1200, 1196, 1201, -1,
      1201, 1196, 1197, -1,
      1201, 1197, 1202, -1,
      1202, 1197, 1198, -1,
      1202, 1198, 1203, -1,
      1203, 1198, 1199, -1,
      1203, 1199, 877, -1,
      877, 1199, 873, -1,
      828, 831, 1083, -1,
      1083, 831, 1084, -1,
      1083, 1084, 1204, -1,
      1204, 1084, 1200, -1,
      1204, 1200, 1205, -1,
      1205, 1200, 1201, -1,
      1205, 1201, 1206, -1,
      1206, 1201, 1202, -1,
      1206, 1202, 1207, -1,
      1207, 1202, 1203, -1,
      1207, 1203, 876, -1,
      876, 1203, 877, -1,
      826, 829, 1208, -1,
      1208, 829, 1083, -1,
      1208, 1083, 1209, -1,
      1209, 1083, 1204, -1,
      1209, 1204, 1210, -1,
      1210, 1204, 1205, -1,
      1210, 1205, 1211, -1,
      1211, 1205, 1206, -1,
      1211, 1206, 1212, -1,
      1212, 1206, 1207, -1,
      1212, 1207, 852, -1,
      852, 1207, 876, -1,
      852, 851, 1212, -1,
      1212, 851, 1133, -1,
      1212, 1133, 1211, -1,
      1211, 1133, 1135, -1,
      1211, 1135, 1210, -1,
      1210, 1135, 1137, -1,
      1210, 1137, 1209, -1,
      1209, 1137, 1139, -1,
      1209, 1139, 1208, -1,
      1208, 1139, 1141, -1,
      1208, 1141, 826, -1,
      826, 1141, 827, -1,
      678, 634, 586, -1,
      586, 634, 633, -1,
      586, 633, 710, -1,
      714, 648, 604, -1,
      604, 648, 622, -1,
      604, 622, 1213, -1,
      1214, 1215, 1216, -1,
      1217, 1213, 1218, -1,
      1218, 1213, 622, -1,
      1218, 622, 1216, -1,
      1216, 622, 642, -1,
      1216, 642, 1214, -1,
      1214, 642, 1219, -1,
      559, 575, 711, -1,
      711, 575, 699, -1,
      713, 714, 605, -1,
      605, 714, 604, -1,
      713, 605, 649, -1,
      649, 605, 607, -1,
      649, 607, 619, -1,
      584, 709, 576, -1,
      576, 709, 632, -1,
      576, 632, 577, -1,
      707, 708, 570, -1,
      570, 708, 563, -1,
      589, 559, 712, -1,
      712, 559, 711, -1,
      1220, 1221, 614, -1,
      614, 1221, 615, -1,
      1221, 1222, 615, -1,
      615, 1222, 616, -1,
      1222, 1223, 616, -1,
      616, 1223, 617, -1,
      1223, 1220, 617, -1,
      617, 1220, 614, -1,
      1223, 1222, 1220, -1,
      1220, 1222, 1221, -1,
      1224, 1225, 596, -1,
      596, 1225, 601, -1,
      601, 1225, 599, -1,
      599, 1225, 1226, -1,
      599, 1226, 598, -1,
      1226, 1227, 598, -1,
      598, 1227, 597, -1,
      1224, 596, 1227, -1,
      1227, 596, 595, -1,
      1227, 595, 597, -1,
      1227, 1226, 1224, -1,
      1224, 1226, 1225, -1,
      1228, 1229, 583, -1,
      583, 1229, 585, -1,
      1229, 1230, 585, -1,
      585, 1230, 580, -1,
      1230, 1231, 580, -1,
      580, 1231, 582, -1,
      1231, 1228, 582, -1,
      582, 1228, 583, -1,
      1231, 1230, 1228, -1,
      1228, 1230, 1229, -1,
      1232, 1233, 606, -1,
      606, 1233, 608, -1,
      1234, 611, 1233, -1,
      1233, 611, 610, -1,
      1233, 610, 608, -1,
      1234, 1235, 611, -1,
      611, 1235, 612, -1,
      612, 1235, 613, -1,
      613, 1235, 1232, -1,
      613, 1232, 606, -1,
      1235, 1234, 1232, -1,
      1232, 1234, 1233, -1,
      1236, 1237, 593, -1,
      593, 1237, 592, -1,
      592, 1237, 590, -1,
      590, 1237, 1238, -1,
      590, 1238, 588, -1,
      1238, 1239, 588, -1,
      588, 1239, 560, -1,
      1236, 593, 1239, -1,
      1239, 593, 561, -1,
      1239, 561, 560, -1,
      1239, 1238, 1236, -1,
      1236, 1238, 1237, -1,
      1240, 1241, 571, -1,
      571, 1241, 569, -1,
      1241, 1242, 569, -1,
      569, 1242, 567, -1,
      1242, 1243, 567, -1,
      567, 1243, 572, -1,
      1243, 1240, 572, -1,
      572, 1240, 571, -1,
      1243, 1242, 1240, -1,
      1240, 1242, 1241, -1,
      1215, 1214, 1244, -1,
      1244, 1214, 603, -1,
      1244, 603, 1245, -1,
      1245, 603, 604, -1,
      1245, 604, 1217, -1,
      1217, 604, 1213, -1,
      700, 696, 1246, -1,
      1246, 696, 575, -1,
      1246, 575, 1247, -1,
      1247, 575, 574, -1,
      1247, 574, 702, -1,
      702, 574, 703, -1,
    ]
  }
}

Shape {
  appearance Appearance {
    material Material {
      diffuseColor 0.6471 0.6196 0.5882
      specularColor 0.4510 0.4353 0.4118
      ambientIntensity 0.2
      transparency 0.0000
      shininess 0.5
    }
  }
  geometry IndexedFaceSet {
    ccw TRUE
    solid FALSE
    coord DEF co Coordinate {
      point [
        -0.590551 -0.570866 -0.137795,
        -0.590551 -0.570866 -0.301181,
        -0.748031 -0.570866 -0.301181,
        -0.748031 -0.570866 -0.137795,
        -0.748031 -0.570866 0.137795,
        -0.748031 -0.629921 0.137795,
        -0.590551 -0.629921 0.137795,
        -0.590551 -0.570866 0.137795,
        -0.590551 -0.629921 -0.137795,
        -0.748031 -0.629921 -0.137795,
        -0.748031 -0.570866 0.328740,
        -0.590551 -0.570866 0.328740,
        0.590551 -0.570866 0.137795,
        0.748031 -0.570866 0.328740,
        0.748031 -0.570866 0.137795,
        0.590551 -0.570866 0.328740,
        0.748031 -0.570866 -0.137795,
        0.748031 -0.570866 -0.301181,
        0.590551 -0.570866 -0.137795,
        0.590551 -0.570866 -0.301181,
        0.748031 -0.629921 -0.137795,
        0.590551 -0.629921 -0.137795,
        0.590551 -0.629921 0.137795,
        0.748031 -0.629921 0.137795,
        -0.590551 -0.629921 -0.301181,
        -0.590551 -0.573549 -0.321561,
        -0.590551 -0.630415 -0.305561,
        -0.590551 -0.581415 -0.340551,
        -0.590551 -0.631871 -0.309722,
        -0.590551 -0.593929 -0.356859,
        -0.590551 -0.807087 -0.320866,
        -0.590551 -0.807087 -0.379921,
        -0.590551 -0.649606 -0.320866,
        -0.590551 -0.649606 -0.379921,
        -0.590551 -0.645226 -0.320372,
        -0.590551 -0.629227 -0.377238,
        -0.590551 -0.641065 -0.318917,
        -0.590551 -0.610236 -0.369372,
        -0.590551 -0.637333 -0.316572,
        -0.590551 -0.634216 -0.313455,
        -0.748031 -0.629921 -0.301181,
        -0.748031 -0.630415 -0.305561,
        -0.748031 -0.573549 -0.321561,
        -0.748031 -0.631871 -0.309722,
        -0.748031 -0.581415 -0.340551,
        -0.748031 -0.634216 -0.313455,
        -0.748031 -0.593929 -0.356859,
        -0.748031 -0.807087 -0.379921,
        -0.748031 -0.807087 -0.320866,
        -0.748031 -0.649606 -0.379921,
        -0.748031 -0.649606 -0.320866,
        -0.748031 -0.629227 -0.377238,
        -0.748031 -0.645226 -0.320372,
        -0.748031 -0.610236 -0.369372,
        -0.748031 -0.641065 -0.318917,
        -0.748031 -0.637333 -0.316572,
        -0.590551 -0.629921 0.328740,
        -0.748031 -0.629921 0.328740,
        0.748031 -0.629921 0.328740,
        0.590551 -0.629921 0.328740,
        0.590551 -0.629921 -0.301181,
        0.748031 -0.629921 -0.301181,
        0.748031 -0.573549 -0.321561,
        0.748031 -0.630415 -0.305561,
        0.748031 -0.581415 -0.340551,
        0.748031 -0.631871 -0.309722,
        0.748031 -0.593929 -0.356859,
        0.748031 -0.807087 -0.320866,
        0.748031 -0.807087 -0.379921,
        0.748031 -0.649606 -0.320866,
        0.748031 -0.649606 -0.379921,
        0.748031 -0.645226 -0.320372,
        0.748031 -0.629227 -0.377238,
        0.748031 -0.641065 -0.318917,
        0.748031 -0.610236 -0.369372,
        0.748031 -0.637333 -0.316572,
        0.748031 -0.634216 -0.313455,
        0.590551 -0.630415 -0.305561,
        0.590551 -0.573549 -0.321561,
        0.590551 -0.631871 -0.309722,
        0.590551 -0.581415 -0.340551,
        0.590551 -0.634216 -0.313455,
        0.590551 -0.593929 -0.356859,
        0.590551 -0.807087 -0.379921,
        0.590551 -0.807087 -0.320866,
        0.590551 -0.649606 -0.379921,
        0.590551 -0.649606 -0.320866,
        0.590551 -0.629227 -0.377238,
        0.590551 -0.645226 -0.320372,
        0.590551 -0.610236 -0.369372,
        0.590551 -0.641065 -0.318917,
        0.590551 -0.637333 -0.316572,
      ]
    }
    coordIndex [
      0, 8, 1, -1,
      1, 8, 24, -1,
      1, 24, 25, -1,
      25, 24, 26, -1,
      25, 26, 27, -1,
      27, 26, 28, -1,
      27, 28, 29, -1,
      30, 31, 32, -1,
      32, 31, 33, -1,
      32, 33, 34, -1,
      34, 33, 35, -1,
      34, 35, 36, -1,
      36, 35, 37, -1,
      36, 37, 38, -1,
      38, 37, 29, -1,
      38, 29, 39, -1,
      39, 29, 28, -1,
      9, 3, 40, -1,
      40, 3, 2, -1,
      40, 2, 41, -1,
      41, 2, 42, -1,
      41, 42, 43, -1,
      43, 42, 44, -1,
      43, 44, 45, -1,
      45, 44, 46, -1,
      47, 48, 49, -1,
      49, 48, 50, -1,
      49, 50, 51, -1,
      51, 50, 52, -1,
      51, 52, 53, -1,
      53, 52, 54, -1,
      53, 54, 46, -1,
      46, 54, 55, -1,
      46, 55, 45, -1,
      2, 1, 25, -1,
      2, 25, 42, -1,
      42, 25, 27, -1,
      42, 27, 44, -1,
      44, 27, 29, -1,
      44, 29, 46, -1,
      46, 29, 37, -1,
      46, 37, 53, -1,
      53, 37, 35, -1,
      53, 35, 51, -1,
      51, 35, 33, -1,
      51, 33, 49, -1,
      9, 40, 8, -1,
      8, 40, 24, -1,
      50, 32, 52, -1,
      52, 32, 34, -1,
      52, 34, 54, -1,
      54, 34, 36, -1,
      54, 36, 55, -1,
      55, 36, 38, -1,
      55, 38, 45, -1,
      45, 38, 39, -1,
      45, 39, 43, -1,
      43, 39, 28, -1,
      43, 28, 41, -1,
      41, 28, 26, -1,
      41, 26, 40, -1,
      40, 26, 24, -1,
      50, 48, 32, -1,
      32, 48, 30, -1,
      48, 47, 30, -1,
      30, 47, 31, -1,
      47, 49, 31, -1,
      31, 49, 33, -1,
      6, 56, 5, -1,
      5, 56, 57, -1,
      5, 57, 4, -1,
      4, 57, 10, -1,
      11, 56, 7, -1,
      7, 56, 6, -1,
      10, 57, 11, -1,
      11, 57, 56, -1,
      14, 13, 23, -1,
      23, 13, 58, -1,
      59, 15, 22, -1,
      22, 15, 12, -1,
      23, 58, 22, -1,
      22, 58, 59, -1,
      58, 13, 59, -1,
      59, 13, 15, -1,
      21, 60, 20, -1,
      20, 60, 61, -1,
      16, 20, 17, -1,
      17, 20, 61, -1,
      17, 61, 62, -1,
      62, 61, 63, -1,
      62, 63, 64, -1,
      64, 63, 65, -1,
      64, 65, 66, -1,
      67, 68, 69, -1,
      69, 68, 70, -1,
      69, 70, 71, -1,
      71, 70, 72, -1,
      71, 72, 73, -1,
      73, 72, 74, -1,
      73, 74, 75, -1,
      75, 74, 66, -1,
      75, 66, 76, -1,
      76, 66, 65, -1,
      21, 18, 60, -1,
      60, 18, 19, -1,
      60, 19, 77, -1,
      77, 19, 78, -1,
      77, 78, 79, -1,
      79, 78, 80, -1,
      79, 80, 81, -1,
      81, 80, 82, -1,
      83, 84, 85, -1,
      85, 84, 86, -1,
      85, 86, 87, -1,
      87, 86, 88, -1,
      87, 88, 89, -1,
      89, 88, 90, -1,
      89, 90, 82, -1,
      82, 90, 91, -1,
      82, 91, 81, -1,
      70, 68, 85, -1,
      85, 68, 83, -1,
      68, 67, 83, -1,
      83, 67, 84, -1,
      67, 69, 84, -1,
      84, 69, 86, -1,
      61, 60, 63, -1,
      63, 60, 77, -1,
      63, 77, 65, -1,
      65, 77, 79, -1,
      65, 79, 76, -1,
      76, 79, 81, -1,
      76, 81, 75, -1,
      75, 81, 91, -1,
      75, 91, 73, -1,
      73, 91, 90, -1,
      73, 90, 71, -1,
      71, 90, 88, -1,
      71, 88, 69, -1,
      69, 88, 86, -1,
      70, 85, 87, -1,
      70, 87, 72, -1,
      72, 87, 89, -1,
      72, 89, 74, -1,
      74, 89, 82, -1,
      74, 82, 66, -1,
      66, 82, 80, -1,
      66, 80, 64, -1,
      64, 80, 78, -1,
      64, 78, 62, -1,
      62, 78, 19, -1,
      62, 19, 17, -1,
    ]
  }
}

Shape {
  appearance Appearance {
    material Material {
      diffuseColor 1.0000 1.0000 1.0000
      specularColor 0.5020 0.5020 0.5020
      ambientIntensity 0.2
      transparency 0.0000
      shininess 0.5
    }
  }
  geometry IndexedFaceSet {
    ccw TRUE
    solid FALSE
    coord DEF co Coordinate {
      point [
        -0.807087 -0.061558 0.137795,
        -0.807087 -0.404870 0.137795,
        -0.807087 -0.404870 -0.137795,
        -0.807087 -0.061558 -0.137795,
        -0.807087 -0.442772 0.137795,
        -0.807087 -0.474141 0.137795,
        -0.807087 -0.570866 0.137795,
        -0.807087 -0.546147 0.137795,
        -0.807087 -0.534435 0.137795,
        -0.807087 -0.520207 0.137795,
        -0.807087 -0.499726 0.137795,
        -0.807087 -0.491084 0.137795,
        -0.807087 -0.440550 0.137795,
        -0.807087 -0.570866 -0.137795,
        -0.807087 -0.546147 -0.137795,
        -0.807087 -0.534435 -0.137795,
        -0.807087 -0.520207 -0.137795,
        -0.807087 -0.499726 -0.137795,
        -0.807087 -0.491084 -0.137795,
        -0.807087 -0.474141 -0.137795,
        -0.807087 -0.442772 -0.137795,
        -0.807087 -0.440550 -0.137795,
        -0.807087 0.098425 0.137795,
        -0.807087 0.098425 -0.137795,
        -0.866142 0.098425 0.137795,
        -0.826772 0.098425 -0.360236,
        -0.826772 0.098425 -0.137795,
        0.826772 0.098425 -0.360236,
        0.866142 0.098425 0.137795,
        0.807087 0.098425 0.137795,
        0.807087 0.098425 -0.137795,
        0.826772 0.098425 -0.137795,
        0.807087 -0.688976 0.118110,
        0.807087 -0.688976 0.137795,
        0.807087 -0.688976 -0.118110,
        0.807087 -0.688976 -0.137795,
        -0.866142 -0.570866 0.137795,
        0.826772 -0.570866 -0.360236,
        -0.826772 -0.570866 -0.360236,
        -0.826772 -0.570866 -0.137795,
        0.807087 -0.570866 0.137795,
        0.866142 -0.570866 0.137795,
        0.807087 -0.570866 -0.137795,
        0.826772 -0.570866 -0.137795,
      ]
    }
    coordIndex [
      28, 41, 29, -1,
      29, 41, 40, -1,
      30, 42, 31, -1,
      31, 42, 43, -1,
      31, 43, 27, -1,
      27, 43, 37, -1,
      30, 34, 42, -1,
      42, 34, 35, -1,
      30, 29, 34, -1,
      34, 29, 40, -1,
      34, 40, 32, -1,
      32, 40, 33, -1,
      24, 22, 0, -1,
      12, 4, 36, -1,
      36, 4, 5, -1,
      5, 11, 36, -1,
      36, 11, 10, -1,
      36, 10, 9, -1,
      9, 8, 36, -1,
      36, 8, 7, -1,
      36, 7, 6, -1,
      24, 0, 36, -1,
      36, 0, 1, -1,
      36, 1, 12, -1,
      39, 13, 14, -1,
      14, 15, 39, -1,
      39, 15, 16, -1,
      39, 16, 17, -1,
      17, 18, 39, -1,
      39, 18, 19, -1,
      39, 19, 20, -1,
      20, 21, 39, -1,
      39, 21, 2, -1,
      39, 2, 26, -1,
      26, 2, 3, -1,
      26, 3, 23, -1,
      25, 38, 26, -1,
      26, 38, 39, -1,
    ]
  }
}

Shape {
  appearance Appearance {
    material Material {
      diffuseColor 0.2510 0.2510 0.2510
      specularColor 0.1255 0.1255 0.1255
      ambientIntensity 0.2
      transparency 0.0000
      shininess 0.5
    }
  }
  geometry IndexedFaceSet {
    ccw TRUE
    solid FALSE
    coord DEF co Coordinate {
      point [
        0.354331 0.098425 -0.157480,
        -0.354331 0.098425 -0.157480,
        -0.354331 0.098425 0.157480,
        0.354331 0.098425 0.157480,
        -0.345047 0.630265 -0.148197,
        -0.345047 0.630265 0.148197,
        0.345047 0.630265 0.148197,
        0.345047 0.630265 -0.148197,
        0.325365 0.649606 -0.128515,
        -0.325365 0.649606 -0.128515,
        0.325365 0.649606 0.128515,
        -0.325365 0.649606 0.128515,
        -0.330405 0.648950 -0.133554,
        -0.330405 0.648950 0.133554,
        -0.335109 0.647026 -0.138258,
        -0.335109 0.647026 0.138258,
        -0.339163 0.643962 -0.142313,
        -0.339163 0.643962 0.142313,
        -0.340860 0.642063 0.144009,
        -0.340860 0.642063 -0.144009,
        -0.342297 0.639961 -0.145447,
        -0.344839 0.632803 -0.147988,
        -0.344839 0.632803 0.147988,
        -0.344304 0.635292 -0.147453,
        -0.344304 0.635292 0.147453,
        -0.343452 0.637692 -0.146602,
        -0.343452 0.637692 0.146602,
        -0.342297 0.639961 0.145447,
        0.335109 0.647026 0.138258,
        0.330405 0.648950 0.133554,
        0.344839 0.632803 0.147988,
        0.344304 0.635292 0.147453,
        0.343452 0.637692 0.146602,
        0.342297 0.639961 0.145447,
        0.340860 0.642063 0.144009,
        0.339163 0.643962 0.142313,
        0.344839 0.632803 -0.147988,
        0.344304 0.635292 -0.147453,
        0.343452 0.637692 -0.146602,
        0.342297 0.639961 -0.145447,
        0.340860 0.642063 -0.144009,
        0.339163 0.643962 -0.142313,
        0.335109 0.647026 -0.138258,
        0.330405 0.648950 -0.133554,
      ]
    }
    coordIndex [
      4, 1, 5, -1,
      5, 1, 2, -1,
      5, 2, 6, -1,
      6, 2, 3, -1,
      6, 3, 7, -1,
      7, 3, 0, -1,
      7, 0, 4, -1,
      4, 0, 1, -1,
      8, 9, 10, -1,
      10, 9, 11, -1,
      11, 9, 12, -1,
      11, 12, 13, -1,
      13, 12, 14, -1,
      13, 14, 15, -1,
      15, 14, 16, -1,
      15, 16, 17, -1,
      17, 16, 18, -1,
      18, 16, 19, -1,
      18, 19, 20, -1,
      4, 5, 21, -1,
      21, 5, 22, -1,
      21, 22, 23, -1,
      23, 22, 24, -1,
      23, 24, 25, -1,
      25, 24, 26, -1,
      25, 26, 20, -1,
      20, 26, 27, -1,
      20, 27, 18, -1,
      17, 28, 15, -1,
      15, 28, 29, -1,
      15, 29, 13, -1,
      13, 29, 10, -1,
      13, 10, 11, -1,
      5, 6, 22, -1,
      22, 6, 30, -1,
      22, 30, 24, -1,
      24, 30, 31, -1,
      24, 31, 26, -1,
      26, 31, 32, -1,
      26, 32, 27, -1,
      27, 32, 33, -1,
      27, 33, 18, -1,
      18, 33, 34, -1,
      18, 34, 17, -1,
      17, 34, 35, -1,
      17, 35, 28, -1,
      7, 4, 21, -1,
      7, 21, 36, -1,
      36, 21, 23, -1,
      36, 23, 37, -1,
      37, 23, 25, -1,
      37, 25, 38, -1,
      38, 25, 20, -1,
      38, 20, 39, -1,
      39, 20, 40, -1,
      40, 20, 19, -1,
      40, 19, 41, -1,
      19, 16, 41, -1,
      41, 16, 14, -1,
      41, 14, 42, -1,
      42, 14, 12, -1,
      42, 12, 43, -1,
      43, 12, 9, -1,
      43, 9, 8, -1,
      40, 41, 35, -1,
      35, 41, 42, -1,
      35, 42, 28, -1,
      28, 42, 43, -1,
      28, 43, 29, -1,
      29, 43, 8, -1,
      29, 8, 10, -1,
      31, 38, 32, -1,
      32, 38, 39, -1,
      32, 39, 33, -1,
      33, 39, 40, -1,
      33, 40, 34, -1,
      34, 40, 35, -1,
      6, 7, 30, -1,
      30, 7, 36, -1,
      30, 36, 31, -1,
      31, 36, 37, -1,
      31, 37, 38, -1,
    ]
  }
}

Shape {
  appearance Appearance {
    material Material {
      diffuseColor 1.0000 1.0000 1.0000
      specularColor 0.5020 0.5020 0.5020
      ambientIntensity 0.2
      transparency 0.0000
      shininess 0.5
    }
  }
  geometry IndexedFaceSet {
    ccw TRUE
    solid FALSE
    coord DEF co Coordinate {
      point [
        0.816929 0.177165 -0.137795,
        0.816929 0.177165 0.137795,
        0.816258 0.177165 0.142890,
        0.600394 0.177165 -0.157480,
        0.797244 0.177165 -0.157480,
        0.802339 0.177165 -0.156809,
        0.807087 0.177165 -0.154843,
        0.811163 0.177165 -0.151715,
        0.814292 0.177165 0.147638,
        0.811163 0.177165 0.151715,
        0.807087 0.177165 0.154843,
        0.814292 0.177165 -0.147638,
        0.816258 0.177165 -0.142890,
        0.802339 0.177165 0.156809,
        0.797244 0.177165 0.157480,
        0.600394 0.177165 0.157480,
        0.595299 0.177165 0.156809,
        0.580709 0.177165 -0.137795,
        0.580709 0.177165 0.137795,
        0.581380 0.177165 0.142890,
        0.583346 0.177165 0.147638,
        0.581380 0.177165 -0.142890,
        0.583346 0.177165 -0.147638,
        0.586474 0.177165 -0.151715,
        0.590551 0.177165 -0.154843,
        0.595299 0.177165 -0.156809,
        0.590551 0.177165 0.154843,
        0.586474 0.177165 0.151715,
        0.580709 0.236220 -0.137795,
        0.580709 0.236220 0.137795,
        0.797244 0.236220 0.157480,
        0.600394 0.236220 0.157480,
        0.816929 0.236220 -0.137795,
        0.816929 0.236220 0.137795,
        0.600394 0.236220 -0.157480,
        0.797244 0.236220 -0.157480,
        0.600394 0.255906 -0.137795,
        0.600394 0.255906 0.137795,
        0.797244 0.255906 -0.137795,
        0.797244 0.255906 0.137795,
        -0.816929 0.236220 0.137795,
        -0.816929 0.236220 -0.137795,
        -0.816929 0.177165 0.137795,
        -0.816929 0.177165 -0.137795,
        -0.600394 0.236220 0.157480,
        -0.797244 0.236220 0.157480,
        -0.600394 0.177165 0.157480,
        -0.797244 0.177165 0.157480,
        -0.580709 0.177165 0.137795,
        -0.580709 0.177165 -0.137795,
        -0.580709 0.236220 0.137795,
        -0.580709 0.236220 -0.137795,
        -0.797244 0.236220 -0.157480,
        -0.600394 0.236220 -0.157480,
        -0.797244 0.177165 -0.157480,
        -0.600394 0.177165 -0.157480,
        -0.797244 0.255906 -0.137795,
        -0.797244 0.255906 0.137795,
        -0.600394 0.255906 -0.137795,
        -0.600394 0.255906 0.137795,
        -0.802339 0.177165 -0.156809,
        -0.595299 0.177165 -0.156809,
        -0.590551 0.177165 -0.154843,
        -0.586474 0.177165 -0.151715,
        -0.583346 0.177165 -0.147638,
        -0.581380 0.177165 -0.142890,
        -0.581380 0.177165 0.142890,
        -0.583346 0.177165 0.147638,
        -0.586474 0.177165 0.151715,
        -0.590551 0.177165 0.154843,
        -0.595299 0.177165 0.156809,
        -0.802339 0.177165 0.156809,
        -0.816258 0.177165 -0.142890,
        -0.814292 0.177165 -0.147638,
        -0.807087 0.177165 0.154843,
        -0.811163 0.177165 0.151715,
        -0.814292 0.177165 0.147638,
        -0.816258 0.177165 0.142890,
        -0.811163 0.177165 -0.151715,
        -0.807087 0.177165 -0.154843,
        -0.595299 0.236220 0.156809,
        -0.590551 0.236220 0.154843,
        -0.586474 0.236220 0.151715,
        -0.583346 0.236220 0.147638,
        -0.581380 0.236220 0.142890,
        -0.600394 0.241315 0.156809,
        -0.797244 0.241315 0.156809,
        -0.600394 0.246063 0.154843,
        -0.797244 0.246063 0.154843,
        -0.600394 0.250140 0.151715,
        -0.797244 0.250140 0.151715,
        -0.600394 0.253268 0.147638,
        -0.797244 0.253268 0.147638,
        -0.600394 0.255235 0.142890,
        -0.797244 0.255235 0.142890,
        -0.816258 0.236220 0.142890,
        -0.814292 0.236220 0.147638,
        -0.811163 0.236220 0.151715,
        -0.807087 0.236220 0.154843,
        -0.802339 0.236220 0.156809,
        -0.595472 0.254587 0.142890,
        -0.595472 0.244744 0.154843,
        -0.597846 0.240633 0.156809,
        -0.596791 0.239823 0.156809,
        -0.595472 0.237539 0.156809,
        -0.599075 0.241142 0.156809,
        -0.597846 0.245728 0.154843,
        -0.596791 0.249666 0.151715,
        -0.593434 0.243180 0.154843,
        -0.595981 0.238768 0.156809,
        -0.591870 0.241142 0.154843,
        -0.590887 0.238768 0.154843,
        -0.593434 0.248275 0.151715,
        -0.590551 0.246063 0.151715,
        -0.588339 0.243180 0.151715,
        -0.586948 0.239823 0.151715,
        -0.595981 0.252687 0.147638,
        -0.591870 0.250984 0.147638,
        -0.588339 0.248275 0.147638,
        -0.585630 0.244744 0.147638,
        -0.583927 0.240633 0.147638,
        -0.590887 0.252687 0.142890,
        -0.586948 0.249666 0.142890,
        -0.583927 0.245728 0.142890,
        -0.582027 0.241142 0.142890,
        -0.595299 0.255235 0.137795,
        -0.590551 0.253268 0.137795,
        -0.586474 0.250140 0.137795,
        -0.583346 0.246063 0.137795,
        -0.581380 0.241315 0.137795,
        -0.815611 0.241142 0.142890,
        -0.805768 0.241142 0.154843,
        -0.801656 0.238768 0.156809,
        -0.800847 0.239823 0.156809,
        -0.798563 0.241142 0.156809,
        -0.802165 0.237539 0.156809,
        -0.806751 0.238768 0.154843,
        -0.810689 0.239823 0.151715,
        -0.804204 0.243180 0.154843,
        -0.799791 0.240633 0.156809,
        -0.802165 0.244744 0.154843,
        -0.799791 0.245728 0.154843,
        -0.809299 0.243180 0.151715,
        -0.807087 0.246063 0.151715,
        -0.804204 0.248275 0.151715,
        -0.800847 0.249666 0.151715,
        -0.813711 0.240633 0.147638,
        -0.812008 0.244744 0.147638,
        -0.809299 0.248275 0.147638,
        -0.805768 0.250984 0.147638,
        -0.801656 0.252687 0.147638,
        -0.813711 0.245728 0.142890,
        -0.810689 0.249666 0.142890,
        -0.806751 0.252687 0.142890,
        -0.802165 0.254587 0.142890,
        -0.816258 0.241315 0.137795,
        -0.814292 0.246063 0.137795,
        -0.811163 0.250140 0.137795,
        -0.807087 0.253268 0.137795,
        -0.802339 0.255235 0.137795,
        -0.581380 0.236220 -0.142890,
        -0.583346 0.236220 -0.147638,
        -0.586474 0.236220 -0.151715,
        -0.590551 0.236220 -0.154843,
        -0.595299 0.236220 -0.156809,
        -0.581380 0.241315 -0.137795,
        -0.583346 0.246063 -0.137795,
        -0.586474 0.250140 -0.137795,
        -0.590551 0.253268 -0.137795,
        -0.595299 0.255235 -0.137795,
        -0.816258 0.241315 -0.137795,
        -0.814292 0.246063 -0.137795,
        -0.811163 0.250140 -0.137795,
        -0.807087 0.253268 -0.137795,
        -0.802339 0.255235 -0.137795,
        -0.802339 0.236220 -0.156809,
        -0.807087 0.236220 -0.154843,
        -0.811163 0.236220 -0.151715,
        -0.814292 0.236220 -0.147638,
        -0.816258 0.236220 -0.142890,
        -0.595472 0.254587 -0.142890,
        -0.590887 0.252687 -0.142890,
        -0.595981 0.252687 -0.147638,
        -0.591870 0.250984 -0.147638,
        -0.596791 0.249666 -0.151715,
        -0.593434 0.248275 -0.151715,
        -0.597846 0.245728 -0.154843,
        -0.595472 0.244744 -0.154843,
        -0.599075 0.241142 -0.156809,
        -0.597846 0.240633 -0.156809,
        -0.586948 0.249666 -0.142890,
        -0.588339 0.248275 -0.147638,
        -0.590551 0.246063 -0.151715,
        -0.593434 0.243180 -0.154843,
        -0.596791 0.239823 -0.156809,
        -0.600394 0.255235 -0.142890,
        -0.600394 0.253268 -0.147638,
        -0.600394 0.250140 -0.151715,
        -0.600394 0.246063 -0.154843,
        -0.600394 0.241315 -0.156809,
        -0.583927 0.245728 -0.142890,
        -0.582027 0.241142 -0.142890,
        -0.585630 0.244744 -0.147638,
        -0.583927 0.240633 -0.147638,
        -0.588339 0.243180 -0.151715,
        -0.586948 0.239823 -0.151715,
        -0.591870 0.241142 -0.154843,
        -0.590887 0.238768 -0.154843,
        -0.595981 0.238768 -0.156809,
        -0.595472 0.237539 -0.156809,
        -0.815611 0.241142 -0.142890,
        -0.813711 0.245728 -0.142890,
        -0.813711 0.240633 -0.147638,
        -0.812008 0.244744 -0.147638,
        -0.810689 0.239823 -0.151715,
        -0.809299 0.243180 -0.151715,
        -0.806751 0.238768 -0.154843,
        -0.805768 0.241142 -0.154843,
        -0.802165 0.237539 -0.156809,
        -0.801656 0.238768 -0.156809,
        -0.810689 0.249666 -0.142890,
        -0.809299 0.248275 -0.147638,
        -0.807087 0.246063 -0.151715,
        -0.804204 0.243180 -0.154843,
        -0.800847 0.239823 -0.156809,
        -0.806751 0.252687 -0.142890,
        -0.802165 0.254587 -0.142890,
        -0.805768 0.250984 -0.147638,
        -0.801656 0.252687 -0.147638,
        -0.804204 0.248275 -0.151715,
        -0.800847 0.249666 -0.151715,
        -0.802165 0.244744 -0.154843,
        -0.799791 0.245728 -0.154843,
        -0.799791 0.240633 -0.156809,
        -0.798563 0.241142 -0.156809,
        -0.797244 0.255235 -0.142890,
        -0.797244 0.253268 -0.147638,
        -0.797244 0.250140 -0.151715,
        -0.797244 0.246063 -0.154843,
        -0.797244 0.241315 -0.156809,
        0.802339 0.236220 0.156809,
        0.807087 0.236220 0.154843,
        0.811163 0.236220 0.151715,
        0.814292 0.236220 0.147638,
        0.816258 0.236220 0.142890,
        0.600394 0.255235 0.142890,
        0.797244 0.255235 0.142890,
        0.600394 0.253268 0.147638,
        0.797244 0.253268 0.147638,
        0.600394 0.250140 0.151715,
        0.797244 0.250140 0.151715,
        0.600394 0.246063 0.154843,
        0.797244 0.246063 0.154843,
        0.600394 0.241315 0.156809,
        0.797244 0.241315 0.156809,
        0.581380 0.236220 0.142890,
        0.583346 0.236220 0.147638,
        0.586474 0.236220 0.151715,
        0.590551 0.236220 0.154843,
        0.595299 0.236220 0.156809,
        0.802165 0.254587 0.142890,
        0.802165 0.244744 0.154843,
        0.799791 0.240633 0.156809,
        0.800847 0.239823 0.156809,
        0.802165 0.237539 0.156809,
        0.798563 0.241142 0.156809,
        0.799791 0.245728 0.154843,
        0.800847 0.249666 0.151715,
        0.804204 0.243180 0.154843,
        0.801656 0.238768 0.156809,
        0.805768 0.241142 0.154843,
        0.806751 0.238768 0.154843,
        0.804204 0.248275 0.151715,
        0.807087 0.246063 0.151715,
        0.809299 0.243180 0.151715,
        0.810689 0.239823 0.151715,
        0.801656 0.252687 0.147638,
        0.805768 0.250984 0.147638,
        0.809299 0.248275 0.147638,
        0.812008 0.244744 0.147638,
        0.813711 0.240633 0.147638,
        0.806751 0.252687 0.142890,
        0.810689 0.249666 0.142890,
        0.813711 0.245728 0.142890,
        0.815611 0.241142 0.142890,
        0.802339 0.255235 0.137795,
        0.807087 0.253268 0.137795,
        0.811163 0.250140 0.137795,
        0.814292 0.246063 0.137795,
        0.816258 0.241315 0.137795,
        0.582027 0.241142 0.142890,
        0.591870 0.241142 0.154843,
        0.595981 0.238768 0.156809,
        0.596791 0.239823 0.156809,
        0.599075 0.241142 0.156809,
        0.595472 0.237539 0.156809,
        0.590887 0.238768 0.154843,
        0.586948 0.239823 0.151715,
        0.593434 0.243180 0.154843,
        0.597846 0.240633 0.156809,
        0.595472 0.244744 0.154843,
        0.597846 0.245728 0.154843,
        0.588339 0.243180 0.151715,
        0.590551 0.246063 0.151715,
        0.593434 0.248275 0.151715,
        0.596791 0.249666 0.151715,
        0.583927 0.240633 0.147638,
        0.585630 0.244744 0.147638,
        0.588339 0.248275 0.147638,
        0.591870 0.250984 0.147638,
        0.595981 0.252687 0.147638,
        0.583927 0.245728 0.142890,
        0.586948 0.249666 0.142890,
        0.590887 0.252687 0.142890,
        0.595472 0.254587 0.142890,
        0.581380 0.241315 0.137795,
        0.583346 0.246063 0.137795,
        0.586474 0.250140 0.137795,
        0.590551 0.253268 0.137795,
        0.595299 0.255235 0.137795,
        0.816258 0.236220 -0.142890,
        0.814292 0.236220 -0.147638,
        0.811163 0.236220 -0.151715,
        0.807087 0.236220 -0.154843,
        0.802339 0.236220 -0.156809,
        0.801624 0.255412 -0.137795,
        0.802316 0.255170 -0.137795,
        0.805785 0.253956 -0.137795,
        0.807028 0.253175 -0.137795,
        0.809518 0.251611 -0.137795,
        0.811076 0.250052 -0.137795,
        0.812635 0.248494 -0.137795,
        0.814199 0.246004 -0.137795,
        0.814980 0.244761 -0.137795,
        0.816194 0.241293 -0.137795,
        0.816435 0.240601 -0.137795,
        0.596013 0.255412 -0.137795,
        0.595322 0.255170 -0.137795,
        0.591853 0.253956 -0.137795,
        0.590610 0.253175 -0.137795,
        0.588120 0.251611 -0.137795,
        0.586562 0.250052 -0.137795,
        0.585003 0.248494 -0.137795,
        0.583439 0.246004 -0.137795,
        0.582658 0.244761 -0.137795,
        0.581444 0.241293 -0.137795,
        0.581202 0.240601 -0.137795,
        0.595299 0.236220 -0.156809,
        0.590551 0.236220 -0.154843,
        0.586474 0.236220 -0.151715,
        0.583346 0.236220 -0.147638,
        0.581380 0.236220 -0.142890,
        0.802211 0.237354 -0.156809,
        0.801834 0.238431 -0.156809,
        0.801228 0.239397 -0.156809,
        0.800421 0.240204 -0.156809,
        0.799455 0.240811 -0.156809,
        0.798378 0.241187 -0.156809,
        0.797244 0.241315 -0.156809,
        0.797244 0.246063 -0.154843,
        0.799434 0.245816 -0.154843,
        0.797244 0.250140 -0.151715,
        0.800341 0.249791 -0.151715,
        0.797244 0.253268 -0.147638,
        0.801038 0.252841 -0.147638,
        0.797244 0.255235 -0.142890,
        0.801475 0.254758 -0.142890,
        0.805494 0.253352 -0.142890,
        0.809099 0.251087 -0.142890,
        0.812110 0.248076 -0.142890,
        0.814376 0.244470 -0.142890,
        0.815781 0.240452 -0.142890,
        0.804641 0.251580 -0.147638,
        0.807873 0.249549 -0.147638,
        0.810572 0.246850 -0.147638,
        0.812604 0.243617 -0.147638,
        0.813864 0.240014 -0.147638,
        0.803283 0.248761 -0.151715,
        0.805923 0.247103 -0.151715,
        0.808127 0.244899 -0.151715,
        0.809785 0.242260 -0.151715,
        0.810815 0.239318 -0.151715,
        0.801515 0.245088 -0.154843,
        0.803381 0.243916 -0.154843,
        0.804939 0.242357 -0.154843,
        0.806112 0.240491 -0.154843,
        0.806840 0.238411 -0.154843,
        0.599260 0.241187 -0.156809,
        0.600394 0.241315 -0.156809,
        0.598183 0.240811 -0.156809,
        0.597217 0.240204 -0.156809,
        0.596410 0.239397 -0.156809,
        0.595804 0.238431 -0.156809,
        0.595426 0.237354 -0.156809,
        0.590798 0.238411 -0.154843,
        0.586823 0.239318 -0.151715,
        0.583773 0.240014 -0.147638,
        0.581856 0.240452 -0.142890,
        0.583263 0.244470 -0.142890,
        0.585528 0.248076 -0.142890,
        0.588539 0.251087 -0.142890,
        0.592144 0.253352 -0.142890,
        0.596163 0.254758 -0.142890,
        0.600394 0.255235 -0.142890,
        0.585034 0.243617 -0.147638,
        0.587065 0.246850 -0.147638,
        0.589765 0.249549 -0.147638,
        0.592997 0.251580 -0.147638,
        0.596600 0.252841 -0.147638,
        0.600394 0.253268 -0.147638,
        0.587853 0.242260 -0.151715,
        0.589511 0.244899 -0.151715,
        0.591715 0.247103 -0.151715,
        0.594354 0.248761 -0.151715,
        0.597296 0.249791 -0.151715,
        0.600394 0.250140 -0.151715,
        0.591526 0.240491 -0.154843,
        0.592698 0.242357 -0.154843,
        0.594257 0.243916 -0.154843,
        0.596123 0.245088 -0.154843,
        0.598204 0.245816 -0.154843,
        0.600394 0.246063 -0.154843,
      ]
    }
    coordIndex [
      44, 46, 70, -1,
      44, 70, 80, -1,
      80, 70, 69, -1,
      80, 69, 81, -1,
      81, 69, 68, -1,
      81, 68, 82, -1,
      82, 68, 67, -1,
      82, 67, 83, -1,
      83, 67, 66, -1,
      83, 66, 84, -1,
      84, 66, 48, -1,
      84, 48, 50, -1,
      45, 44, 85, -1,
      45, 85, 86, -1,
      86, 85, 87, -1,
      86, 87, 88, -1,
      88, 87, 89, -1,
      88, 89, 90, -1,
      90, 89, 91, -1,
      90, 91, 92, -1,
      92, 91, 93, -1,
      92, 93, 94, -1,
      94, 93, 59, -1,
      94, 59, 57, -1,
      40, 42, 77, -1,
      40, 77, 95, -1,
      95, 77, 76, -1,
      95, 76, 96, -1,
      96, 76, 75, -1,
      96, 75, 97, -1,
      97, 75, 74, -1,
      97, 74, 98, -1,
      98, 74, 71, -1,
      98, 71, 99, -1,
      99, 71, 47, -1,
      99, 47, 45, -1,
      59, 93, 100, -1,
      101, 102, 103, -1,
      44, 80, 104, -1,
      103, 102, 44, -1,
      105, 44, 102, -1,
      105, 102, 106, -1,
      106, 102, 101, -1,
      106, 101, 107, -1,
      85, 44, 105, -1,
      108, 109, 110, -1,
      110, 109, 104, -1,
      110, 104, 111, -1,
      111, 104, 80, -1,
      111, 80, 81, -1,
      85, 105, 87, -1,
      87, 105, 106, -1,
      87, 106, 89, -1,
      89, 106, 107, -1,
      89, 107, 91, -1,
      112, 108, 113, -1,
      113, 108, 110, -1,
      113, 110, 114, -1,
      114, 110, 111, -1,
      114, 111, 115, -1,
      115, 111, 81, -1,
      115, 81, 82, -1,
      116, 112, 117, -1,
      117, 112, 113, -1,
      117, 113, 118, -1,
      118, 113, 114, -1,
      118, 114, 119, -1,
      119, 114, 115, -1,
      119, 115, 120, -1,
      120, 115, 82, -1,
      120, 82, 83, -1,
      93, 116, 100, -1,
      100, 116, 117, -1,
      100, 117, 121, -1,
      121, 117, 118, -1,
      121, 118, 122, -1,
      122, 118, 119, -1,
      122, 119, 123, -1,
      123, 119, 120, -1,
      123, 120, 124, -1,
      124, 120, 83, -1,
      124, 83, 84, -1,
      59, 100, 125, -1,
      125, 100, 121, -1,
      125, 121, 126, -1,
      126, 121, 122, -1,
      126, 122, 127, -1,
      127, 122, 123, -1,
      127, 123, 128, -1,
      128, 123, 124, -1,
      128, 124, 129, -1,
      129, 124, 84, -1,
      129, 84, 50, -1,
      109, 44, 104, -1,
      93, 91, 116, -1,
      116, 91, 107, -1,
      116, 107, 112, -1,
      112, 107, 101, -1,
      112, 101, 108, -1,
      108, 101, 103, -1,
      108, 103, 109, -1,
      109, 103, 44, -1,
      40, 95, 130, -1,
      131, 132, 133, -1,
      45, 86, 134, -1,
      133, 132, 45, -1,
      135, 45, 132, -1,
      135, 132, 136, -1,
      136, 132, 131, -1,
      136, 131, 137, -1,
      99, 45, 135, -1,
      138, 139, 140, -1,
      140, 139, 134, -1,
      140, 134, 141, -1,
      141, 134, 86, -1,
      141, 86, 88, -1,
      99, 135, 98, -1,
      98, 135, 136, -1,
      98, 136, 97, -1,
      97, 136, 137, -1,
      97, 137, 96, -1,
      142, 138, 143, -1,
      143, 138, 140, -1,
      143, 140, 144, -1,
      144, 140, 141, -1,
      144, 141, 145, -1,
      145, 141, 88, -1,
      145, 88, 90, -1,
      146, 142, 147, -1,
      147, 142, 143, -1,
      147, 143, 148, -1,
      148, 143, 144, -1,
      148, 144, 149, -1,
      149, 144, 145, -1,
      149, 145, 150, -1,
      150, 145, 90, -1,
      150, 90, 92, -1,
      95, 146, 130, -1,
      130, 146, 147, -1,
      130, 147, 151, -1,
      151, 147, 148, -1,
      151, 148, 152, -1,
      152, 148, 149, -1,
      152, 149, 153, -1,
      153, 149, 150, -1,
      153, 150, 154, -1,
      154, 150, 92, -1,
      154, 92, 94, -1,
      40, 130, 155, -1,
      155, 130, 151, -1,
      155, 151, 156, -1,
      156, 151, 152, -1,
      156, 152, 157, -1,
      157, 152, 153, -1,
      157, 153, 158, -1,
      158, 153, 154, -1,
      158, 154, 159, -1,
      159, 154, 94, -1,
      159, 94, 57, -1,
      139, 45, 134, -1,
      95, 96, 146, -1,
      146, 96, 137, -1,
      146, 137, 142, -1,
      142, 137, 131, -1,
      142, 131, 138, -1,
      138, 131, 133, -1,
      138, 133, 139, -1,
      139, 133, 45, -1,
      51, 49, 65, -1,
      51, 65, 160, -1,
      160, 65, 64, -1,
      160, 64, 161, -1,
      161, 64, 63, -1,
      161, 63, 162, -1,
      162, 63, 62, -1,
      162, 62, 163, -1,
      163, 62, 61, -1,
      163, 61, 164, -1,
      164, 61, 55, -1,
      164, 55, 53, -1,
      50, 51, 165, -1,
      50, 165, 129, -1,
      129, 165, 166, -1,
      129, 166, 128, -1,
      128, 166, 167, -1,
      128, 167, 127, -1,
      127, 167, 168, -1,
      127, 168, 126, -1,
      126, 168, 169, -1,
      126, 169, 125, -1,
      125, 169, 58, -1,
      125, 58, 59, -1,
      41, 40, 155, -1,
      41, 155, 170, -1,
      170, 155, 156, -1,
      170, 156, 171, -1,
      171, 156, 157, -1,
      171, 157, 172, -1,
      172, 157, 158, -1,
      172, 158, 173, -1,
      173, 158, 159, -1,
      173, 159, 174, -1,
      174, 159, 57, -1,
      174, 57, 56, -1,
      52, 54, 60, -1,
      52, 60, 175, -1,
      175, 60, 79, -1,
      175, 79, 176, -1,
      176, 79, 78, -1,
      176, 78, 177, -1,
      177, 78, 73, -1,
      177, 73, 178, -1,
      178, 73, 72, -1,
      178, 72, 179, -1,
      179, 72, 43, -1,
      179, 43, 41, -1,
      169, 168, 180, -1,
      180, 168, 181, -1,
      180, 181, 182, -1,
      182, 181, 183, -1,
      182, 183, 184, -1,
      184, 183, 185, -1,
      184, 185, 186, -1,
      186, 185, 187, -1,
      186, 187, 188, -1,
      188, 187, 189, -1,
      188, 189, 53, -1,
      168, 167, 181, -1,
      181, 167, 190, -1,
      181, 190, 183, -1,
      183, 190, 191, -1,
      183, 191, 185, -1,
      185, 191, 192, -1,
      185, 192, 187, -1,
      187, 192, 193, -1,
      187, 193, 189, -1,
      189, 193, 194, -1,
      189, 194, 53, -1,
      58, 169, 195, -1,
      195, 169, 180, -1,
      195, 180, 196, -1,
      196, 180, 182, -1,
      196, 182, 197, -1,
      197, 182, 184, -1,
      197, 184, 198, -1,
      198, 184, 186, -1,
      198, 186, 199, -1,
      199, 186, 188, -1,
      199, 188, 53, -1,
      166, 165, 200, -1,
      200, 165, 201, -1,
      200, 201, 202, -1,
      202, 201, 203, -1,
      202, 203, 204, -1,
      204, 203, 205, -1,
      204, 205, 206, -1,
      206, 205, 207, -1,
      206, 207, 208, -1,
      208, 207, 209, -1,
      208, 209, 53, -1,
      165, 51, 201, -1,
      201, 51, 160, -1,
      201, 160, 203, -1,
      203, 160, 161, -1,
      203, 161, 205, -1,
      205, 161, 162, -1,
      205, 162, 207, -1,
      207, 162, 163, -1,
      207, 163, 209, -1,
      209, 163, 164, -1,
      209, 164, 53, -1,
      167, 166, 190, -1,
      190, 166, 200, -1,
      190, 200, 191, -1,
      191, 200, 202, -1,
      191, 202, 192, -1,
      192, 202, 204, -1,
      192, 204, 193, -1,
      193, 204, 206, -1,
      193, 206, 194, -1,
      194, 206, 208, -1,
      194, 208, 53, -1,
      170, 171, 210, -1,
      210, 171, 211, -1,
      210, 211, 212, -1,
      212, 211, 213, -1,
      212, 213, 214, -1,
      214, 213, 215, -1,
      214, 215, 216, -1,
      216, 215, 217, -1,
      216, 217, 218, -1,
      218, 217, 219, -1,
      218, 219, 52, -1,
      171, 172, 211, -1,
      211, 172, 220, -1,
      211, 220, 213, -1,
      213, 220, 221, -1,
      213, 221, 215, -1,
      215, 221, 222, -1,
      215, 222, 217, -1,
      217, 222, 223, -1,
      217, 223, 219, -1,
      219, 223, 224, -1,
      219, 224, 52, -1,
      41, 170, 179, -1,
      179, 170, 210, -1,
      179, 210, 178, -1,
      178, 210, 212, -1,
      178, 212, 177, -1,
      177, 212, 214, -1,
      177, 214, 176, -1,
      176, 214, 216, -1,
      176, 216, 175, -1,
      175, 216, 218, -1,
      175, 218, 52, -1,
      173, 174, 225, -1,
      225, 174, 226, -1,
      225, 226, 227, -1,
      227, 226, 228, -1,
      227, 228, 229, -1,
      229, 228, 230, -1,
      229, 230, 231, -1,
      231, 230, 232, -1,
      231, 232, 233, -1,
      233, 232, 234, -1,
      233, 234, 52, -1,
      174, 56, 226, -1,
      226, 56, 235, -1,
      226, 235, 228, -1,
      228, 235, 236, -1,
      228, 236, 230, -1,
      230, 236, 237, -1,
      230, 237, 232, -1,
      232, 237, 238, -1,
      232, 238, 234, -1,
      234, 238, 239, -1,
      234, 239, 52, -1,
      172, 173, 220, -1,
      220, 173, 225, -1,
      220, 225, 221, -1,
      221, 225, 227, -1,
      221, 227, 222, -1,
      222, 227, 229, -1,
      222, 229, 223, -1,
      223, 229, 231, -1,
      223, 231, 224, -1,
      224, 231, 233, -1,
      224, 233, 52, -1,
      53, 52, 239, -1,
      53, 239, 199, -1,
      199, 239, 238, -1,
      199, 238, 198, -1,
      198, 238, 237, -1,
      198, 237, 197, -1,
      197, 237, 236, -1,
      197, 236, 196, -1,
      196, 236, 235, -1,
      196, 235, 195, -1,
      195, 235, 56, -1,
      195, 56, 58, -1,
      30, 14, 13, -1,
      30, 13, 240, -1,
      240, 13, 10, -1,
      240, 10, 241, -1,
      241, 10, 9, -1,
      241, 9, 242, -1,
      242, 9, 8, -1,
      242, 8, 243, -1,
      243, 8, 2, -1,
      243, 2, 244, -1,
      244, 2, 1, -1,
      244, 1, 33, -1,
      39, 37, 245, -1,
      39, 245, 246, -1,
      246, 245, 247, -1,
      246, 247, 248, -1,
      248, 247, 249, -1,
      248, 249, 250, -1,
      250, 249, 251, -1,
      250, 251, 252, -1,
      252, 251, 253, -1,
      252, 253, 254, -1,
      254, 253, 31, -1,
      254, 31, 30, -1,
      29, 18, 19, -1,
      29, 19, 255, -1,
      255, 19, 20, -1,
      255, 20, 256, -1,
      256, 20, 27, -1,
      256, 27, 257, -1,
      257, 27, 26, -1,
      257, 26, 258, -1,
      258, 26, 16, -1,
      258, 16, 259, -1,
      259, 16, 15, -1,
      259, 15, 31, -1,
      39, 246, 260, -1,
      261, 262, 263, -1,
      30, 240, 264, -1,
      263, 262, 30, -1,
      265, 30, 262, -1,
      265, 262, 266, -1,
      266, 262, 261, -1,
      266, 261, 267, -1,
      254, 30, 265, -1,
      268, 269, 270, -1,
      270, 269, 264, -1,
      270, 264, 271, -1,
      271, 264, 240, -1,
      271, 240, 241, -1,
      254, 265, 252, -1,
      252, 265, 266, -1,
      252, 266, 250, -1,
      250, 266, 267, -1,
      250, 267, 248, -1,
      272, 268, 273, -1,
      273, 268, 270, -1,
      273, 270, 274, -1,
      274, 270, 271, -1,
      274, 271, 275, -1,
      275, 271, 241, -1,
      275, 241, 242, -1,
      276, 272, 277, -1,
      277, 272, 273, -1,
      277, 273, 278, -1,
      278, 273, 274, -1,
      278, 274, 279, -1,
      279, 274, 275, -1,
      279, 275, 280, -1,
      280, 275, 242, -1,
      280, 242, 243, -1,
      246, 276, 260, -1,
      260, 276, 277, -1,
      260, 277, 281, -1,
      281, 277, 278, -1,
      281, 278, 282, -1,
      282, 278, 279, -1,
      282, 279, 283, -1,
      283, 279, 280, -1,
      283, 280, 284, -1,
      284, 280, 243, -1,
      284, 243, 244, -1,
      39, 260, 285, -1,
      285, 260, 281, -1,
      285, 281, 286, -1,
      286, 281, 282, -1,
      286, 282, 287, -1,
      287, 282, 283, -1,
      287, 283, 288, -1,
      288, 283, 284, -1,
      288, 284, 289, -1,
      289, 284, 244, -1,
      289, 244, 33, -1,
      269, 30, 264, -1,
      246, 248, 276, -1,
      276, 248, 267, -1,
      276, 267, 272, -1,
      272, 267, 261, -1,
      272, 261, 268, -1,
      268, 261, 263, -1,
      268, 263, 269, -1,
      269, 263, 30, -1,
      29, 255, 290, -1,
      291, 292, 293, -1,
      31, 253, 294, -1,
      293, 292, 31, -1,
      295, 31, 292, -1,
      295, 292, 296, -1,
      296, 292, 291, -1,
      296, 291, 297, -1,
      259, 31, 295, -1,
      298, 299, 300, -1,
      300, 299, 294, -1,
      300, 294, 301, -1,
      301, 294, 253, -1,
      301, 253, 251, -1,
      259, 295, 258, -1,
      258, 295, 296, -1,
      258, 296, 257, -1,
      257, 296, 297, -1,
      257, 297, 256, -1,
      302, 298, 303, -1,
      303, 298, 300, -1,
      303, 300, 304, -1,
      304, 300, 301, -1,
      304, 301, 305, -1,
      305, 301, 251, -1,
      305, 251, 249, -1,
      306, 302, 307, -1,
      307, 302, 303, -1,
      307, 303, 308, -1,
      308, 303, 304, -1,
      308, 304, 309, -1,
      309, 304, 305, -1,
      309, 305, 310, -1,
      310, 305, 249, -1,
      310, 249, 247, -1,
      255, 306, 290, -1,
      290, 306, 307, -1,
      290, 307, 311, -1,
      311, 307, 308, -1,
      311, 308, 312, -1,
      312, 308, 309, -1,
      312, 309, 313, -1,
      313, 309, 310, -1,
      313, 310, 314, -1,
      314, 310, 247, -1,
      314, 247, 245, -1,
      29, 290, 315, -1,
      315, 290, 311, -1,
      315, 311, 316, -1,
      316, 311, 312, -1,
      316, 312, 317, -1,
      317, 312, 313, -1,
      317, 313, 318, -1,
      318, 313, 314, -1,
      318, 314, 319, -1,
      319, 314, 245, -1,
      319, 245, 37, -1,
      299, 31, 294, -1,
      255, 256, 306, -1,
      306, 256, 297, -1,
      306, 297, 302, -1,
      302, 297, 291, -1,
      302, 291, 298, -1,
      298, 291, 293, -1,
      298, 293, 299, -1,
      299, 293, 31, -1,
      32, 0, 12, -1,
      32, 12, 320, -1,
      320, 12, 11, -1,
      320, 11, 321, -1,
      321, 11, 7, -1,
      321, 7, 322, -1,
      322, 7, 6, -1,
      322, 6, 323, -1,
      323, 6, 5, -1,
      323, 5, 324, -1,
      324, 5, 4, -1,
      324, 4, 35, -1,
      325, 38, 39, -1,
      325, 39, 326, -1,
      326, 39, 285, -1,
      326, 285, 327, -1,
      327, 285, 286, -1,
      327, 286, 328, -1,
      328, 286, 329, -1,
      329, 286, 287, -1,
      329, 287, 330, -1,
      330, 287, 331, -1,
      331, 287, 288, -1,
      331, 288, 332, -1,
      332, 288, 333, -1,
      333, 288, 289, -1,
      333, 289, 334, -1,
      334, 289, 335, -1,
      335, 289, 33, -1,
      335, 33, 32, -1,
      36, 336, 37, -1,
      37, 336, 319, -1,
      336, 337, 319, -1,
      319, 337, 338, -1,
      319, 338, 318, -1,
      338, 339, 318, -1,
      318, 339, 340, -1,
      318, 340, 317, -1,
      340, 341, 317, -1,
      317, 341, 342, -1,
      317, 342, 316, -1,
      342, 343, 316, -1,
      316, 343, 344, -1,
      316, 344, 315, -1,
      315, 344, 345, -1,
      315, 345, 29, -1,
      29, 345, 346, -1,
      29, 346, 28, -1,
      34, 3, 25, -1,
      34, 25, 347, -1,
      347, 25, 24, -1,
      347, 24, 348, -1,
      348, 24, 23, -1,
      348, 23, 349, -1,
      349, 23, 22, -1,
      349, 22, 350, -1,
      350, 22, 21, -1,
      350, 21, 351, -1,
      351, 21, 17, -1,
      351, 17, 28, -1,
      352, 324, 35, -1,
      352, 35, 353, -1,
      354, 353, 35, -1,
      355, 354, 35, -1,
      356, 355, 35, -1,
      357, 356, 35, -1,
      358, 357, 35, -1,
      358, 359, 360, -1,
      359, 361, 362, -1,
      361, 363, 364, -1,
      363, 365, 366, -1,
      365, 38, 325, -1,
      365, 325, 366, -1,
      366, 325, 326, -1,
      366, 326, 367, -1,
      326, 327, 367, -1,
      367, 327, 328, -1,
      367, 328, 368, -1,
      328, 329, 368, -1,
      368, 329, 330, -1,
      368, 330, 369, -1,
      330, 331, 369, -1,
      369, 331, 332, -1,
      369, 332, 370, -1,
      332, 333, 370, -1,
      370, 333, 334, -1,
      370, 334, 371, -1,
      334, 335, 371, -1,
      371, 335, 32, -1,
      371, 32, 320, -1,
      363, 366, 364, -1,
      364, 366, 367, -1,
      364, 367, 372, -1,
      372, 367, 368, -1,
      372, 368, 373, -1,
      373, 368, 369, -1,
      373, 369, 374, -1,
      374, 369, 370, -1,
      374, 370, 375, -1,
      375, 370, 371, -1,
      375, 371, 376, -1,
      376, 371, 320, -1,
      376, 320, 321, -1,
      361, 364, 362, -1,
      362, 364, 372, -1,
      362, 372, 377, -1,
      377, 372, 373, -1,
      377, 373, 378, -1,
      378, 373, 374, -1,
      378, 374, 379, -1,
      379, 374, 375, -1,
      379, 375, 380, -1,
      380, 375, 376, -1,
      380, 376, 381, -1,
      381, 376, 321, -1,
      381, 321, 322, -1,
      359, 362, 360, -1,
      360, 362, 377, -1,
      360, 377, 382, -1,
      382, 377, 378, -1,
      382, 378, 383, -1,
      383, 378, 379, -1,
      383, 379, 384, -1,
      384, 379, 380, -1,
      384, 380, 385, -1,
      385, 380, 381, -1,
      385, 381, 386, -1,
      386, 381, 322, -1,
      386, 322, 323, -1,
      358, 360, 357, -1,
      357, 360, 382, -1,
      357, 382, 356, -1,
      356, 382, 383, -1,
      356, 383, 355, -1,
      355, 383, 384, -1,
      355, 384, 354, -1,
      354, 384, 385, -1,
      354, 385, 353, -1,
      353, 385, 386, -1,
      353, 386, 352, -1,
      352, 386, 323, -1,
      352, 323, 324, -1,
      387, 388, 34, -1,
      387, 34, 389, -1,
      390, 389, 34, -1,
      391, 390, 34, -1,
      392, 391, 34, -1,
      393, 392, 34, -1,
      347, 393, 34, -1,
      347, 348, 394, -1,
      348, 349, 395, -1,
      349, 350, 396, -1,
      350, 351, 397, -1,
      351, 28, 346, -1,
      351, 346, 397, -1,
      397, 346, 345, -1,
      397, 345, 398, -1,
      345, 344, 398, -1,
      398, 344, 343, -1,
      398, 343, 399, -1,
      343, 342, 399, -1,
      399, 342, 341, -1,
      399, 341, 400, -1,
      341, 340, 400, -1,
      400, 340, 339, -1,
      400, 339, 401, -1,
      339, 338, 401, -1,
      401, 338, 337, -1,
      401, 337, 402, -1,
      337, 336, 402, -1,
      402, 336, 36, -1,
      402, 36, 403, -1,
      350, 397, 396, -1,
      396, 397, 398, -1,
      396, 398, 404, -1,
      404, 398, 399, -1,
      404, 399, 405, -1,
      405, 399, 400, -1,
      405, 400, 406, -1,
      406, 400, 401, -1,
      406, 401, 407, -1,
      407, 401, 402, -1,
      407, 402, 408, -1,
      408, 402, 403, -1,
      408, 403, 409, -1,
      349, 396, 395, -1,
      395, 396, 404, -1,
      395, 404, 410, -1,
      410, 404, 405, -1,
      410, 405, 411, -1,
      411, 405, 406, -1,
      411, 406, 412, -1,
      412, 406, 407, -1,
      412, 407, 413, -1,
      413, 407, 408, -1,
      413, 408, 414, -1,
      414, 408, 409, -1,
      414, 409, 415, -1,
      348, 395, 394, -1,
      394, 395, 410, -1,
      394, 410, 416, -1,
      416, 410, 411, -1,
      416, 411, 417, -1,
      417, 411, 412, -1,
      417, 412, 418, -1,
      418, 412, 413, -1,
      418, 413, 419, -1,
      419, 413, 414, -1,
      419, 414, 420, -1,
      420, 414, 415, -1,
      420, 415, 421, -1,
      347, 394, 393, -1,
      393, 394, 416, -1,
      393, 416, 392, -1,
      392, 416, 417, -1,
      392, 417, 391, -1,
      391, 417, 418, -1,
      391, 418, 390, -1,
      390, 418, 419, -1,
      390, 419, 389, -1,
      389, 419, 420, -1,
      389, 420, 387, -1,
      387, 420, 421, -1,
      387, 421, 388, -1,
      36, 38, 365, -1,
      36, 365, 403, -1,
      403, 365, 363, -1,
      403, 363, 409, -1,
      409, 363, 361, -1,
      409, 361, 415, -1,
      415, 361, 359, -1,
      415, 359, 421, -1,
      421, 359, 358, -1,
      421, 358, 388, -1,
      388, 358, 35, -1,
      388, 35, 34, -1,
    ]
  }
}

Shape {
  appearance Appearance {
    material Material {
      diffuseColor 0.0000 0.0000 0.0000
      specularColor 0.0000 0.0000 0.0000
      ambientIntensity 0.2
      transparency 0.0000
      shininess 0.5
    }
  }
  geometry IndexedFaceSet {
    ccw TRUE
    solid FALSE
    coord DEF co Coordinate {
      point [
        -0.807087 -0.424835 0.056306,
        -0.807087 -0.424835 0.023464,
        -0.807087 -0.439598 0.023464,
        -0.807087 -0.454743 0.056285,
        -0.807087 -0.457501 0.056619,
        -0.807087 -0.464256 0.019152,
        -0.807087 -0.461877 0.018925,
        -0.807087 -0.481073 0.035933,
        -0.807087 -0.481073 0.023464,
        -0.807087 -0.491084 0.023464,
        -0.807087 -0.496224 0.019237,
        -0.807087 -0.494330 0.035933,
        -0.807087 -0.494330 0.040179,
        -0.807087 -0.491084 0.040179,
        -0.807087 -0.495381 0.052043,
        -0.807087 -0.495381 0.056306,
        -0.807087 -0.491084 0.056306,
        -0.807087 -0.496224 0.023464,
        -0.807087 -0.491084 0.035933,
        -0.807087 -0.491084 0.052043,
        -0.807087 -0.481073 0.052043,
        -0.807087 -0.481073 0.040179,
        -0.807087 -0.476288 0.056306,
        -0.807087 -0.476288 0.019237,
        -0.807087 -0.464938 0.056550,
        -0.807087 -0.468868 0.055416,
        -0.807087 -0.491084 0.019237,
        -0.807087 -0.468868 0.050413,
        -0.807087 -0.468236 0.020457,
        -0.807087 -0.460131 0.052611,
        -0.807087 -0.458504 0.052537,
        -0.807087 -0.455937 0.023236,
        -0.807087 -0.459298 0.022876,
        -0.807087 -0.461712 0.023004,
        -0.807087 -0.468456 0.050635,
        -0.807087 -0.465798 0.023911,
        -0.807087 -0.468868 0.025359,
        -0.807087 -0.468868 0.020772,
        -0.807087 -0.450744 0.025846,
        -0.807087 -0.446186 0.035830,
        -0.807087 -0.449775 0.026780,
        -0.807087 -0.446804 0.032157,
        -0.807087 -0.448024 0.029189,
        -0.807087 -0.464695 0.052066,
        -0.807087 -0.455306 0.051879,
        -0.807087 -0.452410 0.050490,
        -0.807087 -0.450030 0.048498,
        -0.807087 -0.449766 0.048209,
        -0.807087 -0.447978 0.045629,
        -0.807087 -0.446740 0.042422,
        -0.807087 -0.446136 0.037355,
        -0.807087 -0.453231 0.024190,
        -0.807087 -0.460084 0.056932,
        -0.807087 -0.464064 0.056619,
        -0.807087 -0.443781 0.047963,
        -0.807087 -0.446468 0.051474,
        -0.807087 -0.447395 0.052358,
        -0.807087 -0.450867 0.054785,
        -0.807087 -0.442020 0.043846,
        -0.807087 -0.442772 0.045605,
        -0.807087 -0.442772 0.028659,
        -0.807087 -0.441838 0.031063,
        -0.807087 -0.441114 0.037071,
        -0.807087 -0.441179 0.039007,
        -0.807087 -0.451872 0.019711,
        -0.807087 -0.448439 0.021468,
        -0.807087 -0.445870 0.023672,
        -0.807087 -0.445551 0.024022,
        -0.807087 -0.443343 0.027189,
        -0.807087 -0.455190 0.018925,
        -0.807087 -0.455794 0.018782,
        -0.807087 -0.458606 0.018612,
        -0.807087 -0.532396 0.031540,
        -0.807087 -0.530570 0.027707,
        -0.807087 -0.520207 0.055409,
        -0.807087 -0.523936 0.054047,
        -0.807087 -0.520207 0.020197,
        -0.807087 -0.523922 0.021642,
        -0.807087 -0.527817 0.024430,
        -0.807087 -0.527817 0.051398,
        -0.807087 -0.529136 0.050106,
        -0.807087 -0.531428 0.046870,
        -0.807087 -0.532795 0.043331,
        -0.807087 -0.533407 0.038246,
        -0.807087 -0.533295 0.035879,
        -0.807087 -0.513802 0.056306,
        -0.807087 -0.519462 0.055681,
        -0.807087 -0.519692 0.019997,
        -0.807087 -0.513423 0.019237,
        -0.807087 -0.503227 0.019237,
        -0.807087 -0.503227 0.056306,
        -0.807087 -0.439598 0.019237,
        -0.807087 -0.420049 0.056306,
        -0.807087 -0.420049 0.019237,
        -0.811024 -0.439598 0.023464,
        -0.811024 -0.439598 0.019237,
        -0.811024 -0.424835 0.023464,
        -0.811024 -0.424835 0.056306,
        -0.811024 -0.420049 0.056306,
        -0.811024 -0.420049 0.019237,
        -0.811024 -0.458606 0.018612,
        -0.811024 -0.464256 0.019152,
        -0.811024 -0.468236 0.020457,
        -0.811024 -0.468868 0.020772,
        -0.811024 -0.468868 0.025359,
        -0.811024 -0.465798 0.023911,
        -0.811024 -0.461712 0.023004,
        -0.811024 -0.459298 0.022876,
        -0.811024 -0.455937 0.023236,
        -0.811024 -0.453231 0.024190,
        -0.811024 -0.450744 0.025846,
        -0.811024 -0.449775 0.026780,
        -0.811024 -0.448024 0.029189,
        -0.811024 -0.446804 0.032157,
        -0.811024 -0.446186 0.035830,
        -0.811024 -0.446136 0.037355,
        -0.811024 -0.446740 0.042422,
        -0.811024 -0.447978 0.045629,
        -0.811024 -0.449766 0.048209,
        -0.811024 -0.450030 0.048498,
        -0.811024 -0.452410 0.050490,
        -0.811024 -0.455306 0.051879,
        -0.811024 -0.458504 0.052537,
        -0.811024 -0.460131 0.052611,
        -0.811024 -0.464695 0.052066,
        -0.811024 -0.468456 0.050635,
        -0.811024 -0.468868 0.050413,
        -0.811024 -0.468868 0.055416,
        -0.811024 -0.460084 0.056932,
        -0.811024 -0.464938 0.056550,
        -0.811024 -0.454743 0.056285,
        -0.811024 -0.450867 0.054785,
        -0.811024 -0.447395 0.052358,
        -0.811024 -0.446468 0.051474,
        -0.811024 -0.443781 0.047963,
        -0.811024 -0.442020 0.043846,
        -0.811024 -0.441179 0.039007,
        -0.811024 -0.441114 0.037071,
        -0.811024 -0.441838 0.031063,
        -0.811024 -0.443343 0.027189,
        -0.811024 -0.445551 0.024022,
        -0.811024 -0.445870 0.023672,
        -0.811024 -0.455794 0.018782,
        -0.811024 -0.448439 0.021468,
        -0.811024 -0.451872 0.019711,
        -0.811024 -0.496224 0.023464,
        -0.811024 -0.496224 0.019237,
        -0.811024 -0.481073 0.023464,
        -0.811024 -0.481073 0.035933,
        -0.811024 -0.494330 0.035933,
        -0.811024 -0.494330 0.040179,
        -0.811024 -0.481073 0.040179,
        -0.811024 -0.481073 0.052043,
        -0.811024 -0.495381 0.052043,
        -0.811024 -0.495381 0.056306,
        -0.811024 -0.476288 0.056306,
        -0.811024 -0.476288 0.019237,
        -0.811024 -0.526239 0.029586,
        -0.811024 -0.524415 0.027330,
        -0.811024 -0.527817 0.024430,
        -0.811024 -0.523965 0.026911,
        -0.811024 -0.523922 0.021642,
        -0.811024 -0.521570 0.025254,
        -0.811024 -0.519692 0.019997,
        -0.811024 -0.518501 0.024070,
        -0.811024 -0.513423 0.019237,
        -0.811024 -0.513394 0.023464,
        -0.811024 -0.503227 0.019237,
        -0.811024 -0.508012 0.023464,
        -0.811024 -0.503227 0.056306,
        -0.811024 -0.508012 0.052043,
        -0.811024 -0.513802 0.056306,
        -0.811024 -0.513613 0.052043,
        -0.811024 -0.519462 0.055681,
        -0.811024 -0.518603 0.051462,
        -0.811024 -0.523936 0.054047,
        -0.811024 -0.521780 0.050264,
        -0.811024 -0.527817 0.051398,
        -0.811024 -0.524311 0.048555,
        -0.811024 -0.529136 0.050106,
        -0.811024 -0.525359 0.047519,
        -0.811024 -0.531428 0.046870,
        -0.811024 -0.526793 0.045437,
        -0.811024 -0.532795 0.043331,
        -0.811024 -0.527834 0.042722,
        -0.811024 -0.533407 0.038246,
        -0.811024 -0.528376 0.038113,
        -0.811024 -0.533295 0.035879,
        -0.811024 -0.528248 0.035718,
        -0.811024 -0.532396 0.031540,
        -0.811024 -0.527522 0.032333,
        -0.811024 -0.530570 0.027707,
        -0.807087 -0.513613 0.052043,
        -0.807087 -0.508012 0.052043,
        -0.807087 -0.508012 0.023464,
        -0.807087 -0.513394 0.023464,
        -0.807087 -0.524415 0.027330,
        -0.807087 -0.523965 0.026911,
        -0.807087 -0.521570 0.025254,
        -0.807087 -0.518501 0.024070,
        -0.807087 -0.528376 0.038113,
        -0.807087 -0.528248 0.035718,
        -0.807087 -0.527522 0.032333,
        -0.807087 -0.526239 0.029586,
        -0.807087 -0.524311 0.048555,
        -0.807087 -0.525359 0.047519,
        -0.807087 -0.526793 0.045437,
        -0.807087 -0.527834 0.042722,
        -0.807087 -0.518603 0.051462,
        -0.807087 -0.521780 0.050264,
      ]
    }
    coordIndex [
      94, 95, 2, -1,
      2, 95, 91, -1,
      96, 94, 1, -1,
      1, 94, 2, -1,
      97, 96, 0, -1,
      0, 96, 1, -1,
      98, 97, 92, -1,
      92, 97, 0, -1,
      99, 98, 93, -1,
      93, 98, 92, -1,
      95, 99, 91, -1,
      91, 99, 93, -1,
      97, 98, 96, -1,
      96, 98, 99, -1,
      96, 99, 94, -1,
      94, 99, 95, -1,
      100, 71, 101, -1,
      101, 71, 6, -1,
      6, 5, 101, -1,
      101, 5, 28, -1,
      101, 28, 102, -1,
      102, 28, 37, -1,
      102, 37, 103, -1,
      104, 103, 36, -1,
      36, 103, 37, -1,
      104, 36, 35, -1,
      104, 35, 105, -1,
      105, 35, 33, -1,
      105, 33, 106, -1,
      106, 33, 32, -1,
      106, 32, 107, -1,
      107, 32, 31, -1,
      107, 31, 108, -1,
      108, 31, 51, -1,
      108, 51, 109, -1,
      109, 51, 38, -1,
      109, 38, 110, -1,
      110, 38, 40, -1,
      110, 40, 111, -1,
      111, 40, 42, -1,
      111, 42, 112, -1,
      112, 42, 41, -1,
      112, 41, 113, -1,
      113, 41, 39, -1,
      113, 39, 114, -1,
      114, 39, 50, -1,
      114, 50, 115, -1,
      115, 50, 49, -1,
      115, 49, 116, -1,
      116, 49, 48, -1,
      116, 48, 117, -1,
      117, 48, 47, -1,
      117, 47, 118, -1,
      118, 47, 46, -1,
      118, 46, 119, -1,
      119, 46, 45, -1,
      119, 45, 120, -1,
      120, 45, 44, -1,
      120, 44, 121, -1,
      121, 44, 30, -1,
      121, 30, 122, -1,
      122, 30, 29, -1,
      122, 29, 123, -1,
      123, 29, 43, -1,
      123, 43, 124, -1,
      124, 43, 34, -1,
      124, 34, 125, -1,
      125, 34, 27, -1,
      125, 27, 126, -1,
      127, 126, 25, -1,
      25, 126, 27, -1,
      52, 128, 53, -1,
      53, 128, 129, -1,
      53, 129, 24, -1,
      24, 129, 127, -1,
      24, 127, 25, -1,
      128, 52, 4, -1,
      128, 4, 130, -1,
      4, 3, 130, -1,
      130, 3, 57, -1,
      130, 57, 131, -1,
      131, 57, 56, -1,
      131, 56, 132, -1,
      132, 56, 55, -1,
      132, 55, 133, -1,
      133, 55, 54, -1,
      133, 54, 134, -1,
      134, 54, 59, -1,
      134, 59, 135, -1,
      59, 58, 135, -1,
      135, 58, 63, -1,
      135, 63, 136, -1,
      136, 63, 62, -1,
      136, 62, 137, -1,
      137, 62, 61, -1,
      137, 61, 138, -1,
      138, 61, 60, -1,
      138, 60, 139, -1,
      60, 68, 139, -1,
      139, 68, 67, -1,
      139, 67, 140, -1,
      140, 67, 66, -1,
      140, 66, 141, -1,
      71, 100, 142, -1,
      141, 66, 65, -1,
      141, 65, 143, -1,
      143, 65, 64, -1,
      143, 64, 144, -1,
      144, 64, 69, -1,
      144, 69, 142, -1,
      142, 69, 70, -1,
      142, 70, 71, -1,
      133, 119, 132, -1,
      132, 119, 120, -1,
      132, 120, 131, -1,
      137, 115, 136, -1,
      136, 115, 116, -1,
      136, 116, 135, -1,
      135, 116, 134, -1,
      134, 116, 117, -1,
      134, 117, 133, -1,
      133, 117, 118, -1,
      133, 118, 119, -1,
      131, 120, 130, -1,
      130, 120, 121, -1,
      130, 121, 128, -1,
      103, 104, 102, -1,
      102, 104, 105, -1,
      102, 105, 101, -1,
      101, 105, 106, -1,
      101, 106, 100, -1,
      100, 106, 107, -1,
      100, 107, 142, -1,
      142, 107, 108, -1,
      142, 108, 144, -1,
      144, 108, 109, -1,
      144, 109, 143, -1,
      143, 109, 110, -1,
      143, 110, 141, -1,
      141, 110, 111, -1,
      141, 111, 140, -1,
      140, 111, 112, -1,
      140, 112, 139, -1,
      139, 112, 138, -1,
      138, 112, 113, -1,
      138, 113, 137, -1,
      137, 113, 114, -1,
      137, 114, 115, -1,
      121, 122, 128, -1,
      128, 122, 123, -1,
      128, 123, 129, -1,
      129, 123, 124, -1,
      129, 124, 127, -1,
      127, 124, 125, -1,
      127, 125, 126, -1,
      145, 146, 17, -1,
      17, 146, 10, -1,
      8, 147, 9, -1,
      9, 147, 145, -1,
      9, 145, 17, -1,
      148, 147, 7, -1,
      7, 147, 8, -1,
      148, 7, 149, -1,
      149, 7, 18, -1,
      149, 18, 11, -1,
      150, 149, 12, -1,
      12, 149, 11, -1,
      21, 151, 13, -1,
      13, 151, 150, -1,
      13, 150, 12, -1,
      152, 151, 20, -1,
      20, 151, 21, -1,
      152, 20, 153, -1,
      153, 20, 19, -1,
      153, 19, 14, -1,
      154, 153, 15, -1,
      15, 153, 14, -1,
      22, 155, 16, -1,
      16, 155, 154, -1,
      16, 154, 15, -1,
      156, 155, 23, -1,
      23, 155, 22, -1,
      156, 23, 146, -1,
      146, 23, 26, -1,
      146, 26, 10, -1,
      156, 146, 145, -1,
      145, 147, 156, -1,
      156, 147, 148, -1,
      156, 148, 155, -1,
      153, 154, 152, -1,
      152, 154, 155, -1,
      152, 155, 151, -1,
      151, 155, 148, -1,
      151, 148, 150, -1,
      150, 148, 149, -1,
      157, 158, 159, -1,
      159, 158, 160, -1,
      159, 160, 161, -1,
      161, 160, 162, -1,
      161, 162, 163, -1,
      163, 162, 164, -1,
      163, 164, 165, -1,
      165, 164, 166, -1,
      165, 166, 167, -1,
      167, 166, 168, -1,
      167, 168, 169, -1,
      169, 168, 170, -1,
      169, 170, 171, -1,
      171, 170, 172, -1,
      171, 172, 173, -1,
      173, 172, 174, -1,
      173, 174, 175, -1,
      175, 174, 176, -1,
      175, 176, 177, -1,
      177, 176, 178, -1,
      177, 178, 179, -1,
      179, 178, 180, -1,
      179, 180, 181, -1,
      181, 180, 182, -1,
      181, 182, 183, -1,
      183, 182, 184, -1,
      183, 184, 185, -1,
      185, 184, 186, -1,
      185, 186, 187, -1,
      187, 186, 188, -1,
      187, 188, 189, -1,
      189, 188, 190, -1,
      189, 190, 191, -1,
      191, 190, 157, -1,
      191, 157, 159, -1,
      165, 167, 88, -1,
      88, 167, 89, -1,
      78, 159, 161, -1,
      165, 88, 87, -1,
      165, 87, 163, -1,
      163, 87, 76, -1,
      163, 76, 161, -1,
      161, 76, 77, -1,
      161, 77, 78, -1,
      159, 78, 73, -1,
      159, 73, 191, -1,
      191, 73, 72, -1,
      191, 72, 189, -1,
      189, 72, 84, -1,
      189, 84, 187, -1,
      187, 84, 83, -1,
      187, 83, 185, -1,
      185, 83, 82, -1,
      185, 82, 183, -1,
      183, 82, 81, -1,
      183, 81, 181, -1,
      181, 81, 80, -1,
      181, 80, 179, -1,
      179, 80, 79, -1,
      179, 79, 177, -1,
      85, 171, 173, -1,
      177, 79, 75, -1,
      177, 75, 175, -1,
      175, 75, 74, -1,
      175, 74, 173, -1,
      173, 74, 86, -1,
      173, 86, 85, -1,
      169, 171, 90, -1,
      90, 171, 85, -1,
      167, 169, 89, -1,
      89, 169, 90, -1,
      172, 170, 192, -1,
      192, 170, 193, -1,
      170, 168, 193, -1,
      193, 168, 194, -1,
      168, 166, 194, -1,
      194, 166, 195, -1,
      158, 196, 197, -1,
      158, 197, 160, -1,
      160, 197, 198, -1,
      160, 198, 162, -1,
      162, 198, 199, -1,
      162, 199, 164, -1,
      164, 199, 195, -1,
      164, 195, 166, -1,
      186, 200, 201, -1,
      186, 201, 188, -1,
      188, 201, 202, -1,
      188, 202, 190, -1,
      190, 202, 203, -1,
      190, 203, 157, -1,
      157, 203, 196, -1,
      157, 196, 158, -1,
      178, 204, 205, -1,
      178, 205, 180, -1,
      180, 205, 206, -1,
      180, 206, 182, -1,
      182, 206, 207, -1,
      182, 207, 184, -1,
      184, 207, 200, -1,
      184, 200, 186, -1,
      172, 192, 208, -1,
      172, 208, 174, -1,
      174, 208, 209, -1,
      174, 209, 176, -1,
      176, 209, 204, -1,
      176, 204, 178, -1,
    ]
  }
}

Shape {
  appearance Appearance {
    material Material {
      diffuseColor 1.0000 1.0000 1.0000
      specularColor 0.5020 0.5020 0.5020
      ambientIntensity 0.2
      transparency 0.0000
      shininess 0.5
    }
  }
  geometry IndexedFaceSet {
    ccw TRUE
    solid FALSE
    coord DEF co Coordinate {
      point [
        -0.807087 -0.513613 0.052043,
        -0.807087 -0.508012 0.052043,
        -0.807087 -0.508012 0.023464,
        -0.807087 -0.513394 0.023464,
        -0.807087 -0.524415 0.027330,
        -0.807087 -0.523965 0.026911,
        -0.807087 -0.521570 0.025254,
        -0.807087 -0.518501 0.024070,
        -0.807087 -0.528376 0.038113,
        -0.807087 -0.528248 0.035718,
        -0.807087 -0.527522 0.032333,
        -0.807087 -0.526239 0.029586,
        -0.807087 -0.524311 0.048555,
        -0.807087 -0.525359 0.047519,
        -0.807087 -0.526793 0.045437,
        -0.807087 -0.527834 0.042722,
        -0.807087 -0.518603 0.051462,
        -0.807087 -0.521780 0.050264,
      ]
    }
    coordIndex [
      1, 2, 0, -1,
      0, 2, 3, -1,
      3, 7, 0, -1,
      0, 7, 6, -1,
      0, 6, 5, -1,
      5, 4, 0, -1,
      0, 4, 11, -1,
      0, 11, 10, -1,
      8, 12, 17, -1,
      15, 14, 8, -1,
      8, 14, 13, -1,
      8, 13, 12, -1,
      10, 9, 0, -1,
      0, 9, 8, -1,
      0, 8, 16, -1,
      16, 8, 17, -1,
    ]
  }
}

Shape {
  appearance Appearance {
    material Material {
      diffuseColor 0.0000 0.0000 0.0000
      specularColor 0.0000 0.0000 0.0000
      ambientIntensity 0.2
      transparency 0.0000
      shininess 0.5
    }
  }
  geometry IndexedFaceSet {
    ccw TRUE
    solid FALSE
    coord DEF co Coordinate {
      point [
        -0.807087 -0.559750 0.029376,
        -0.807087 -0.546147 0.029376,
        -0.807087 -0.563530 0.019237,
        -0.807087 -0.568818 0.019237,
        -0.807087 -0.544314 0.029376,
        -0.807087 -0.540751 0.019237,
        -0.807087 -0.535463 0.019237,
        -0.807087 -0.546147 0.047288,
        -0.807087 -0.549582 0.056306,
        -0.807087 -0.554699 0.056306,
        -0.811024 -0.545830 0.033565,
        -0.811024 -0.544314 0.029376,
        -0.811024 -0.558271 0.033565,
        -0.811024 -0.559750 0.029376,
        -0.811024 -0.551373 0.048972,
        -0.811024 -0.549582 0.056306,
        -0.811024 -0.535463 0.019237,
        -0.811024 -0.540751 0.019237,
        -0.811024 -0.551694 0.050078,
        -0.811024 -0.551980 0.051569,
        -0.811024 -0.554699 0.056306,
        -0.811024 -0.552093 0.051569,
        -0.811024 -0.552393 0.050000,
        -0.811024 -0.552671 0.048972,
        -0.811024 -0.568818 0.019237,
        -0.811024 -0.563530 0.019237,
        -0.807087 -0.545830 0.033565,
        -0.807087 -0.558271 0.033565,
        -0.807087 -0.552671 0.048972,
        -0.807087 -0.552093 0.051569,
        -0.807087 -0.552393 0.050000,
        -0.807087 -0.551980 0.051569,
        -0.807087 -0.551373 0.048972,
        -0.807087 -0.551694 0.050078,
      ]
    }
    coordIndex [
      10, 11, 12, -1,
      12, 11, 13, -1,
      14, 15, 10, -1,
      10, 15, 16, -1,
      10, 16, 11, -1,
      11, 16, 17, -1,
      14, 18, 15, -1,
      15, 18, 19, -1,
      15, 19, 20, -1,
      20, 19, 21, -1,
      20, 21, 22, -1,
      22, 23, 20, -1,
      20, 23, 12, -1,
      20, 12, 24, -1,
      24, 12, 13, -1,
      24, 13, 25, -1,
      20, 24, 9, -1,
      9, 24, 3, -1,
      15, 20, 8, -1,
      8, 20, 9, -1,
      6, 16, 7, -1,
      7, 16, 15, -1,
      7, 15, 8, -1,
      17, 16, 5, -1,
      5, 16, 6, -1,
      11, 17, 4, -1,
      4, 17, 5, -1,
      0, 13, 1, -1,
      1, 13, 11, -1,
      1, 11, 4, -1,
      25, 13, 2, -1,
      2, 13, 0, -1,
      24, 25, 3, -1,
      3, 25, 2, -1,
      10, 12, 26, -1,
      26, 12, 27, -1,
      12, 23, 27, -1,
      27, 23, 28, -1,
      21, 29, 30, -1,
      21, 30, 22, -1,
      22, 30, 28, -1,
      22, 28, 23, -1,
      21, 19, 29, -1,
      29, 19, 31, -1,
      14, 32, 33, -1,
      14, 33, 18, -1,
      18, 33, 31, -1,
      18, 31, 19, -1,
      14, 10, 32, -1,
      32, 10, 26, -1,
    ]
  }
}

Shape {
  appearance Appearance {
    material Material {
      diffuseColor 1.0000 1.0000 1.0000
      specularColor 0.5020 0.5020 0.5020
      ambientIntensity 0.2
      transparency 0.0000
      shininess 0.5
    }
  }
  geometry IndexedFaceSet {
    ccw TRUE
    solid FALSE
    coord DEF co Coordinate {
      point [
        -0.807087 -0.545830 0.033565,
        -0.807087 -0.558271 0.033565,
        -0.807087 -0.552671 0.048972,
        -0.807087 -0.552093 0.051569,
        -0.807087 -0.552393 0.050000,
        -0.807087 -0.551980 0.051569,
        -0.807087 -0.551373 0.048972,
        -0.807087 -0.551694 0.050078,
      ]
    }
    coordIndex [
      3, 5, 4, -1,
      4, 5, 7, -1,
      4, 7, 2, -1,
      2, 7, 6, -1,
      2, 6, 1, -1,
      1, 6, 0, -1,
    ]
  }
}

Shape {
  appearance Appearance {
    material Material {
      diffuseColor 0.0000 0.0000 0.0000
      specularColor 0.0000 0.0000 0.0000
      ambientIntensity 0.2
      transparency 0.0000
      shininess 0.5
    }
  }
  geometry IndexedFaceSet {
    ccw TRUE
    solid FALSE
    coord DEF co Coordinate {
      point [
        -0.807087 -0.457112 -0.039244,
        -0.807087 -0.455356 -0.039881,
        -0.807087 -0.461060 -0.039569,
        -0.807087 -0.446320 -0.026931,
        -0.807087 -0.447017 -0.019461,
        -0.807087 -0.445387 -0.028257,
        -0.807087 -0.444746 -0.029891,
        -0.807087 -0.458723 -0.038176,
        -0.807087 -0.450048 -0.039872,
        -0.807087 -0.448268 -0.039200,
        -0.807087 -0.445223 -0.036161,
        -0.807087 -0.444660 -0.034591,
        -0.807087 -0.447017 -0.014951,
        -0.807087 -0.447993 -0.014387,
        -0.807087 -0.460876 -0.013329,
        -0.807087 -0.447751 -0.025700,
        -0.807087 -0.449743 -0.024689,
        -0.807087 -0.449861 -0.017619,
        -0.807087 -0.453214 -0.023839,
        -0.807087 -0.457270 -0.016423,
        -0.807087 -0.455697 -0.016259,
        -0.807087 -0.452758 -0.016584,
        -0.807087 -0.446704 -0.038109,
        -0.807087 -0.446188 -0.037586,
        -0.807087 -0.461060 -0.035475,
        -0.807087 -0.460937 -0.035475,
        -0.807087 -0.460192 -0.036606,
        -0.807087 -0.451448 -0.013053,
        -0.807087 -0.456133 -0.012487,
        -0.807087 -0.458916 -0.012737,
        -0.807087 -0.444430 -0.032481,
        -0.807087 -0.444445 -0.031889,
        -0.807087 -0.462421 -0.014209,
        -0.807087 -0.463661 -0.015391,
        -0.807087 -0.464612 -0.016889,
        -0.807087 -0.465340 -0.018997,
        -0.807087 -0.461060 -0.022740,
        -0.807087 -0.460899 -0.020687,
        -0.807087 -0.460419 -0.019033,
        -0.807087 -0.459873 -0.018078,
        -0.807087 -0.465703 -0.022531,
        -0.807087 -0.459171 -0.017331,
        -0.807087 -0.458347 -0.016800,
        -0.807087 -0.455231 -0.039926,
        -0.807087 -0.452826 -0.040194,
        -0.807087 -0.450133 -0.039881,
        -0.807087 -0.465703 -0.039569,
        -0.807087 -0.420049 -0.039569,
        -0.807087 -0.424835 -0.022872,
        -0.807087 -0.424835 -0.035343,
        -0.807087 -0.438091 -0.022872,
        -0.807087 -0.439986 -0.035343,
        -0.807087 -0.438091 -0.018628,
        -0.807087 -0.420049 -0.002500,
        -0.807087 -0.439143 -0.002500,
        -0.807087 -0.439143 -0.006764,
        -0.807087 -0.424835 -0.006764,
        -0.807087 -0.424835 -0.018628,
        -0.807087 -0.439986 -0.039569,
        -0.811024 -0.439986 -0.035343,
        -0.811024 -0.439986 -0.039569,
        -0.811024 -0.424835 -0.035343,
        -0.811024 -0.424835 -0.022872,
        -0.811024 -0.438091 -0.022872,
        -0.811024 -0.438091 -0.018628,
        -0.811024 -0.424835 -0.018628,
        -0.811024 -0.424835 -0.006764,
        -0.811024 -0.439143 -0.006764,
        -0.811024 -0.439143 -0.002500,
        -0.811024 -0.420049 -0.002500,
        -0.811024 -0.420049 -0.039569,
        -0.811024 -0.461060 -0.039569,
        -0.811024 -0.465703 -0.039569,
        -0.811024 -0.461060 -0.035475,
        -0.811024 -0.465703 -0.022531,
        -0.811024 -0.461060 -0.022740,
        -0.811024 -0.450951 -0.028299,
        -0.811024 -0.452033 -0.027777,
        -0.811024 -0.460937 -0.035475,
        -0.811024 -0.458488 -0.034793,
        -0.811024 -0.460192 -0.036606,
        -0.811024 -0.457176 -0.035679,
        -0.811024 -0.454863 -0.027118,
        -0.811024 -0.461060 -0.026284,
        -0.811024 -0.461060 -0.028823,
        -0.811024 -0.461056 -0.029131,
        -0.811024 -0.460757 -0.031203,
        -0.811024 -0.460076 -0.032859,
        -0.811024 -0.459070 -0.034224,
        -0.811024 -0.460899 -0.020687,
        -0.811024 -0.465340 -0.018997,
        -0.811024 -0.460419 -0.019033,
        -0.811024 -0.464612 -0.016889,
        -0.811024 -0.459873 -0.018078,
        -0.811024 -0.463661 -0.015391,
        -0.811024 -0.459171 -0.017331,
        -0.811024 -0.462421 -0.014209,
        -0.811024 -0.458347 -0.016800,
        -0.811024 -0.460876 -0.013329,
        -0.811024 -0.457270 -0.016423,
        -0.811024 -0.458916 -0.012737,
        -0.811024 -0.455697 -0.016259,
        -0.811024 -0.456133 -0.012487,
        -0.811024 -0.452758 -0.016584,
        -0.811024 -0.451448 -0.013053,
        -0.811024 -0.449861 -0.017619,
        -0.811024 -0.447993 -0.014387,
        -0.811024 -0.447017 -0.019461,
        -0.811024 -0.447017 -0.014951,
        -0.811024 -0.450091 -0.034794,
        -0.811024 -0.446704 -0.038109,
        -0.811024 -0.450485 -0.035191,
        -0.811024 -0.448268 -0.039200,
        -0.811024 -0.451411 -0.035823,
        -0.811024 -0.450048 -0.039872,
        -0.811024 -0.452461 -0.036208,
        -0.811024 -0.452826 -0.040194,
        -0.811024 -0.454029 -0.036385,
        -0.811024 -0.455231 -0.039926,
        -0.811024 -0.455767 -0.036191,
        -0.811024 -0.457112 -0.039244,
        -0.811024 -0.458723 -0.038176,
        -0.811024 -0.449179 -0.031365,
        -0.811024 -0.444445 -0.031889,
        -0.811024 -0.449140 -0.032102,
        -0.811024 -0.444430 -0.032481,
        -0.811024 -0.449257 -0.033168,
        -0.811024 -0.444660 -0.034591,
        -0.811024 -0.449563 -0.034011,
        -0.811024 -0.445223 -0.036161,
        -0.811024 -0.446188 -0.037586,
        -0.811024 -0.453214 -0.023839,
        -0.811024 -0.449743 -0.024689,
        -0.811024 -0.450372 -0.028748,
        -0.811024 -0.447751 -0.025700,
        -0.811024 -0.449816 -0.029435,
        -0.811024 -0.446320 -0.026931,
        -0.811024 -0.449408 -0.030302,
        -0.811024 -0.445387 -0.028257,
        -0.811024 -0.444746 -0.029891,
        -0.807087 -0.450372 -0.028748,
        -0.807087 -0.450951 -0.028299,
        -0.807087 -0.452033 -0.027777,
        -0.807087 -0.454863 -0.027118,
        -0.807087 -0.449140 -0.032102,
        -0.807087 -0.449179 -0.031365,
        -0.807087 -0.449408 -0.030302,
        -0.807087 -0.449816 -0.029435,
        -0.807087 -0.450485 -0.035191,
        -0.807087 -0.450091 -0.034794,
        -0.807087 -0.449563 -0.034011,
        -0.807087 -0.449257 -0.033168,
        -0.807087 -0.454029 -0.036385,
        -0.807087 -0.452461 -0.036208,
        -0.807087 -0.451411 -0.035823,
        -0.807087 -0.459070 -0.034224,
        -0.807087 -0.458488 -0.034793,
        -0.807087 -0.457176 -0.035679,
        -0.807087 -0.455767 -0.036191,
        -0.807087 -0.461060 -0.028823,
        -0.807087 -0.461056 -0.029131,
        -0.807087 -0.460757 -0.031203,
        -0.807087 -0.460076 -0.032859,
        -0.807087 -0.461060 -0.026284,
      ]
    }
    coordIndex [
      59, 60, 51, -1,
      51, 60, 58, -1,
      61, 59, 49, -1,
      49, 59, 51, -1,
      62, 61, 48, -1,
      48, 61, 49, -1,
      63, 62, 50, -1,
      50, 62, 48, -1,
      64, 63, 52, -1,
      52, 63, 50, -1,
      65, 64, 57, -1,
      57, 64, 52, -1,
      66, 65, 56, -1,
      56, 65, 57, -1,
      67, 66, 55, -1,
      55, 66, 56, -1,
      68, 67, 54, -1,
      54, 67, 55, -1,
      69, 68, 53, -1,
      53, 68, 54, -1,
      70, 69, 47, -1,
      47, 69, 53, -1,
      60, 70, 58, -1,
      58, 70, 47, -1,
      70, 60, 59, -1,
      59, 61, 70, -1,
      70, 61, 62, -1,
      70, 62, 69, -1,
      67, 68, 66, -1,
      66, 68, 69, -1,
      66, 69, 65, -1,
      65, 69, 62, -1,
      65, 62, 64, -1,
      64, 62, 63, -1,
      71, 72, 73, -1,
      73, 72, 74, -1,
      75, 76, 77, -1,
      78, 79, 80, -1,
      80, 79, 81, -1,
      82, 83, 74, -1,
      74, 83, 84, -1,
      84, 85, 74, -1,
      74, 85, 86, -1,
      74, 86, 73, -1,
      73, 86, 87, -1,
      73, 87, 78, -1,
      78, 87, 88, -1,
      78, 88, 79, -1,
      77, 82, 75, -1,
      75, 82, 74, -1,
      75, 74, 89, -1,
      89, 74, 90, -1,
      89, 90, 91, -1,
      91, 90, 92, -1,
      91, 92, 93, -1,
      93, 92, 94, -1,
      93, 94, 95, -1,
      95, 94, 96, -1,
      95, 96, 97, -1,
      97, 96, 98, -1,
      97, 98, 99, -1,
      99, 98, 100, -1,
      99, 100, 101, -1,
      101, 100, 102, -1,
      101, 102, 103, -1,
      103, 102, 104, -1,
      103, 104, 105, -1,
      105, 104, 106, -1,
      105, 106, 107, -1,
      107, 106, 108, -1,
      109, 110, 111, -1,
      111, 110, 112, -1,
      111, 112, 113, -1,
      113, 112, 114, -1,
      113, 114, 115, -1,
      115, 114, 116, -1,
      115, 116, 117, -1,
      117, 116, 118, -1,
      117, 118, 119, -1,
      119, 118, 120, -1,
      119, 120, 81, -1,
      81, 120, 121, -1,
      81, 121, 80, -1,
      122, 123, 124, -1,
      124, 123, 125, -1,
      124, 125, 126, -1,
      126, 125, 127, -1,
      126, 127, 128, -1,
      128, 127, 129, -1,
      128, 129, 109, -1,
      109, 129, 130, -1,
      109, 130, 110, -1,
      75, 131, 76, -1,
      76, 131, 132, -1,
      76, 132, 133, -1,
      133, 132, 134, -1,
      133, 134, 135, -1,
      135, 134, 136, -1,
      135, 136, 137, -1,
      137, 136, 138, -1,
      137, 138, 122, -1,
      122, 138, 139, -1,
      122, 139, 123, -1,
      102, 28, 27, -1,
      102, 27, 104, -1,
      104, 27, 13, -1,
      104, 13, 106, -1,
      106, 13, 12, -1,
      106, 12, 108, -1,
      107, 108, 4, -1,
      4, 108, 12, -1,
      107, 4, 17, -1,
      107, 17, 105, -1,
      105, 17, 21, -1,
      105, 21, 103, -1,
      103, 21, 20, -1,
      103, 20, 101, -1,
      101, 20, 19, -1,
      101, 19, 99, -1,
      99, 19, 42, -1,
      99, 42, 97, -1,
      97, 42, 41, -1,
      97, 41, 95, -1,
      95, 41, 39, -1,
      95, 39, 93, -1,
      93, 39, 38, -1,
      93, 38, 91, -1,
      91, 38, 37, -1,
      91, 37, 89, -1,
      89, 37, 36, -1,
      89, 36, 75, -1,
      131, 75, 18, -1,
      18, 75, 36, -1,
      131, 18, 16, -1,
      131, 16, 132, -1,
      132, 16, 15, -1,
      132, 15, 134, -1,
      134, 15, 3, -1,
      134, 3, 136, -1,
      136, 3, 5, -1,
      136, 5, 138, -1,
      138, 5, 6, -1,
      138, 6, 139, -1,
      139, 6, 31, -1,
      139, 31, 123, -1,
      123, 31, 30, -1,
      123, 30, 125, -1,
      125, 30, 11, -1,
      125, 11, 127, -1,
      127, 11, 10, -1,
      127, 10, 129, -1,
      129, 10, 23, -1,
      129, 23, 130, -1,
      130, 23, 22, -1,
      130, 22, 110, -1,
      44, 116, 45, -1,
      45, 116, 114, -1,
      45, 114, 8, -1,
      8, 114, 112, -1,
      8, 112, 9, -1,
      9, 112, 110, -1,
      9, 110, 22, -1,
      116, 44, 43, -1,
      116, 43, 118, -1,
      118, 43, 1, -1,
      118, 1, 120, -1,
      1, 0, 120, -1,
      120, 0, 7, -1,
      120, 7, 121, -1,
      121, 7, 26, -1,
      121, 26, 80, -1,
      80, 26, 25, -1,
      80, 25, 78, -1,
      73, 78, 24, -1,
      24, 78, 25, -1,
      71, 73, 2, -1,
      2, 73, 24, -1,
      72, 71, 46, -1,
      46, 71, 2, -1,
      74, 72, 40, -1,
      40, 72, 46, -1,
      74, 40, 35, -1,
      74, 35, 90, -1,
      90, 35, 34, -1,
      90, 34, 92, -1,
      92, 34, 33, -1,
      92, 33, 94, -1,
      94, 33, 32, -1,
      94, 32, 96, -1,
      96, 32, 14, -1,
      96, 14, 98, -1,
      98, 14, 29, -1,
      98, 29, 100, -1,
      100, 29, 28, -1,
      100, 28, 102, -1,
      133, 140, 141, -1,
      133, 141, 76, -1,
      76, 141, 142, -1,
      76, 142, 77, -1,
      77, 142, 143, -1,
      77, 143, 82, -1,
      124, 144, 145, -1,
      124, 145, 122, -1,
      122, 145, 146, -1,
      122, 146, 137, -1,
      137, 146, 147, -1,
      137, 147, 135, -1,
      135, 147, 140, -1,
      135, 140, 133, -1,
      111, 148, 149, -1,
      111, 149, 109, -1,
      109, 149, 150, -1,
      109, 150, 128, -1,
      128, 150, 151, -1,
      128, 151, 126, -1,
      126, 151, 144, -1,
      126, 144, 124, -1,
      117, 152, 153, -1,
      117, 153, 115, -1,
      115, 153, 154, -1,
      115, 154, 113, -1,
      113, 154, 148, -1,
      113, 148, 111, -1,
      88, 155, 156, -1,
      88, 156, 79, -1,
      79, 156, 157, -1,
      79, 157, 81, -1,
      81, 157, 158, -1,
      81, 158, 119, -1,
      119, 158, 152, -1,
      119, 152, 117, -1,
      84, 159, 160, -1,
      84, 160, 85, -1,
      85, 160, 161, -1,
      85, 161, 86, -1,
      86, 161, 162, -1,
      86, 162, 87, -1,
      87, 162, 155, -1,
      87, 155, 88, -1,
      84, 83, 159, -1,
      159, 83, 163, -1,
      83, 82, 163, -1,
      163, 82, 143, -1,
    ]
  }
}

Shape {
  appearance Appearance {
    material Material {
      diffuseColor 1.0000 1.0000 1.0000
      specularColor 0.5020 0.5020 0.5020
      ambientIntensity 0.2
      transparency 0.0000
      shininess 0.5
    }
  }
  geometry IndexedFaceSet {
    ccw TRUE
    solid FALSE
    coord DEF co Coordinate {
      point [
        -0.807087 -0.450372 -0.028748,
        -0.807087 -0.450951 -0.028299,
        -0.807087 -0.452033 -0.027777,
        -0.807087 -0.454863 -0.027118,
        -0.807087 -0.449140 -0.032102,
        -0.807087 -0.449179 -0.031365,
        -0.807087 -0.449408 -0.030302,
        -0.807087 -0.449816 -0.029435,
        -0.807087 -0.450485 -0.035191,
        -0.807087 -0.450091 -0.034794,
        -0.807087 -0.449563 -0.034011,
        -0.807087 -0.449257 -0.033168,
        -0.807087 -0.454029 -0.036385,
        -0.807087 -0.452461 -0.036208,
        -0.807087 -0.451411 -0.035823,
        -0.807087 -0.459070 -0.034224,
        -0.807087 -0.458488 -0.034793,
        -0.807087 -0.457176 -0.035679,
        -0.807087 -0.455767 -0.036191,
        -0.807087 -0.461060 -0.028823,
        -0.807087 -0.461056 -0.029131,
        -0.807087 -0.460757 -0.031203,
        -0.807087 -0.460076 -0.032859,
        -0.807087 -0.461060 -0.026284,
      ]
    }
    coordIndex [
      20, 19, 0, -1,
      19, 23, 3, -1,
      3, 2, 19, -1,
      19, 2, 1, -1,
      19, 1, 0, -1,
      20, 0, 21, -1,
      21, 0, 7, -1,
      21, 7, 22, -1,
      9, 8, 16, -1,
      9, 16, 10, -1,
      17, 16, 18, -1,
      18, 16, 12, -1,
      7, 6, 22, -1,
      22, 6, 5, -1,
      22, 5, 15, -1,
      15, 5, 4, -1,
      15, 4, 16, -1,
      16, 4, 11, -1,
      16, 11, 10, -1,
      8, 14, 16, -1,
      16, 14, 13, -1,
      16, 13, 12, -1,
    ]
  }
}

Shape {
  appearance Appearance {
    material Material {
      diffuseColor 0.0000 0.0000 0.0000
      specularColor 0.0000 0.0000 0.0000
      ambientIntensity 0.2
      transparency 0.0000
      shininess 0.5
    }
  }
  geometry IndexedFaceSet {
    ccw TRUE
    solid FALSE
    coord DEF co Coordinate {
      point [
        -0.807087 -0.522709 -0.002500,
        -0.807087 -0.534435 -0.002500,
        -0.807087 -0.498860 -0.046967,
        -0.807087 -0.499725 -0.046002,
        -0.807087 -0.482810 -0.039831,
        -0.807087 -0.482306 -0.039881,
        -0.807087 -0.472760 -0.017083,
        -0.807087 -0.473622 -0.015828,
        -0.807087 -0.472207 -0.018578,
        -0.807087 -0.474100 -0.025221,
        -0.807087 -0.471995 -0.033845,
        -0.807087 -0.474141 -0.025248,
        -0.807087 -0.473754 -0.034938,
        -0.807087 -0.474141 -0.035086,
        -0.807087 -0.473341 -0.024426,
        -0.807087 -0.472735 -0.023459,
        -0.807087 -0.472223 -0.022041,
        -0.807087 -0.472024 -0.020238,
        -0.807087 -0.471995 -0.038640,
        -0.807087 -0.474141 -0.039421,
        -0.807087 -0.474943 -0.039713,
        -0.807087 -0.476425 -0.039881,
        -0.807087 -0.479178 -0.040194,
        -0.807087 -0.488606 -0.013662,
        -0.807087 -0.488606 -0.018172,
        -0.807087 -0.474999 -0.014591,
        -0.807087 -0.476409 -0.013752,
        -0.807087 -0.489655 -0.034233,
        -0.807087 -0.489085 -0.035704,
        -0.807087 -0.488219 -0.036929,
        -0.807087 -0.474141 -0.015362,
        -0.807087 -0.478965 -0.012848,
        -0.807087 -0.482333 -0.012487,
        -0.807087 -0.485475 -0.012755,
        -0.807087 -0.488322 -0.027989,
        -0.807087 -0.489188 -0.029269,
        -0.807087 -0.489684 -0.030637,
        -0.807087 -0.489876 -0.032367,
        -0.807087 -0.486891 -0.038091,
        -0.807087 -0.485389 -0.038967,
        -0.807087 -0.481878 -0.016259,
        -0.807087 -0.480504 -0.016361,
        -0.807087 -0.476809 -0.019821,
        -0.807087 -0.479262 -0.016690,
        -0.807087 -0.478221 -0.017244,
        -0.807087 -0.476851 -0.020439,
        -0.807087 -0.477035 -0.021160,
        -0.807087 -0.477370 -0.021787,
        -0.807087 -0.477823 -0.022285,
        -0.807087 -0.479459 -0.023308,
        -0.807087 -0.484965 -0.016614,
        -0.807087 -0.482333 -0.024559,
        -0.807087 -0.487581 -0.017583,
        -0.807087 -0.484131 -0.025287,
        -0.807087 -0.487215 -0.027002,
        -0.807087 -0.477520 -0.017863,
        -0.807087 -0.477122 -0.018454,
        -0.807087 -0.476893 -0.019081,
        -0.807087 -0.476662 -0.036049,
        -0.807087 -0.479055 -0.027933,
        -0.807087 -0.476287 -0.026664,
        -0.807087 -0.479633 -0.036404,
        -0.807087 -0.479838 -0.036402,
        -0.807087 -0.482103 -0.029209,
        -0.807087 -0.482218 -0.036136,
        -0.807087 -0.485109 -0.032822,
        -0.807087 -0.485064 -0.032244,
        -0.807087 -0.483416 -0.035697,
        -0.807087 -0.483839 -0.035441,
        -0.807087 -0.484372 -0.034967,
        -0.807087 -0.484777 -0.034368,
        -0.807087 -0.485013 -0.033708,
        -0.807087 -0.484853 -0.031519,
        -0.807087 -0.484494 -0.030904,
        -0.807087 -0.483916 -0.030302,
        -0.807087 -0.507144 -0.039881,
        -0.807087 -0.517706 -0.013094,
        -0.807087 -0.512892 -0.013094,
        -0.807087 -0.504402 -0.032993,
        -0.807087 -0.504970 -0.035172,
        -0.807087 -0.505094 -0.035172,
        -0.807087 -0.499726 -0.019540,
        -0.807087 -0.505662 -0.033030,
        -0.807087 -0.505307 -0.034265,
        -0.807087 -0.499726 -0.032004,
        -0.807087 -0.492292 -0.013094,
        -0.807087 -0.497485 -0.013094,
        -0.807087 -0.502678 -0.039512,
        -0.807087 -0.502521 -0.039881,
        -0.807087 -0.500640 -0.044326,
        -0.807087 -0.493249 -0.051660,
        -0.807087 -0.493249 -0.047528,
        -0.807087 -0.494199 -0.047840,
        -0.807087 -0.495883 -0.048059,
        -0.807087 -0.499726 -0.051211,
        -0.807087 -0.498119 -0.051823,
        -0.807087 -0.496243 -0.052039,
        -0.807087 -0.495219 -0.052002,
        -0.807087 -0.497024 -0.047928,
        -0.807087 -0.498039 -0.047540,
        -0.807087 -0.505691 -0.043567,
        -0.807087 -0.503589 -0.047661,
        -0.807087 -0.501890 -0.049702,
        -0.807087 -0.501573 -0.049992,
        -0.807087 -0.499952 -0.051125,
        -0.807087 -0.534435 -0.022872,
        -0.807087 -0.527494 -0.022872,
        -0.807087 -0.534435 -0.035343,
        -0.807087 -0.527494 -0.035343,
        -0.807087 -0.541803 -0.006764,
        -0.807087 -0.541803 -0.002500,
        -0.807087 -0.540751 -0.022872,
        -0.807087 -0.542646 -0.035343,
        -0.807087 -0.540751 -0.018628,
        -0.807087 -0.534435 -0.018628,
        -0.807087 -0.542646 -0.039569,
        -0.807087 -0.534435 -0.006764,
        -0.807087 -0.527494 -0.006764,
        -0.807087 -0.527494 -0.018628,
        -0.807087 -0.534435 -0.039569,
        -0.807087 -0.522709 -0.039569,
        -0.807087 -0.576991 -0.031100,
        -0.807087 -0.574238 -0.034376,
        -0.807087 -0.570344 -0.037164,
        -0.807087 -0.579217 -0.015475,
        -0.807087 -0.579829 -0.020561,
        -0.807087 -0.579717 -0.022927,
        -0.807087 -0.578818 -0.027266,
        -0.807087 -0.549648 -0.002500,
        -0.807087 -0.549648 -0.039569,
        -0.807087 -0.559844 -0.039569,
        -0.807087 -0.566113 -0.038809,
        -0.807087 -0.574238 -0.007408,
        -0.807087 -0.575557 -0.008700,
        -0.807087 -0.577849 -0.011935,
        -0.807087 -0.560223 -0.002500,
        -0.807087 -0.565884 -0.003125,
        -0.807087 -0.570357 -0.004759,
        -0.811024 -0.471995 -0.033845,
        -0.811024 -0.473754 -0.034938,
        -0.811024 -0.479633 -0.036404,
        -0.811024 -0.476662 -0.036049,
        -0.811024 -0.471995 -0.038640,
        -0.811024 -0.474943 -0.039713,
        -0.811024 -0.479178 -0.040194,
        -0.811024 -0.482810 -0.039831,
        -0.811024 -0.485389 -0.038967,
        -0.811024 -0.486891 -0.038091,
        -0.811024 -0.488219 -0.036929,
        -0.811024 -0.489085 -0.035704,
        -0.811024 -0.489655 -0.034233,
        -0.811024 -0.489876 -0.032367,
        -0.811024 -0.489684 -0.030637,
        -0.811024 -0.489188 -0.029269,
        -0.811024 -0.488322 -0.027989,
        -0.811024 -0.487215 -0.027002,
        -0.811024 -0.484131 -0.025287,
        -0.811024 -0.482333 -0.024559,
        -0.811024 -0.479459 -0.023308,
        -0.811024 -0.477823 -0.022285,
        -0.811024 -0.477370 -0.021787,
        -0.811024 -0.477035 -0.021160,
        -0.811024 -0.476851 -0.020439,
        -0.811024 -0.476809 -0.019821,
        -0.811024 -0.476893 -0.019081,
        -0.811024 -0.477122 -0.018454,
        -0.811024 -0.477520 -0.017863,
        -0.811024 -0.478221 -0.017244,
        -0.811024 -0.479262 -0.016690,
        -0.811024 -0.480504 -0.016361,
        -0.811024 -0.481878 -0.016259,
        -0.811024 -0.484965 -0.016614,
        -0.811024 -0.487581 -0.017583,
        -0.811024 -0.488606 -0.018172,
        -0.811024 -0.488606 -0.013662,
        -0.811024 -0.485475 -0.012755,
        -0.811024 -0.482333 -0.012487,
        -0.811024 -0.478965 -0.012848,
        -0.811024 -0.476409 -0.013752,
        -0.811024 -0.474999 -0.014591,
        -0.811024 -0.473622 -0.015828,
        -0.811024 -0.472760 -0.017083,
        -0.811024 -0.472207 -0.018578,
        -0.811024 -0.472024 -0.020238,
        -0.811024 -0.472223 -0.022041,
        -0.811024 -0.472735 -0.023459,
        -0.811024 -0.473341 -0.024426,
        -0.811024 -0.479055 -0.027933,
        -0.811024 -0.476287 -0.026664,
        -0.811024 -0.474100 -0.025221,
        -0.811024 -0.482103 -0.029209,
        -0.811024 -0.483916 -0.030302,
        -0.811024 -0.484494 -0.030904,
        -0.811024 -0.484853 -0.031519,
        -0.811024 -0.485064 -0.032244,
        -0.811024 -0.485109 -0.032822,
        -0.811024 -0.485013 -0.033708,
        -0.811024 -0.484777 -0.034368,
        -0.811024 -0.484372 -0.034967,
        -0.811024 -0.483839 -0.035441,
        -0.811024 -0.483416 -0.035697,
        -0.811024 -0.482218 -0.036136,
        -0.811024 -0.479838 -0.036402,
        -0.811024 -0.512892 -0.013094,
        -0.811024 -0.517706 -0.013094,
        -0.811024 -0.505662 -0.033030,
        -0.811024 -0.505307 -0.034265,
        -0.811024 -0.505094 -0.035172,
        -0.811024 -0.504970 -0.035172,
        -0.811024 -0.504402 -0.032993,
        -0.811024 -0.497485 -0.013094,
        -0.811024 -0.492292 -0.013094,
        -0.811024 -0.502678 -0.039512,
        -0.811024 -0.500640 -0.044326,
        -0.811024 -0.499725 -0.046002,
        -0.811024 -0.498860 -0.046967,
        -0.811024 -0.498039 -0.047540,
        -0.811024 -0.497024 -0.047928,
        -0.811024 -0.495883 -0.048059,
        -0.811024 -0.494199 -0.047840,
        -0.811024 -0.493249 -0.047528,
        -0.811024 -0.493249 -0.051660,
        -0.811024 -0.495219 -0.052002,
        -0.811024 -0.496243 -0.052039,
        -0.811024 -0.498119 -0.051823,
        -0.811024 -0.499952 -0.051125,
        -0.811024 -0.501573 -0.049992,
        -0.811024 -0.501890 -0.049702,
        -0.811024 -0.503589 -0.047661,
        -0.811024 -0.505691 -0.043567,
        -0.811024 -0.542646 -0.035343,
        -0.811024 -0.542646 -0.039569,
        -0.811024 -0.527494 -0.035343,
        -0.811024 -0.527494 -0.022872,
        -0.811024 -0.540751 -0.022872,
        -0.811024 -0.540751 -0.018628,
        -0.811024 -0.527494 -0.018628,
        -0.811024 -0.527494 -0.006764,
        -0.811024 -0.541803 -0.006764,
        -0.811024 -0.541803 -0.002500,
        -0.811024 -0.522709 -0.002500,
        -0.811024 -0.522709 -0.039569,
        -0.811024 -0.572661 -0.029220,
        -0.811024 -0.570836 -0.031476,
        -0.811024 -0.574238 -0.034376,
        -0.811024 -0.570386 -0.031895,
        -0.811024 -0.570344 -0.037164,
        -0.811024 -0.567991 -0.033553,
        -0.811024 -0.566113 -0.038809,
        -0.811024 -0.564923 -0.034737,
        -0.811024 -0.559844 -0.039569,
        -0.811024 -0.559816 -0.035343,
        -0.811024 -0.549648 -0.039569,
        -0.811024 -0.554434 -0.035343,
        -0.811024 -0.549648 -0.002500,
        -0.811024 -0.554434 -0.006764,
        -0.811024 -0.560223 -0.002500,
        -0.811024 -0.560034 -0.006764,
        -0.811024 -0.565884 -0.003125,
        -0.811024 -0.565024 -0.007344,
        -0.811024 -0.570357 -0.004759,
        -0.811024 -0.568202 -0.008542,
        -0.811024 -0.574238 -0.007408,
        -0.811024 -0.570732 -0.010251,
        -0.811024 -0.575557 -0.008700,
        -0.811024 -0.571781 -0.011287,
        -0.811024 -0.577849 -0.011935,
        -0.811024 -0.573214 -0.013369,
        -0.811024 -0.579217 -0.015475,
        -0.811024 -0.574255 -0.016084,
        -0.811024 -0.579829 -0.020561,
        -0.811024 -0.574797 -0.020693,
        -0.811024 -0.579717 -0.022927,
        -0.811024 -0.574669 -0.023088,
        -0.811024 -0.578818 -0.027266,
        -0.811024 -0.573943 -0.026474,
        -0.811024 -0.576991 -0.031100,
        -0.807087 -0.560034 -0.006764,
        -0.807087 -0.554434 -0.006764,
        -0.807087 -0.554434 -0.035343,
        -0.807087 -0.559816 -0.035343,
        -0.807087 -0.570836 -0.031476,
        -0.807087 -0.570386 -0.031895,
        -0.807087 -0.567991 -0.033553,
        -0.807087 -0.564923 -0.034737,
        -0.807087 -0.574797 -0.020693,
        -0.807087 -0.574669 -0.023088,
        -0.807087 -0.573943 -0.026474,
        -0.807087 -0.572661 -0.029220,
        -0.807087 -0.570732 -0.010251,
        -0.807087 -0.571781 -0.011287,
        -0.807087 -0.573214 -0.013369,
        -0.807087 -0.574255 -0.016084,
        -0.807087 -0.565024 -0.007344,
        -0.807087 -0.568202 -0.008542,
      ]
    }
    coordIndex [
      10, 138, 139, -1,
      140, 61, 58, -1,
      140, 58, 141, -1,
      141, 58, 13, -1,
      141, 13, 139, -1,
      139, 13, 12, -1,
      139, 12, 10, -1,
      142, 138, 18, -1,
      18, 138, 10, -1,
      18, 19, 142, -1,
      142, 19, 143, -1,
      22, 144, 21, -1,
      21, 144, 143, -1,
      21, 143, 20, -1,
      20, 143, 19, -1,
      22, 5, 144, -1,
      144, 5, 145, -1,
      5, 4, 145, -1,
      145, 4, 39, -1,
      145, 39, 146, -1,
      146, 39, 38, -1,
      146, 38, 147, -1,
      147, 38, 29, -1,
      147, 29, 148, -1,
      148, 29, 28, -1,
      148, 28, 149, -1,
      149, 28, 27, -1,
      149, 27, 150, -1,
      150, 27, 37, -1,
      150, 37, 151, -1,
      151, 37, 36, -1,
      151, 36, 152, -1,
      152, 36, 35, -1,
      152, 35, 153, -1,
      153, 35, 34, -1,
      153, 34, 154, -1,
      154, 34, 54, -1,
      154, 54, 155, -1,
      155, 54, 53, -1,
      155, 53, 156, -1,
      156, 53, 51, -1,
      156, 51, 157, -1,
      157, 51, 49, -1,
      157, 49, 158, -1,
      158, 49, 48, -1,
      158, 48, 159, -1,
      159, 48, 47, -1,
      159, 47, 160, -1,
      160, 47, 46, -1,
      160, 46, 161, -1,
      161, 46, 45, -1,
      161, 45, 162, -1,
      162, 45, 42, -1,
      162, 42, 163, -1,
      163, 42, 57, -1,
      163, 57, 164, -1,
      164, 57, 56, -1,
      164, 56, 165, -1,
      165, 56, 55, -1,
      165, 55, 166, -1,
      166, 55, 44, -1,
      166, 44, 167, -1,
      167, 44, 43, -1,
      167, 43, 168, -1,
      168, 43, 41, -1,
      168, 41, 169, -1,
      169, 41, 40, -1,
      169, 40, 170, -1,
      170, 40, 50, -1,
      170, 50, 171, -1,
      171, 50, 52, -1,
      171, 52, 172, -1,
      172, 52, 24, -1,
      172, 24, 173, -1,
      174, 173, 23, -1,
      23, 173, 24, -1,
      174, 23, 33, -1,
      174, 33, 175, -1,
      175, 33, 32, -1,
      175, 32, 176, -1,
      176, 32, 31, -1,
      176, 31, 177, -1,
      177, 31, 26, -1,
      177, 26, 178, -1,
      178, 26, 25, -1,
      178, 25, 179, -1,
      25, 30, 179, -1,
      179, 30, 180, -1,
      30, 7, 180, -1,
      180, 7, 6, -1,
      180, 6, 181, -1,
      181, 6, 8, -1,
      181, 8, 182, -1,
      182, 8, 17, -1,
      182, 17, 183, -1,
      183, 17, 16, -1,
      183, 16, 184, -1,
      184, 16, 15, -1,
      184, 15, 185, -1,
      185, 15, 14, -1,
      185, 14, 186, -1,
      59, 187, 188, -1,
      186, 14, 9, -1,
      186, 9, 189, -1,
      189, 9, 11, -1,
      189, 11, 188, -1,
      188, 11, 60, -1,
      188, 60, 59, -1,
      187, 59, 63, -1,
      187, 63, 190, -1,
      190, 63, 74, -1,
      190, 74, 191, -1,
      191, 74, 73, -1,
      191, 73, 192, -1,
      192, 73, 72, -1,
      192, 72, 193, -1,
      193, 72, 66, -1,
      193, 66, 194, -1,
      194, 66, 65, -1,
      194, 65, 195, -1,
      195, 65, 71, -1,
      195, 71, 196, -1,
      196, 71, 70, -1,
      196, 70, 197, -1,
      197, 70, 69, -1,
      197, 69, 198, -1,
      198, 69, 68, -1,
      198, 68, 199, -1,
      199, 68, 67, -1,
      199, 67, 200, -1,
      200, 67, 64, -1,
      200, 64, 201, -1,
      201, 64, 62, -1,
      201, 62, 202, -1,
      202, 62, 61, -1,
      202, 61, 140, -1,
      166, 167, 178, -1,
      178, 167, 177, -1,
      158, 187, 157, -1,
      157, 187, 190, -1,
      157, 190, 156, -1,
      144, 140, 143, -1,
      143, 140, 141, -1,
      143, 141, 142, -1,
      142, 141, 139, -1,
      142, 139, 138, -1,
      167, 168, 177, -1,
      177, 168, 169, -1,
      177, 169, 176, -1,
      176, 169, 170, -1,
      176, 170, 175, -1,
      175, 170, 171, -1,
      175, 171, 174, -1,
      174, 171, 172, -1,
      174, 172, 173, -1,
      156, 190, 155, -1,
      155, 190, 191, -1,
      155, 191, 154, -1,
      154, 191, 192, -1,
      154, 192, 153, -1,
      153, 192, 193, -1,
      153, 193, 152, -1,
      152, 193, 194, -1,
      152, 194, 151, -1,
      151, 194, 195, -1,
      151, 195, 150, -1,
      150, 195, 196, -1,
      150, 196, 149, -1,
      149, 196, 197, -1,
      149, 197, 148, -1,
      148, 197, 198, -1,
      148, 198, 147, -1,
      147, 198, 199, -1,
      147, 199, 146, -1,
      146, 199, 200, -1,
      146, 200, 145, -1,
      145, 200, 201, -1,
      145, 201, 144, -1,
      144, 201, 202, -1,
      144, 202, 140, -1,
      178, 179, 166, -1,
      166, 179, 180, -1,
      166, 180, 165, -1,
      165, 180, 181, -1,
      165, 181, 164, -1,
      164, 181, 182, -1,
      164, 182, 163, -1,
      163, 182, 183, -1,
      163, 183, 162, -1,
      162, 183, 184, -1,
      162, 184, 161, -1,
      161, 184, 185, -1,
      161, 185, 160, -1,
      160, 185, 186, -1,
      160, 186, 159, -1,
      159, 186, 189, -1,
      159, 189, 158, -1,
      158, 189, 188, -1,
      158, 188, 187, -1,
      203, 204, 77, -1,
      77, 204, 76, -1,
      205, 203, 82, -1,
      82, 203, 77, -1,
      205, 82, 83, -1,
      205, 83, 206, -1,
      206, 83, 80, -1,
      206, 80, 207, -1,
      208, 207, 79, -1,
      79, 207, 80, -1,
      209, 208, 78, -1,
      78, 208, 79, -1,
      209, 78, 210, -1,
      210, 78, 81, -1,
      210, 81, 86, -1,
      211, 210, 85, -1,
      85, 210, 86, -1,
      211, 85, 212, -1,
      212, 85, 84, -1,
      212, 84, 87, -1,
      89, 213, 88, -1,
      88, 213, 212, -1,
      88, 212, 87, -1,
      213, 89, 3, -1,
      213, 3, 214, -1,
      214, 3, 2, -1,
      214, 2, 215, -1,
      215, 2, 99, -1,
      215, 99, 216, -1,
      216, 99, 98, -1,
      216, 98, 217, -1,
      217, 98, 93, -1,
      217, 93, 218, -1,
      218, 93, 92, -1,
      218, 92, 219, -1,
      219, 92, 91, -1,
      219, 91, 220, -1,
      221, 220, 90, -1,
      90, 220, 91, -1,
      221, 90, 97, -1,
      221, 97, 222, -1,
      222, 97, 96, -1,
      222, 96, 223, -1,
      223, 96, 95, -1,
      223, 95, 224, -1,
      224, 95, 94, -1,
      224, 94, 225, -1,
      94, 104, 225, -1,
      225, 104, 103, -1,
      225, 103, 226, -1,
      226, 103, 102, -1,
      226, 102, 227, -1,
      227, 102, 101, -1,
      227, 101, 228, -1,
      228, 101, 100, -1,
      228, 100, 229, -1,
      76, 204, 75, -1,
      75, 204, 229, -1,
      75, 229, 100, -1,
      206, 207, 229, -1,
      204, 203, 229, -1,
      229, 203, 205, -1,
      229, 205, 206, -1,
      210, 211, 209, -1,
      209, 211, 212, -1,
      209, 212, 208, -1,
      220, 221, 219, -1,
      219, 221, 222, -1,
      219, 222, 218, -1,
      218, 222, 223, -1,
      218, 223, 217, -1,
      217, 223, 224, -1,
      217, 224, 216, -1,
      216, 224, 225, -1,
      216, 225, 215, -1,
      228, 214, 227, -1,
      227, 214, 215, -1,
      227, 215, 226, -1,
      226, 215, 225, -1,
      207, 208, 229, -1,
      229, 208, 212, -1,
      229, 212, 228, -1,
      228, 212, 213, -1,
      228, 213, 214, -1,
      230, 231, 112, -1,
      112, 231, 115, -1,
      230, 112, 232, -1,
      232, 112, 107, -1,
      232, 107, 108, -1,
      233, 232, 106, -1,
      106, 232, 108, -1,
      233, 106, 234, -1,
      234, 106, 105, -1,
      234, 105, 111, -1,
      235, 234, 113, -1,
      113, 234, 111, -1,
      118, 236, 114, -1,
      114, 236, 235, -1,
      114, 235, 113, -1,
      237, 236, 117, -1,
      117, 236, 118, -1,
      109, 238, 116, -1,
      116, 238, 237, -1,
      116, 237, 117, -1,
      239, 238, 110, -1,
      110, 238, 109, -1,
      0, 240, 1, -1,
      1, 240, 239, -1,
      1, 239, 110, -1,
      241, 240, 120, -1,
      120, 240, 0, -1,
      241, 120, 231, -1,
      231, 120, 119, -1,
      231, 119, 115, -1,
      231, 230, 241, -1,
      241, 230, 232, -1,
      234, 235, 233, -1,
      233, 235, 236, -1,
      238, 239, 237, -1,
      237, 239, 240, -1,
      237, 240, 236, -1,
      236, 240, 241, -1,
      236, 241, 233, -1,
      233, 241, 232, -1,
      242, 243, 244, -1,
      244, 243, 245, -1,
      244, 245, 246, -1,
      246, 245, 247, -1,
      246, 247, 248, -1,
      248, 247, 249, -1,
      248, 249, 250, -1,
      250, 249, 251, -1,
      250, 251, 252, -1,
      252, 251, 253, -1,
      252, 253, 254, -1,
      254, 253, 255, -1,
      254, 255, 256, -1,
      256, 255, 257, -1,
      256, 257, 258, -1,
      258, 257, 259, -1,
      258, 259, 260, -1,
      260, 259, 261, -1,
      260, 261, 262, -1,
      262, 261, 263, -1,
      262, 263, 264, -1,
      264, 263, 265, -1,
      264, 265, 266, -1,
      266, 265, 267, -1,
      266, 267, 268, -1,
      268, 267, 269, -1,
      268, 269, 270, -1,
      270, 269, 271, -1,
      270, 271, 272, -1,
      272, 271, 273, -1,
      272, 273, 274, -1,
      274, 273, 275, -1,
      274, 275, 276, -1,
      276, 275, 242, -1,
      276, 242, 244, -1,
      250, 252, 130, -1,
      130, 252, 129, -1,
      250, 130, 131, -1,
      250, 131, 248, -1,
      248, 131, 123, -1,
      248, 123, 246, -1,
      246, 123, 122, -1,
      246, 122, 244, -1,
      244, 122, 121, -1,
      244, 121, 276, -1,
      276, 121, 127, -1,
      276, 127, 274, -1,
      274, 127, 126, -1,
      274, 126, 272, -1,
      272, 126, 125, -1,
      272, 125, 270, -1,
      270, 125, 124, -1,
      270, 124, 268, -1,
      268, 124, 134, -1,
      268, 134, 266, -1,
      266, 134, 133, -1,
      266, 133, 264, -1,
      264, 133, 132, -1,
      264, 132, 262, -1,
      262, 132, 137, -1,
      262, 137, 260, -1,
      260, 137, 136, -1,
      260, 136, 258, -1,
      258, 136, 135, -1,
      258, 135, 256, -1,
      254, 256, 128, -1,
      128, 256, 135, -1,
      252, 254, 129, -1,
      129, 254, 128, -1,
      257, 255, 277, -1,
      277, 255, 278, -1,
      255, 253, 278, -1,
      278, 253, 279, -1,
      253, 251, 279, -1,
      279, 251, 280, -1,
      243, 281, 282, -1,
      243, 282, 245, -1,
      245, 282, 283, -1,
      245, 283, 247, -1,
      247, 283, 284, -1,
      247, 284, 249, -1,
      249, 284, 280, -1,
      249, 280, 251, -1,
      271, 285, 286, -1,
      271, 286, 273, -1,
      273, 286, 287, -1,
      273, 287, 275, -1,
      275, 287, 288, -1,
      275, 288, 242, -1,
      242, 288, 281, -1,
      242, 281, 243, -1,
      263, 289, 290, -1,
      263, 290, 265, -1,
      265, 290, 291, -1,
      265, 291, 267, -1,
      267, 291, 292, -1,
      267, 292, 269, -1,
      269, 292, 285, -1,
      269, 285, 271, -1,
      257, 277, 293, -1,
      257, 293, 259, -1,
      259, 293, 294, -1,
      259, 294, 261, -1,
      261, 294, 289, -1,
      261, 289, 263, -1,
    ]
  }
}

Shape {
  appearance Appearance {
    material Material {
      diffuseColor 1.0000 1.0000 1.0000
      specularColor 0.5020 0.5020 0.5020
      ambientIntensity 0.2
      transparency 0.0000
      shininess 0.5
    }
  }
  geometry IndexedFaceSet {
    ccw TRUE
    solid FALSE
    coord DEF co Coordinate {
      point [
        -0.807087 -0.560034 -0.006764,
        -0.807087 -0.554434 -0.006764,
        -0.807087 -0.554434 -0.035343,
        -0.807087 -0.559816 -0.035343,
        -0.807087 -0.570836 -0.031476,
        -0.807087 -0.570386 -0.031895,
        -0.807087 -0.567991 -0.033553,
        -0.807087 -0.564923 -0.034737,
        -0.807087 -0.574797 -0.020693,
        -0.807087 -0.574669 -0.023088,
        -0.807087 -0.573943 -0.026474,
        -0.807087 -0.572661 -0.029220,
        -0.807087 -0.570732 -0.010251,
        -0.807087 -0.571781 -0.011287,
        -0.807087 -0.573214 -0.013369,
        -0.807087 -0.574255 -0.016084,
        -0.807087 -0.565024 -0.007344,
        -0.807087 -0.568202 -0.008542,
      ]
    }
    coordIndex [
      1, 2, 0, -1,
      0, 2, 3, -1,
      3, 7, 0, -1,
      0, 7, 6, -1,
      0, 6, 5, -1,
      5, 4, 0, -1,
      0, 4, 11, -1,
      0, 11, 10, -1,
      8, 12, 17, -1,
      15, 14, 8, -1,
      8, 14, 13, -1,
      8, 13, 12, -1,
      10, 9, 0, -1,
      0, 9, 8, -1,
      0, 8, 16, -1,
      16, 8, 17, -1,
    ]
  }
}

Shape {
  appearance Appearance {
    material Material {
      diffuseColor 0.0000 0.0000 0.0000
      specularColor 0.0000 0.0000 0.0000
      ambientIntensity 0.2
      transparency 0.0000
      shininess 0.5
    }
  }
  geometry IndexedFaceSet {
    ccw TRUE
    solid FALSE
    coord DEF co Coordinate {
      point [
        -0.807087 -0.587172 -0.039569,
        -0.807087 -0.581885 -0.039569,
        -0.807087 -0.609952 -0.039569,
        -0.807087 -0.606171 -0.029430,
        -0.807087 -0.590735 -0.029430,
        -0.807087 -0.615239 -0.039569,
        -0.807087 -0.601120 -0.002500,
        -0.807087 -0.596004 -0.002500,
        -0.811024 -0.592251 -0.025241,
        -0.811024 -0.590735 -0.029430,
        -0.811024 -0.604693 -0.025241,
        -0.811024 -0.606171 -0.029430,
        -0.811024 -0.597794 -0.009834,
        -0.811024 -0.596004 -0.002500,
        -0.811024 -0.581885 -0.039569,
        -0.811024 -0.587172 -0.039569,
        -0.811024 -0.598115 -0.008728,
        -0.811024 -0.598401 -0.007238,
        -0.811024 -0.601120 -0.002500,
        -0.811024 -0.598515 -0.007238,
        -0.811024 -0.598815 -0.008806,
        -0.811024 -0.599093 -0.009834,
        -0.811024 -0.615239 -0.039569,
        -0.811024 -0.609952 -0.039569,
        -0.807087 -0.592251 -0.025241,
        -0.807087 -0.604693 -0.025241,
        -0.807087 -0.599093 -0.009834,
        -0.807087 -0.598515 -0.007238,
        -0.807087 -0.598815 -0.008806,
        -0.807087 -0.598401 -0.007238,
        -0.807087 -0.597794 -0.009834,
        -0.807087 -0.598115 -0.008728,
      ]
    }
    coordIndex [
      8, 9, 10, -1,
      10, 9, 11, -1,
      12, 13, 8, -1,
      8, 13, 14, -1,
      8, 14, 9, -1,
      9, 14, 15, -1,
      12, 16, 13, -1,
      13, 16, 17, -1,
      13, 17, 18, -1,
      18, 17, 19, -1,
      18, 19, 20, -1,
      20, 21, 18, -1,
      18, 21, 10, -1,
      18, 10, 22, -1,
      22, 10, 11, -1,
      22, 11, 23, -1,
      18, 22, 6, -1,
      6, 22, 5, -1,
      13, 18, 7, -1,
      7, 18, 6, -1,
      14, 13, 1, -1,
      1, 13, 7, -1,
      15, 14, 0, -1,
      0, 14, 1, -1,
      9, 15, 4, -1,
      4, 15, 0, -1,
      11, 9, 3, -1,
      3, 9, 4, -1,
      23, 11, 2, -1,
      2, 11, 3, -1,
      22, 23, 5, -1,
      5, 23, 2, -1,
      8, 10, 24, -1,
      24, 10, 25, -1,
      10, 21, 25, -1,
      25, 21, 26, -1,
      19, 27, 28, -1,
      19, 28, 20, -1,
      20, 28, 26, -1,
      20, 26, 21, -1,
      19, 17, 27, -1,
      27, 17, 29, -1,
      12, 30, 31, -1,
      12, 31, 16, -1,
      16, 31, 29, -1,
      16, 29, 17, -1,
      12, 8, 30, -1,
      30, 8, 24, -1,
    ]
  }
}

Shape {
  appearance Appearance {
    material Material {
      diffuseColor 1.0000 1.0000 1.0000
      specularColor 0.5020 0.5020 0.5020
      ambientIntensity 0.2
      transparency 0.0000
      shininess 0.5
    }
  }
  geometry IndexedFaceSet {
    ccw TRUE
    solid FALSE
    coord DEF co Coordinate {
      point [
        -0.807087 -0.592251 -0.025241,
        -0.807087 -0.604693 -0.025241,
        -0.807087 -0.599093 -0.009834,
        -0.807087 -0.598515 -0.007238,
        -0.807087 -0.598815 -0.008806,
        -0.807087 -0.598401 -0.007238,
        -0.807087 -0.597794 -0.009834,
        -0.807087 -0.598115 -0.008728,
      ]
    }
    coordIndex [
      3, 5, 4, -1,
      4, 5, 7, -1,
      4, 7, 2, -1,
      2, 7, 6, -1,
      2, 6, 1, -1,
      1, 6, 0, -1,
    ]
  }
}

Shape {
  appearance Appearance {
    material Material {
      diffuseColor 0.0000 0.0000 0.0000
      specularColor 0.0000 0.0000 0.0000
      ambientIntensity 0.2
      transparency 0.0000
      shininess 0.5
    }
  }
  geometry IndexedFaceSet {
    ccw TRUE
    solid FALSE
    coord DEF co Coordinate {
      point [
        -0.807087 -0.372735 0.027399,
        -0.807087 -0.379883 0.021353,
        -0.807087 -0.338622 0.059929,
        -0.807087 -0.343439 0.056619,
        -0.807087 -0.349367 0.052548,
        -0.807087 -0.358219 0.042261,
        -0.807087 -0.363598 0.031726,
        -0.807087 -0.364892 0.031292,
        -0.807087 -0.288942 0.060279,
        -0.807087 -0.301138 0.064806,
        -0.807087 -0.325496 0.064864,
        -0.807087 -0.313523 0.066252,
        -0.807087 -0.282952 0.056619,
        -0.807087 -0.281896 0.055974,
        -0.807087 -0.225284 0.018925,
        -0.807087 -0.227593 0.024132,
        -0.807087 -0.233929 0.032254,
        -0.807087 -0.253856 0.043622,
        -0.807087 -0.264238 0.044904,
        -0.807087 -0.275702 0.050670,
        -0.807087 -0.267269 0.044740,
        -0.807087 -0.270300 0.044377,
        -0.807087 -0.235709 0.033939,
        -0.807087 -0.244092 0.039831,
        -0.807087 -0.240840 -0.033535,
        -0.807087 -0.232611 -0.026519,
        -0.807087 -0.250365 -0.038174,
        -0.807087 -0.226592 -0.017926,
        -0.807087 -0.222817 -0.008114,
        -0.807087 -0.221542 0.002208,
        -0.807087 -0.221616 0.004738,
        -0.807087 -0.222209 0.008056,
        -0.807087 -0.223386 0.014644,
        -0.807087 -0.253696 -0.039170,
        -0.807087 -0.254028 -0.039881,
        -0.807087 -0.256341 -0.044829,
        -0.807087 -0.260262 -0.049666,
        -0.807087 -0.285116 -0.056306,
        -0.807087 -0.278733 -0.057092,
        -0.807087 -0.277723 -0.057073,
        -0.807087 -0.271500 -0.056104,
        -0.807087 -0.267835 -0.054565,
        -0.807087 -0.265418 -0.053550,
        -0.807087 -0.303428 -0.039881,
        -0.807087 -0.303401 -0.039993,
        -0.807087 -0.300281 -0.045866,
        -0.807087 -0.296243 -0.050393,
        -0.807087 -0.290994 -0.054047,
        -0.807087 -0.289644 -0.054565,
        -0.807087 -0.388485 0.005806,
        -0.807087 -0.389691 -0.002799,
        -0.807087 -0.337082 -0.024333,
        -0.807087 -0.338890 -0.023619,
        -0.807087 -0.341987 -0.008598,
        -0.807087 -0.379939 -0.027837,
        -0.807087 -0.372768 -0.033907,
        -0.807087 -0.298500 -0.013078,
        -0.807087 -0.333817 0.005371,
        -0.807087 -0.293892 -0.008882,
        -0.807087 -0.288298 -0.005886,
        -0.807087 -0.335461 -0.025482,
        -0.807087 -0.385171 -0.020549,
        -0.807087 -0.373220 -0.000744,
        -0.807087 -0.371980 0.004318,
        -0.807087 -0.369962 0.008056,
        -0.807087 -0.238802 0.008056,
        -0.807087 -0.388481 -0.012205,
        -0.807087 -0.340933 -0.023357,
        -0.807087 -0.341189 -0.023375,
        -0.807087 -0.341980 -0.023550,
        -0.807087 -0.240354 -0.007785,
        -0.807087 -0.243489 -0.013117,
        -0.807087 -0.256870 -0.015848,
        -0.807087 -0.248213 -0.017972,
        -0.807087 -0.253959 -0.021512,
        -0.807087 -0.266616 -0.007121,
        -0.807087 -0.261228 -0.010866,
        -0.807087 -0.238146 0.002735,
        -0.807087 -0.238462 -0.001335,
        -0.807087 -0.272437 -0.004893,
        -0.807087 -0.278733 -0.004117,
        -0.807087 -0.281937 -0.004307,
        -0.807087 -0.332763 -0.031527,
        -0.807087 -0.332830 -0.030487,
        -0.807087 -0.305089 -0.028101,
        -0.807087 -0.333359 -0.028481,
        -0.807087 -0.334372 -0.026683,
        -0.807087 -0.367999 -0.017005,
        -0.807087 -0.370899 -0.012894,
        -0.807087 -0.372717 -0.008197,
        -0.807087 -0.373350 -0.003063,
        -0.807087 -0.338921 -0.039458,
        -0.807087 -0.337178 -0.038772,
        -0.807087 -0.335468 -0.037557,
        -0.807087 -0.334856 -0.036933,
        -0.807087 -0.333707 -0.035277,
        -0.807087 -0.333013 -0.033490,
        -0.807087 -0.304945 -0.033488,
        -0.807087 -0.305089 -0.030736,
        -0.807087 -0.364727 -0.037843,
        -0.807087 -0.355956 -0.039697,
        -0.807087 -0.340406 -0.039697,
        -0.807087 -0.342514 -0.023620,
        -0.807087 -0.354374 -0.023620,
        -0.807087 -0.359111 -0.022712,
        -0.807087 -0.363761 -0.020556,
        -0.807087 -0.367657 -0.017372,
        -0.807087 -0.350684 0.017494,
        -0.807087 -0.241191 0.014996,
        -0.807087 -0.238932 0.009118,
        -0.807087 -0.352793 0.017494,
        -0.807087 -0.369527 0.008863,
        -0.807087 -0.366495 0.012248,
        -0.807087 -0.362408 0.015103,
        -0.807087 -0.357809 0.016875,
        -0.807087 -0.344999 0.033334,
        -0.807087 -0.339052 0.040435,
        -0.807087 -0.278470 0.025137,
        -0.807087 -0.338395 0.041033,
        -0.807087 -0.330991 0.046172,
        -0.807087 -0.282496 0.033475,
        -0.807087 -0.243926 0.018925,
        -0.807087 -0.276600 0.026160,
        -0.807087 -0.350370 0.018925,
        -0.807087 -0.349068 0.024844,
        -0.807087 -0.270691 0.028323,
        -0.807087 -0.264501 0.029091,
        -0.807087 -0.261750 0.028947,
        -0.807087 -0.288408 0.040537,
        -0.807087 -0.322726 0.049340,
        -0.807087 -0.295473 0.045699,
        -0.807087 -0.313786 0.050439,
        -0.807087 -0.304083 0.049189,
        -0.807087 -0.255244 0.027403,
        -0.807087 -0.249372 0.024283,
        -0.807087 -0.244844 0.020245,
        -0.807087 -0.381626 0.018925,
        -0.807087 -0.385263 0.013855,
        -0.807087 -0.387584 0.008056,
        -0.811024 -0.256341 -0.044829,
        -0.811024 -0.260262 -0.049666,
        -0.811024 -0.253959 -0.021512,
        -0.811024 -0.305089 -0.028101,
        -0.811024 -0.341987 -0.008598,
        -0.811024 -0.288685 -0.029845,
        -0.811024 -0.288101 -0.027397,
        -0.811024 -0.249372 0.024283,
        -0.811024 -0.255244 0.027403,
        -0.811024 -0.253856 0.043622,
        -0.811024 -0.298500 -0.013078,
        -0.811024 -0.278470 -0.020721,
        -0.811024 -0.280740 -0.020977,
        -0.811024 -0.270300 0.044377,
        -0.811024 -0.278470 0.025137,
        -0.811024 -0.282496 0.033475,
        -0.811024 -0.283180 -0.021871,
        -0.811024 -0.285288 -0.023317,
        -0.811024 -0.286973 -0.025225,
        -0.811024 -0.248213 -0.017972,
        -0.811024 -0.250365 -0.038174,
        -0.811024 -0.253696 -0.039170,
        -0.811024 -0.264238 0.044904,
        -0.811024 -0.333817 0.005371,
        -0.811024 -0.305089 -0.030736,
        -0.811024 -0.288688 -0.032109,
        -0.811024 -0.304945 -0.033488,
        -0.811024 -0.275892 -0.021052,
        -0.811024 -0.272437 -0.004893,
        -0.811024 -0.273591 -0.021960,
        -0.811024 -0.266616 -0.007121,
        -0.811024 -0.271530 -0.023426,
        -0.811024 -0.261228 -0.010866,
        -0.811024 -0.270488 -0.024527,
        -0.811024 -0.256870 -0.015848,
        -0.811024 -0.269126 -0.026707,
        -0.811024 -0.268349 -0.029188,
        -0.811024 -0.268218 -0.031756,
        -0.811024 -0.288298 -0.005886,
        -0.811024 -0.281937 -0.004307,
        -0.811024 -0.278733 -0.004117,
        -0.811024 -0.350684 0.017494,
        -0.811024 -0.352793 0.017494,
        -0.811024 -0.363598 0.031726,
        -0.811024 -0.357809 0.016875,
        -0.811024 -0.364892 0.031292,
        -0.811024 -0.362408 0.015103,
        -0.811024 -0.372735 0.027399,
        -0.811024 -0.379883 0.021353,
        -0.811024 -0.275702 0.050670,
        -0.811024 -0.288408 0.040537,
        -0.811024 -0.281896 0.055974,
        -0.811024 -0.295473 0.045699,
        -0.811024 -0.288942 0.060279,
        -0.811024 -0.261750 0.028947,
        -0.811024 -0.264501 0.029091,
        -0.811024 -0.267269 0.044740,
        -0.811024 -0.270691 0.028323,
        -0.811024 -0.276600 0.026160,
        -0.811024 -0.379939 -0.027837,
        -0.811024 -0.367657 -0.017372,
        -0.811024 -0.372768 -0.033907,
        -0.811024 -0.363761 -0.020556,
        -0.811024 -0.364727 -0.037843,
        -0.811024 -0.359111 -0.022712,
        -0.811024 -0.355956 -0.039697,
        -0.811024 -0.354374 -0.023620,
        -0.811024 -0.340406 -0.039697,
        -0.811024 -0.342514 -0.023620,
        -0.811024 -0.338921 -0.039458,
        -0.811024 -0.293892 -0.008882,
        -0.811024 -0.366495 0.012248,
        -0.811024 -0.369527 0.008863,
        -0.811024 -0.385263 0.013855,
        -0.811024 -0.371980 0.004318,
        -0.811024 -0.388485 0.005806,
        -0.811024 -0.373220 -0.000744,
        -0.811024 -0.389691 -0.002799,
        -0.811024 -0.373350 -0.003063,
        -0.811024 -0.388481 -0.012205,
        -0.811024 -0.372717 -0.008197,
        -0.811024 -0.385171 -0.020549,
        -0.811024 -0.370899 -0.012894,
        -0.811024 -0.367999 -0.017005,
        -0.811024 -0.349367 0.052548,
        -0.811024 -0.339052 0.040435,
        -0.811024 -0.358219 0.042261,
        -0.811024 -0.344999 0.033334,
        -0.811024 -0.349068 0.024844,
        -0.811024 -0.238932 0.009118,
        -0.811024 -0.221616 0.004738,
        -0.811024 -0.238146 0.002735,
        -0.811024 -0.221542 0.002208,
        -0.811024 -0.238462 -0.001335,
        -0.811024 -0.222817 -0.008114,
        -0.811024 -0.240354 -0.007785,
        -0.811024 -0.226592 -0.017926,
        -0.811024 -0.243489 -0.013117,
        -0.811024 -0.232611 -0.026519,
        -0.811024 -0.240840 -0.033535,
        -0.811024 -0.268706 -0.034228,
        -0.811024 -0.269750 -0.036443,
        -0.811024 -0.301138 0.064806,
        -0.811024 -0.304083 0.049189,
        -0.811024 -0.313523 0.066252,
        -0.811024 -0.313786 0.050439,
        -0.811024 -0.325496 0.064864,
        -0.811024 -0.322726 0.049340,
        -0.811024 -0.338622 0.059929,
        -0.811024 -0.330991 0.046172,
        -0.811024 -0.338395 0.041033,
        -0.811024 -0.244092 0.039831,
        -0.811024 -0.235709 0.033939,
        -0.811024 -0.244844 0.020245,
        -0.811024 -0.233929 0.032254,
        -0.811024 -0.241191 0.014996,
        -0.811024 -0.227593 0.024132,
        -0.811024 -0.223386 0.014644,
        -0.811024 -0.303401 -0.039993,
        -0.811024 -0.288077 -0.034643,
        -0.811024 -0.300281 -0.045866,
        -0.811024 -0.286866 -0.036917,
        -0.811024 -0.296243 -0.050393,
        -0.811024 -0.285377 -0.038606,
        -0.811024 -0.290994 -0.054047,
        -0.811024 -0.283372 -0.040037,
        -0.811024 -0.285116 -0.056306,
        -0.811024 -0.281087 -0.040944,
        -0.811024 -0.278733 -0.057092,
        -0.811024 -0.278470 -0.041279,
        -0.811024 -0.277723 -0.057073,
        -0.811024 -0.278021 -0.041269,
        -0.811024 -0.271500 -0.056104,
        -0.811024 -0.275655 -0.040883,
        -0.811024 -0.265418 -0.053550,
        -0.811024 -0.273272 -0.039860,
        -0.811024 -0.271255 -0.038314,
        -0.811024 -0.341189 -0.023375,
        -0.811024 -0.334856 -0.036933,
        -0.811024 -0.335468 -0.037557,
        -0.811024 -0.341980 -0.023550,
        -0.811024 -0.337178 -0.038772,
        -0.811024 -0.332763 -0.031527,
        -0.811024 -0.333013 -0.033490,
        -0.811024 -0.333707 -0.035277,
        -0.811024 -0.338890 -0.023619,
        -0.811024 -0.337082 -0.024333,
        -0.811024 -0.332830 -0.030487,
        -0.811024 -0.335461 -0.025482,
        -0.811024 -0.334372 -0.026683,
        -0.811024 -0.333359 -0.028481,
        -0.811024 -0.340933 -0.023357,
        -0.807087 -0.278470 -0.020721,
        -0.807087 -0.280740 -0.020977,
        -0.807087 -0.283180 -0.021871,
        -0.807087 -0.285288 -0.023317,
        -0.807087 -0.286973 -0.025225,
        -0.807087 -0.288101 -0.027397,
        -0.807087 -0.288685 -0.029845,
        -0.807087 -0.288688 -0.032109,
        -0.807087 -0.288077 -0.034643,
        -0.807087 -0.286866 -0.036917,
        -0.807087 -0.285377 -0.038606,
        -0.807087 -0.283372 -0.040037,
        -0.807087 -0.281087 -0.040944,
        -0.807087 -0.278470 -0.041279,
        -0.807087 -0.278021 -0.041269,
        -0.807087 -0.275655 -0.040883,
        -0.807087 -0.273272 -0.039860,
        -0.807087 -0.271255 -0.038314,
        -0.807087 -0.269750 -0.036443,
        -0.807087 -0.268706 -0.034228,
        -0.807087 -0.268218 -0.031756,
        -0.807087 -0.268349 -0.029188,
        -0.807087 -0.269126 -0.026707,
        -0.807087 -0.270488 -0.024527,
        -0.807087 -0.271530 -0.023426,
        -0.807087 -0.273591 -0.021960,
        -0.807087 -0.275892 -0.021052,
      ]
    }
    coordIndex [
      139, 140, 141, -1,
      142, 143, 144, -1,
      144, 143, 145, -1,
      146, 147, 148, -1,
      149, 150, 151, -1,
      152, 153, 154, -1,
      151, 155, 149, -1,
      149, 155, 156, -1,
      149, 156, 157, -1,
      158, 159, 141, -1,
      141, 159, 160, -1,
      141, 160, 139, -1,
      148, 147, 161, -1,
      145, 143, 157, -1,
      157, 143, 162, -1,
      157, 162, 149, -1,
      142, 144, 163, -1,
      163, 144, 164, -1,
      163, 164, 165, -1,
      166, 167, 168, -1,
      168, 167, 169, -1,
      168, 169, 170, -1,
      170, 169, 171, -1,
      170, 171, 172, -1,
      172, 171, 173, -1,
      172, 173, 174, -1,
      174, 173, 141, -1,
      174, 141, 175, -1,
      175, 141, 176, -1,
      177, 178, 166, -1,
      166, 178, 179, -1,
      166, 179, 167, -1,
      180, 181, 182, -1,
      182, 181, 183, -1,
      182, 183, 184, -1,
      184, 183, 185, -1,
      184, 185, 186, -1,
      186, 185, 187, -1,
      152, 154, 188, -1,
      188, 154, 189, -1,
      188, 189, 190, -1,
      190, 189, 191, -1,
      190, 191, 192, -1,
      147, 193, 161, -1,
      161, 193, 194, -1,
      161, 194, 195, -1,
      195, 194, 196, -1,
      195, 196, 152, -1,
      152, 196, 197, -1,
      152, 197, 153, -1,
      198, 199, 200, -1,
      200, 199, 201, -1,
      200, 201, 202, -1,
      202, 201, 203, -1,
      202, 203, 204, -1,
      204, 203, 205, -1,
      204, 205, 206, -1,
      206, 205, 207, -1,
      206, 207, 208, -1,
      150, 149, 166, -1,
      166, 149, 209, -1,
      166, 209, 177, -1,
      185, 210, 187, -1,
      187, 210, 211, -1,
      187, 211, 212, -1,
      212, 211, 213, -1,
      212, 213, 214, -1,
      214, 213, 215, -1,
      214, 215, 216, -1,
      216, 215, 217, -1,
      216, 217, 218, -1,
      218, 217, 219, -1,
      218, 219, 220, -1,
      220, 219, 221, -1,
      220, 221, 198, -1,
      198, 221, 222, -1,
      198, 222, 199, -1,
      223, 224, 225, -1,
      225, 224, 226, -1,
      225, 226, 182, -1,
      182, 226, 227, -1,
      182, 227, 180, -1,
      228, 229, 230, -1,
      230, 229, 231, -1,
      230, 231, 232, -1,
      232, 231, 233, -1,
      232, 233, 234, -1,
      234, 233, 235, -1,
      234, 235, 236, -1,
      236, 235, 237, -1,
      236, 237, 158, -1,
      158, 237, 238, -1,
      158, 238, 159, -1,
      176, 141, 239, -1,
      239, 141, 140, -1,
      239, 140, 240, -1,
      192, 191, 241, -1,
      241, 191, 242, -1,
      241, 242, 243, -1,
      243, 242, 244, -1,
      243, 244, 245, -1,
      245, 244, 246, -1,
      245, 246, 247, -1,
      247, 246, 248, -1,
      247, 248, 223, -1,
      223, 248, 249, -1,
      223, 249, 224, -1,
      148, 250, 146, -1,
      146, 250, 251, -1,
      146, 251, 252, -1,
      252, 251, 253, -1,
      252, 253, 254, -1,
      254, 253, 255, -1,
      254, 255, 228, -1,
      228, 255, 256, -1,
      228, 256, 229, -1,
      165, 164, 257, -1,
      257, 164, 258, -1,
      257, 258, 259, -1,
      259, 258, 260, -1,
      259, 260, 261, -1,
      261, 260, 262, -1,
      261, 262, 263, -1,
      263, 262, 264, -1,
      263, 264, 265, -1,
      265, 264, 266, -1,
      265, 266, 267, -1,
      267, 266, 268, -1,
      267, 268, 269, -1,
      269, 268, 270, -1,
      269, 270, 271, -1,
      271, 270, 272, -1,
      271, 272, 273, -1,
      273, 272, 274, -1,
      273, 274, 140, -1,
      140, 274, 275, -1,
      140, 275, 240, -1,
      276, 277, 278, -1,
      207, 279, 208, -1,
      208, 279, 276, -1,
      208, 276, 280, -1,
      280, 276, 278, -1,
      281, 282, 276, -1,
      276, 282, 283, -1,
      276, 283, 277, -1,
      284, 285, 286, -1,
      285, 287, 286, -1,
      286, 287, 288, -1,
      286, 288, 289, -1,
      281, 276, 286, -1,
      286, 276, 290, -1,
      286, 290, 284, -1,
      136, 187, 137, -1,
      137, 187, 212, -1,
      137, 212, 138, -1,
      138, 212, 214, -1,
      138, 214, 49, -1,
      49, 214, 216, -1,
      49, 216, 50, -1,
      136, 1, 187, -1,
      187, 1, 0, -1,
      187, 0, 186, -1,
      186, 0, 7, -1,
      186, 7, 184, -1,
      184, 7, 6, -1,
      184, 6, 182, -1,
      182, 6, 5, -1,
      182, 5, 225, -1,
      225, 5, 4, -1,
      225, 4, 223, -1,
      223, 4, 247, -1,
      247, 4, 3, -1,
      3, 2, 247, -1,
      247, 2, 10, -1,
      247, 10, 245, -1,
      245, 10, 11, -1,
      245, 11, 243, -1,
      13, 190, 12, -1,
      12, 190, 192, -1,
      12, 192, 8, -1,
      8, 192, 241, -1,
      8, 241, 9, -1,
      9, 241, 243, -1,
      9, 243, 11, -1,
      190, 13, 19, -1,
      190, 19, 188, -1,
      188, 19, 21, -1,
      188, 21, 152, -1,
      152, 21, 20, -1,
      152, 20, 195, -1,
      195, 20, 18, -1,
      195, 18, 161, -1,
      161, 18, 17, -1,
      161, 17, 148, -1,
      148, 17, 23, -1,
      148, 23, 250, -1,
      250, 23, 22, -1,
      250, 22, 251, -1,
      251, 22, 16, -1,
      251, 16, 253, -1,
      256, 255, 15, -1,
      15, 255, 253, -1,
      15, 253, 16, -1,
      15, 14, 256, -1,
      256, 14, 32, -1,
      256, 32, 229, -1,
      229, 32, 31, -1,
      31, 30, 229, -1,
      229, 30, 29, -1,
      229, 29, 231, -1,
      231, 29, 28, -1,
      231, 28, 233, -1,
      233, 28, 27, -1,
      233, 27, 235, -1,
      235, 27, 25, -1,
      235, 25, 237, -1,
      237, 25, 24, -1,
      237, 24, 238, -1,
      238, 24, 26, -1,
      238, 26, 159, -1,
      159, 26, 33, -1,
      159, 33, 160, -1,
      160, 33, 34, -1,
      160, 34, 139, -1,
      34, 35, 139, -1,
      139, 35, 36, -1,
      139, 36, 140, -1,
      140, 36, 42, -1,
      140, 42, 273, -1,
      273, 42, 41, -1,
      273, 41, 271, -1,
      41, 40, 271, -1,
      271, 40, 39, -1,
      271, 39, 269, -1,
      269, 39, 38, -1,
      269, 38, 267, -1,
      98, 163, 165, -1,
      267, 38, 37, -1,
      267, 37, 265, -1,
      265, 37, 48, -1,
      265, 48, 263, -1,
      48, 47, 263, -1,
      263, 47, 46, -1,
      263, 46, 261, -1,
      261, 46, 45, -1,
      261, 45, 259, -1,
      259, 45, 44, -1,
      259, 44, 257, -1,
      257, 44, 43, -1,
      257, 43, 165, -1,
      165, 43, 97, -1,
      165, 97, 98, -1,
      142, 163, 84, -1,
      84, 163, 98, -1,
      143, 142, 53, -1,
      53, 142, 84, -1,
      162, 143, 57, -1,
      57, 143, 53, -1,
      149, 162, 56, -1,
      56, 162, 57, -1,
      149, 56, 58, -1,
      149, 58, 209, -1,
      209, 58, 59, -1,
      209, 59, 177, -1,
      177, 59, 81, -1,
      177, 81, 178, -1,
      178, 81, 80, -1,
      178, 80, 179, -1,
      179, 80, 79, -1,
      179, 79, 167, -1,
      167, 79, 75, -1,
      167, 75, 169, -1,
      169, 75, 76, -1,
      169, 76, 171, -1,
      171, 76, 72, -1,
      171, 72, 173, -1,
      173, 72, 74, -1,
      173, 74, 141, -1,
      141, 74, 73, -1,
      141, 73, 158, -1,
      158, 73, 71, -1,
      158, 71, 236, -1,
      236, 71, 70, -1,
      236, 70, 234, -1,
      234, 70, 78, -1,
      234, 78, 232, -1,
      232, 78, 77, -1,
      232, 77, 230, -1,
      77, 65, 230, -1,
      230, 65, 228, -1,
      65, 109, 228, -1,
      228, 109, 108, -1,
      228, 108, 254, -1,
      254, 108, 121, -1,
      254, 121, 252, -1,
      121, 135, 252, -1,
      252, 135, 134, -1,
      252, 134, 146, -1,
      146, 134, 133, -1,
      146, 133, 147, -1,
      147, 133, 127, -1,
      147, 127, 193, -1,
      193, 127, 126, -1,
      193, 126, 194, -1,
      194, 126, 125, -1,
      194, 125, 196, -1,
      196, 125, 122, -1,
      196, 122, 197, -1,
      197, 122, 117, -1,
      197, 117, 153, -1,
      153, 117, 120, -1,
      153, 120, 154, -1,
      154, 120, 128, -1,
      154, 128, 189, -1,
      189, 128, 130, -1,
      189, 130, 191, -1,
      191, 130, 132, -1,
      191, 132, 242, -1,
      242, 132, 131, -1,
      242, 131, 244, -1,
      107, 180, 123, -1,
      123, 180, 227, -1,
      123, 227, 124, -1,
      124, 227, 226, -1,
      124, 226, 115, -1,
      115, 226, 224, -1,
      115, 224, 116, -1,
      116, 224, 249, -1,
      116, 249, 118, -1,
      118, 249, 248, -1,
      118, 248, 119, -1,
      119, 248, 246, -1,
      119, 246, 129, -1,
      129, 246, 244, -1,
      129, 244, 131, -1,
      181, 180, 110, -1,
      110, 180, 107, -1,
      181, 110, 114, -1,
      181, 114, 183, -1,
      183, 114, 113, -1,
      183, 113, 185, -1,
      185, 113, 112, -1,
      185, 112, 210, -1,
      210, 112, 111, -1,
      210, 111, 211, -1,
      211, 111, 64, -1,
      211, 64, 213, -1,
      64, 63, 213, -1,
      213, 63, 62, -1,
      213, 62, 215, -1,
      215, 62, 90, -1,
      215, 90, 217, -1,
      217, 90, 89, -1,
      217, 89, 219, -1,
      219, 89, 88, -1,
      219, 88, 221, -1,
      221, 88, 87, -1,
      221, 87, 222, -1,
      222, 87, 106, -1,
      222, 106, 199, -1,
      199, 106, 105, -1,
      199, 105, 201, -1,
      201, 105, 104, -1,
      201, 104, 203, -1,
      203, 104, 103, -1,
      203, 103, 205, -1,
      207, 205, 102, -1,
      102, 205, 103, -1,
      207, 102, 69, -1,
      207, 69, 279, -1,
      279, 69, 68, -1,
      279, 68, 276, -1,
      276, 68, 67, -1,
      276, 67, 290, -1,
      290, 67, 52, -1,
      290, 52, 284, -1,
      284, 52, 51, -1,
      284, 51, 285, -1,
      285, 51, 60, -1,
      285, 60, 287, -1,
      287, 60, 86, -1,
      287, 86, 288, -1,
      288, 86, 85, -1,
      288, 85, 289, -1,
      289, 85, 83, -1,
      289, 83, 286, -1,
      286, 83, 82, -1,
      286, 82, 281, -1,
      281, 82, 96, -1,
      281, 96, 282, -1,
      282, 96, 95, -1,
      282, 95, 283, -1,
      283, 95, 94, -1,
      283, 94, 277, -1,
      277, 94, 93, -1,
      277, 93, 278, -1,
      278, 93, 92, -1,
      278, 92, 280, -1,
      280, 92, 91, -1,
      280, 91, 208, -1,
      208, 91, 101, -1,
      208, 101, 206, -1,
      204, 206, 100, -1,
      100, 206, 101, -1,
      204, 100, 99, -1,
      204, 99, 202, -1,
      202, 99, 55, -1,
      202, 55, 200, -1,
      200, 55, 54, -1,
      200, 54, 198, -1,
      198, 54, 61, -1,
      198, 61, 220, -1,
      220, 61, 66, -1,
      220, 66, 218, -1,
      218, 66, 50, -1,
      218, 50, 216, -1,
      150, 291, 292, -1,
      150, 292, 151, -1,
      151, 292, 293, -1,
      151, 293, 155, -1,
      155, 293, 294, -1,
      155, 294, 156, -1,
      156, 294, 295, -1,
      156, 295, 157, -1,
      157, 295, 296, -1,
      157, 296, 145, -1,
      145, 296, 297, -1,
      145, 297, 144, -1,
      144, 297, 298, -1,
      144, 298, 164, -1,
      164, 298, 299, -1,
      164, 299, 258, -1,
      258, 299, 300, -1,
      258, 300, 260, -1,
      260, 300, 301, -1,
      260, 301, 262, -1,
      262, 301, 302, -1,
      262, 302, 264, -1,
      264, 302, 303, -1,
      264, 303, 266, -1,
      266, 303, 304, -1,
      266, 304, 268, -1,
      268, 304, 305, -1,
      268, 305, 270, -1,
      270, 305, 306, -1,
      270, 306, 272, -1,
      272, 306, 307, -1,
      272, 307, 274, -1,
      274, 307, 308, -1,
      274, 308, 275, -1,
      275, 308, 309, -1,
      275, 309, 240, -1,
      240, 309, 310, -1,
      240, 310, 239, -1,
      239, 310, 311, -1,
      239, 311, 176, -1,
      176, 311, 312, -1,
      176, 312, 175, -1,
      175, 312, 313, -1,
      175, 313, 174, -1,
      174, 313, 314, -1,
      174, 314, 172, -1,
      172, 314, 315, -1,
      172, 315, 170, -1,
      170, 315, 316, -1,
      170, 316, 168, -1,
      168, 316, 317, -1,
      168, 317, 166, -1,
      166, 317, 291, -1,
      166, 291, 150, -1,
    ]
  }
}

Shape {
  appearance Appearance {
    material Material {
      diffuseColor 1.0000 1.0000 1.0000
      specularColor 0.5020 0.5020 0.5020
      ambientIntensity 0.2
      transparency 0.0000
      shininess 0.5
    }
  }
  geometry IndexedFaceSet {
    ccw TRUE
    solid FALSE
    coord DEF co Coordinate {
      point [
        -0.807087 -0.278470 -0.020721,
        -0.807087 -0.280740 -0.020977,
        -0.807087 -0.283180 -0.021871,
        -0.807087 -0.285288 -0.023317,
        -0.807087 -0.286973 -0.025225,
        -0.807087 -0.288101 -0.027397,
        -0.807087 -0.288685 -0.029845,
        -0.807087 -0.288688 -0.032109,
        -0.807087 -0.288077 -0.034643,
        -0.807087 -0.286866 -0.036917,
        -0.807087 -0.285377 -0.038606,
        -0.807087 -0.283372 -0.040037,
        -0.807087 -0.281087 -0.040944,
        -0.807087 -0.278470 -0.041279,
        -0.807087 -0.278021 -0.041269,
        -0.807087 -0.275655 -0.040883,
        -0.807087 -0.273272 -0.039860,
        -0.807087 -0.271255 -0.038314,
        -0.807087 -0.269750 -0.036443,
        -0.807087 -0.268706 -0.034228,
        -0.807087 -0.268218 -0.031756,
        -0.807087 -0.268349 -0.029188,
        -0.807087 -0.269126 -0.026707,
        -0.807087 -0.270488 -0.024527,
        -0.807087 -0.271530 -0.023426,
        -0.807087 -0.273591 -0.021960,
        -0.807087 -0.275892 -0.021052,
      ]
    }
    coordIndex [
      14, 24, 23, -1,
      0, 26, 14, -1,
      14, 26, 25, -1,
      14, 25, 24, -1,
      19, 18, 23, -1,
      23, 18, 17, -1,
      0, 14, 1, -1,
      1, 14, 13, -1,
      1, 13, 12, -1,
      12, 11, 1, -1,
      1, 11, 10, -1,
      1, 10, 9, -1,
      1, 6, 5, -1,
      5, 4, 1, -1,
      1, 4, 3, -1,
      1, 3, 2, -1,
      22, 21, 23, -1,
      23, 21, 20, -1,
      23, 20, 19, -1,
      17, 16, 23, -1,
      23, 16, 15, -1,
      23, 15, 14, -1,
      9, 8, 1, -1,
      1, 8, 7, -1,
      1, 7, 6, -1,
    ]
  }
}

Shape {
  appearance Appearance {
    material Material {
      diffuseColor 0.6471 0.6196 0.5882
      specularColor 0.4510 0.4353 0.4118
      ambientIntensity 0.2
      transparency 0.0000
      shininess 0.5
    }
  }
  geometry IndexedFaceSet {
    ccw TRUE
    solid FALSE
    coord DEF co Coordinate {
      point [
        0.354331 0.098425 -0.157480,
        -0.354331 0.098425 -0.157480,
        -0.354331 0.098425 0.157480,
        0.354331 0.098425 0.157480,
        -0.866142 0.098031 0.139764,
        -0.944882 0.098031 0.139764,
        -0.866128 0.098133 0.139764,
        -0.942185 0.118513 0.139764,
        -0.866089 0.098228 0.139764,
        -0.934280 0.137598 0.139764,
        -0.866026 0.098310 0.139764,
        -0.921704 0.153987 0.139764,
        -0.865945 0.098372 0.139764,
        -0.905315 0.166563 0.139764,
        -0.865850 0.098412 0.139764,
        -0.886230 0.174469 0.139764,
        -0.865748 0.098425 0.139764,
        -0.865748 0.177165 0.139764,
        -0.865748 0.177165 -0.057087,
        -0.865748 0.177165 -0.379921,
        -0.886230 0.174469 -0.379921,
        -0.886230 0.174469 -0.057087,
        -0.905315 0.166563 -0.379921,
        -0.905315 0.166563 -0.057087,
        -0.921704 0.153987 -0.379921,
        -0.921704 0.153987 -0.057087,
        -0.934280 0.137598 -0.379921,
        -0.934280 0.137598 -0.057087,
        -0.942185 0.118513 -0.379921,
        -0.942185 0.118513 -0.057087,
        -0.944882 0.098031 -0.379921,
        -0.944882 0.098031 -0.057087,
        -0.865748 0.177165 0.360236,
        -0.886230 0.174469 0.360236,
        -0.905315 0.166563 0.360236,
        -0.921704 0.153987 0.360236,
        -0.934280 0.137598 0.360236,
        -0.942185 0.118513 0.360236,
        -0.944882 0.098031 0.360236,
        -0.866142 0.098031 -0.057087,
        -0.866142 0.098031 -0.379921,
        -0.866128 0.098133 -0.057087,
        -0.866128 0.098133 -0.379921,
        -0.866089 0.098228 -0.057087,
        -0.866089 0.098228 -0.379921,
        -0.866026 0.098310 -0.057087,
        -0.866026 0.098310 -0.379921,
        -0.865945 0.098372 -0.057087,
        -0.865945 0.098372 -0.379921,
        -0.865850 0.098412 -0.057087,
        -0.865850 0.098412 -0.379921,
        -0.865748 0.098425 -0.057087,
        -0.865748 0.098425 -0.379921,
        -0.866142 0.098031 0.360236,
        -0.866128 0.098133 0.360236,
        -0.866089 0.098228 0.360236,
        -0.866026 0.098310 0.360236,
        -0.865945 0.098372 0.360236,
        -0.865850 0.098412 0.360236,
        -0.865748 0.098425 0.360236,
        -0.944882 -0.177165 -0.379921,
        -0.944882 -0.177165 -0.057087,
        -0.866142 -0.177165 -0.057087,
        -0.866142 -0.177165 -0.379921,
        0.865748 0.177165 0.139764,
        0.865748 0.177165 0.360236,
        0.886230 0.174469 0.360236,
        0.886230 0.174469 0.139764,
        0.905315 0.166563 0.360236,
        0.905315 0.166563 0.139764,
        0.921704 0.153987 0.360236,
        0.921704 0.153987 0.139764,
        0.934280 0.137598 0.360236,
        0.934280 0.137598 0.139764,
        0.942185 0.118513 0.360236,
        0.942185 0.118513 0.139764,
        0.944882 0.098031 0.360236,
        0.944882 0.098031 0.139764,
        0.866142 0.098031 0.139764,
        0.866142 0.098031 0.360236,
        0.866128 0.098133 0.139764,
        0.866128 0.098133 0.360236,
        0.866089 0.098228 0.139764,
        0.866089 0.098228 0.360236,
        0.866026 0.098310 0.139764,
        0.866026 0.098310 0.360236,
        0.865945 0.098372 0.139764,
        0.865945 0.098372 0.360236,
        0.865850 0.098412 0.139764,
        0.865850 0.098412 0.360236,
        0.865748 0.098425 0.139764,
        0.865748 0.098425 0.360236,
        -0.728346 0.098425 -0.360236,
        -0.728346 0.177165 -0.360236,
        0.728346 0.098425 -0.360236,
        0.728346 0.177165 -0.360236,
        -0.610236 0.098425 0.154233,
        0.807087 0.098425 -0.154233,
        0.865748 0.098425 -0.379921,
        0.865748 0.098425 -0.057087,
        0.807087 0.098425 -0.360236,
        0.807087 0.098425 -0.379921,
        0.807087 0.098425 0.154233,
        -0.807087 0.098425 0.154233,
        -0.807087 0.098425 -0.154233,
        -0.743170 0.098425 -0.329456,
        -0.736936 0.098425 -0.335689,
        0.729688 0.098425 -0.350046,
        -0.729333 0.098425 -0.351476,
        -0.732245 0.098425 -0.343154,
        0.777906 0.098425 -0.322207,
        0.787402 0.098425 -0.326141,
        -0.767717 0.098425 -0.320866,
        -0.758956 0.098425 -0.321853,
        -0.750635 0.098425 -0.324765,
        0.795556 0.098425 -0.332397,
        0.801812 0.098425 -0.340551,
        0.805745 0.098425 -0.350046,
        0.610236 0.098425 -0.154233,
        0.733621 0.098425 -0.340551,
        0.739878 0.098425 -0.332397,
        -0.610236 0.098425 -0.154233,
        0.748031 0.098425 -0.326141,
        0.757527 0.098425 -0.322207,
        0.767717 0.098425 -0.320866,
        -0.801812 0.098425 -0.340551,
        -0.805745 0.098425 -0.350046,
        -0.807087 0.098425 -0.360236,
        -0.807087 0.098425 -0.379921,
        -0.795556 0.098425 -0.332397,
        -0.787402 0.098425 -0.326141,
        -0.777906 0.098425 -0.322207,
        0.610236 0.098425 0.154233,
        0.610236 0.177165 0.154233,
        0.795556 0.177165 -0.332397,
        0.787402 0.177165 -0.326141,
        0.807087 0.177165 -0.154233,
        0.807087 0.177165 -0.379921,
        0.807087 0.177165 -0.360236,
        0.865748 0.177165 -0.379921,
        0.805745 0.177165 -0.350046,
        0.801812 0.177165 -0.340551,
        0.807087 0.177165 0.154233,
        0.865748 0.177165 -0.057087,
        0.729688 0.177165 -0.350046,
        -0.354331 0.177165 -0.157480,
        0.733621 0.177165 -0.340551,
        0.354331 0.177165 -0.157480,
        0.739878 0.177165 -0.332397,
        0.777906 0.177165 -0.322207,
        0.767717 0.177165 -0.320866,
        0.610236 0.177165 -0.154233,
        0.757527 0.177165 -0.322207,
        0.748031 0.177165 -0.326141,
        -0.354331 0.177165 0.157480,
        -0.610236 0.177165 -0.154233,
        -0.610236 0.177165 0.154233,
        -0.807087 0.177165 0.154233,
        -0.767717 0.177165 -0.320866,
        -0.777906 0.177165 -0.322207,
        -0.807087 0.177165 -0.154233,
        -0.787402 0.177165 -0.326141,
        -0.795556 0.177165 -0.332397,
        -0.801812 0.177165 -0.340551,
        -0.805745 0.177165 -0.350046,
        -0.807087 0.177165 -0.360236,
        -0.807087 0.177165 -0.379921,
        0.354331 0.177165 0.157480,
        -0.758956 0.177165 -0.321853,
        -0.750635 0.177165 -0.324765,
        -0.729333 0.177165 -0.351476,
        -0.732245 0.177165 -0.343154,
        -0.736936 0.177165 -0.335689,
        -0.743170 0.177165 -0.329456,
        0.886230 0.174469 -0.057087,
        0.886230 0.174469 -0.379921,
        0.905315 0.166563 -0.057087,
        0.905315 0.166563 -0.379921,
        0.921704 0.153987 -0.057087,
        0.921704 0.153987 -0.379921,
        0.934280 0.137598 -0.057087,
        0.934280 0.137598 -0.379921,
        0.942185 0.118513 -0.057087,
        0.942185 0.118513 -0.379921,
        0.944882 0.098031 -0.057087,
        0.944882 0.098031 -0.379921,
        0.866142 0.098031 -0.379921,
        0.866142 0.098031 -0.057087,
        0.866128 0.098133 -0.379921,
        0.866128 0.098133 -0.057087,
        0.866089 0.098228 -0.379921,
        0.866089 0.098228 -0.057087,
        0.866026 0.098310 -0.379921,
        0.866026 0.098310 -0.057087,
        0.865945 0.098372 -0.379921,
        0.865945 0.098372 -0.057087,
        0.865850 0.098412 -0.379921,
        0.865850 0.098412 -0.057087,
        0.944882 -0.177165 -0.057087,
        0.944882 -0.177165 -0.379921,
        0.866142 -0.177165 -0.379921,
        0.866142 -0.177165 -0.057087,
      ]
    }
    coordIndex [
      4, 5, 6, -1,
      6, 5, 7, -1,
      6, 7, 8, -1,
      8, 7, 9, -1,
      8, 9, 10, -1,
      10, 9, 11, -1,
      10, 11, 12, -1,
      12, 11, 13, -1,
      12, 13, 14, -1,
      14, 13, 15, -1,
      14, 15, 16, -1,
      16, 15, 17, -1,
      18, 19, 20, -1,
      18, 20, 21, -1,
      21, 20, 22, -1,
      21, 22, 23, -1,
      23, 22, 24, -1,
      23, 24, 25, -1,
      25, 24, 26, -1,
      25, 26, 27, -1,
      27, 26, 28, -1,
      27, 28, 29, -1,
      29, 28, 30, -1,
      29, 30, 31, -1,
      32, 17, 15, -1,
      32, 15, 33, -1,
      33, 15, 13, -1,
      33, 13, 34, -1,
      34, 13, 11, -1,
      34, 11, 35, -1,
      35, 11, 9, -1,
      35, 9, 36, -1,
      36, 9, 7, -1,
      36, 7, 37, -1,
      37, 7, 5, -1,
      37, 5, 38, -1,
      39, 40, 41, -1,
      41, 40, 42, -1,
      41, 42, 43, -1,
      43, 42, 44, -1,
      43, 44, 45, -1,
      45, 44, 46, -1,
      45, 46, 47, -1,
      47, 46, 48, -1,
      47, 48, 49, -1,
      49, 48, 50, -1,
      49, 50, 51, -1,
      51, 50, 52, -1,
      53, 4, 54, -1,
      54, 4, 6, -1,
      54, 6, 55, -1,
      55, 6, 8, -1,
      55, 8, 56, -1,
      56, 8, 10, -1,
      56, 10, 57, -1,
      57, 10, 12, -1,
      57, 12, 58, -1,
      58, 12, 14, -1,
      58, 14, 59, -1,
      59, 14, 16, -1,
      30, 60, 31, -1,
      31, 60, 61, -1,
      62, 63, 39, -1,
      39, 63, 40, -1,
      60, 63, 61, -1,
      61, 63, 62, -1,
      64, 65, 66, -1,
      64, 66, 67, -1,
      67, 66, 68, -1,
      67, 68, 69, -1,
      69, 68, 70, -1,
      69, 70, 71, -1,
      71, 70, 72, -1,
      71, 72, 73, -1,
      73, 72, 74, -1,
      73, 74, 75, -1,
      75, 74, 76, -1,
      75, 76, 77, -1,
      78, 79, 80, -1,
      80, 79, 81, -1,
      80, 81, 82, -1,
      82, 81, 83, -1,
      82, 83, 84, -1,
      84, 83, 85, -1,
      84, 85, 86, -1,
      86, 85, 87, -1,
      86, 87, 88, -1,
      88, 87, 89, -1,
      88, 89, 90, -1,
      90, 89, 91, -1,
      92, 93, 94, -1,
      94, 93, 95, -1,
      96, 91, 59, -1,
      97, 98, 99, -1,
      100, 101, 98, -1,
      97, 99, 102, -1,
      96, 59, 103, -1,
      103, 59, 16, -1,
      103, 16, 104, -1,
      104, 16, 51, -1,
      104, 51, 52, -1,
      105, 106, 107, -1,
      92, 94, 108, -1,
      108, 94, 107, -1,
      108, 107, 109, -1,
      109, 107, 106, -1,
      110, 111, 97, -1,
      112, 113, 107, -1,
      107, 113, 114, -1,
      107, 114, 105, -1,
      111, 115, 97, -1,
      97, 115, 116, -1,
      97, 116, 98, -1,
      98, 116, 117, -1,
      98, 117, 100, -1,
      112, 107, 118, -1,
      118, 107, 119, -1,
      118, 119, 120, -1,
      3, 91, 2, -1,
      2, 91, 96, -1,
      2, 96, 1, -1,
      1, 96, 121, -1,
      120, 122, 118, -1,
      118, 122, 123, -1,
      118, 123, 97, -1,
      97, 123, 124, -1,
      97, 124, 110, -1,
      125, 104, 126, -1,
      126, 104, 52, -1,
      126, 52, 127, -1,
      127, 52, 128, -1,
      125, 129, 104, -1,
      104, 129, 130, -1,
      104, 130, 131, -1,
      99, 90, 102, -1,
      102, 90, 91, -1,
      102, 91, 132, -1,
      132, 91, 3, -1,
      132, 3, 118, -1,
      118, 3, 0, -1,
      118, 0, 112, -1,
      112, 0, 1, -1,
      112, 1, 131, -1,
      131, 1, 121, -1,
      131, 121, 104, -1,
      133, 32, 65, -1,
      134, 135, 136, -1,
      137, 138, 139, -1,
      139, 138, 140, -1,
      139, 140, 136, -1,
      136, 140, 141, -1,
      136, 141, 134, -1,
      133, 65, 142, -1,
      142, 65, 64, -1,
      142, 64, 136, -1,
      136, 64, 143, -1,
      136, 143, 139, -1,
      144, 145, 146, -1,
      146, 145, 147, -1,
      146, 147, 148, -1,
      135, 149, 136, -1,
      136, 149, 150, -1,
      136, 150, 151, -1,
      151, 150, 152, -1,
      151, 152, 153, -1,
      154, 145, 155, -1,
      156, 157, 32, -1,
      158, 159, 160, -1,
      159, 161, 160, -1,
      160, 161, 162, -1,
      160, 162, 163, -1,
      163, 164, 19, -1,
      19, 164, 165, -1,
      19, 165, 166, -1,
      155, 156, 154, -1,
      154, 156, 32, -1,
      154, 32, 167, -1,
      167, 32, 133, -1,
      167, 133, 147, -1,
      147, 133, 151, -1,
      147, 151, 148, -1,
      148, 151, 153, -1,
      163, 19, 160, -1,
      160, 19, 18, -1,
      160, 18, 157, -1,
      157, 18, 17, -1,
      157, 17, 32, -1,
      158, 160, 168, -1,
      168, 160, 155, -1,
      168, 155, 169, -1,
      170, 145, 93, -1,
      93, 145, 144, -1,
      93, 144, 95, -1,
      170, 171, 145, -1,
      145, 171, 172, -1,
      145, 172, 155, -1,
      155, 172, 173, -1,
      155, 173, 169, -1,
      91, 65, 59, -1,
      59, 65, 32, -1,
      2, 1, 154, -1,
      154, 1, 145, -1,
      1, 0, 145, -1,
      145, 0, 147, -1,
      0, 3, 147, -1,
      147, 3, 167, -1,
      3, 2, 167, -1,
      167, 2, 154, -1,
      132, 118, 133, -1,
      133, 118, 151, -1,
      118, 97, 151, -1,
      151, 97, 136, -1,
      97, 102, 136, -1,
      136, 102, 142, -1,
      102, 132, 142, -1,
      142, 132, 133, -1,
      103, 104, 157, -1,
      157, 104, 160, -1,
      104, 121, 160, -1,
      160, 121, 155, -1,
      121, 96, 155, -1,
      155, 96, 156, -1,
      96, 103, 156, -1,
      156, 103, 157, -1,
      79, 76, 81, -1,
      81, 76, 74, -1,
      81, 74, 83, -1,
      83, 74, 72, -1,
      83, 72, 85, -1,
      85, 72, 70, -1,
      85, 70, 87, -1,
      87, 70, 68, -1,
      87, 68, 89, -1,
      89, 68, 66, -1,
      89, 66, 91, -1,
      91, 66, 65, -1,
      139, 143, 174, -1,
      139, 174, 175, -1,
      175, 174, 176, -1,
      175, 176, 177, -1,
      177, 176, 178, -1,
      177, 178, 179, -1,
      179, 178, 180, -1,
      179, 180, 181, -1,
      181, 180, 182, -1,
      181, 182, 183, -1,
      183, 182, 184, -1,
      183, 184, 185, -1,
      186, 187, 188, -1,
      188, 187, 189, -1,
      188, 189, 190, -1,
      190, 189, 191, -1,
      190, 191, 192, -1,
      192, 191, 193, -1,
      192, 193, 194, -1,
      194, 193, 195, -1,
      194, 195, 196, -1,
      196, 195, 197, -1,
      196, 197, 98, -1,
      98, 197, 99, -1,
      198, 199, 184, -1,
      184, 199, 185, -1,
      186, 200, 187, -1,
      187, 200, 201, -1,
      201, 200, 198, -1,
      198, 200, 199, -1,
      59, 32, 58, -1,
      58, 32, 33, -1,
      58, 33, 57, -1,
      57, 33, 34, -1,
      57, 34, 56, -1,
      56, 34, 35, -1,
      56, 35, 55, -1,
      55, 35, 36, -1,
      55, 36, 54, -1,
      54, 36, 37, -1,
      54, 37, 53, -1,
      53, 37, 38, -1,
      127, 128, 165, -1,
      165, 128, 166, -1,
      138, 137, 100, -1,
      100, 137, 101, -1,
      101, 137, 98, -1,
      98, 137, 139, -1,
      98, 139, 196, -1,
      196, 139, 175, -1,
      196, 175, 194, -1,
      194, 175, 177, -1,
      194, 177, 192, -1,
      192, 177, 179, -1,
      192, 179, 190, -1,
      190, 179, 181, -1,
      190, 181, 188, -1,
      188, 181, 183, -1,
      188, 183, 186, -1,
      186, 183, 185, -1,
      186, 185, 200, -1,
      200, 185, 199, -1,
      63, 60, 40, -1,
      40, 60, 30, -1,
      40, 30, 42, -1,
      42, 30, 28, -1,
      42, 28, 44, -1,
      44, 28, 26, -1,
      44, 26, 46, -1,
      46, 26, 24, -1,
      46, 24, 48, -1,
      48, 24, 22, -1,
      48, 22, 50, -1,
      50, 22, 20, -1,
      50, 20, 52, -1,
      52, 20, 19, -1,
      52, 19, 128, -1,
      128, 19, 166, -1,
      158, 112, 159, -1,
      159, 112, 131, -1,
      159, 131, 161, -1,
      161, 131, 130, -1,
      161, 130, 162, -1,
      162, 130, 129, -1,
      162, 129, 163, -1,
      163, 129, 125, -1,
      163, 125, 164, -1,
      164, 125, 126, -1,
      164, 126, 165, -1,
      165, 126, 127, -1,
      93, 92, 170, -1,
      170, 92, 108, -1,
      170, 108, 171, -1,
      171, 108, 109, -1,
      171, 109, 172, -1,
      172, 109, 106, -1,
      172, 106, 173, -1,
      173, 106, 105, -1,
      173, 105, 169, -1,
      169, 105, 114, -1,
      169, 114, 168, -1,
      168, 114, 113, -1,
      168, 113, 158, -1,
      158, 113, 112, -1,
      138, 100, 140, -1,
      140, 100, 117, -1,
      140, 117, 141, -1,
      141, 117, 116, -1,
      141, 116, 134, -1,
      134, 116, 115, -1,
      134, 115, 135, -1,
      135, 115, 111, -1,
      135, 111, 149, -1,
      149, 111, 110, -1,
      149, 110, 150, -1,
      150, 110, 124, -1,
      150, 124, 152, -1,
      152, 124, 123, -1,
      152, 123, 153, -1,
      153, 123, 122, -1,
      153, 122, 148, -1,
      148, 122, 120, -1,
      148, 120, 146, -1,
      146, 120, 119, -1,
      146, 119, 144, -1,
      144, 119, 107, -1,
      144, 107, 95, -1,
      95, 107, 94, -1,
      64, 90, 143, -1,
      143, 90, 99, -1,
      90, 64, 88, -1,
      88, 64, 67, -1,
      88, 67, 86, -1,
      86, 67, 69, -1,
      86, 69, 84, -1,
      84, 69, 71, -1,
      84, 71, 82, -1,
      82, 71, 73, -1,
      82, 73, 80, -1,
      80, 73, 75, -1,
      80, 75, 78, -1,
      78, 75, 77, -1,
      201, 198, 187, -1,
      187, 198, 184, -1,
      187, 184, 189, -1,
      189, 184, 182, -1,
      189, 182, 191, -1,
      191, 182, 180, -1,
      191, 180, 193, -1,
      193, 180, 178, -1,
      193, 178, 195, -1,
      195, 178, 176, -1,
      195, 176, 197, -1,
      197, 176, 174, -1,
      197, 174, 99, -1,
      99, 174, 143, -1,
      79, 78, 76, -1,
      76, 78, 77, -1,
      17, 18, 16, -1,
      16, 18, 51, -1,
      51, 18, 49, -1,
      49, 18, 21, -1,
      49, 21, 47, -1,
      47, 21, 23, -1,
      47, 23, 45, -1,
      45, 23, 25, -1,
      45, 25, 43, -1,
      43, 25, 27, -1,
      43, 27, 41, -1,
      41, 27, 29, -1,
      41, 29, 39, -1,
      39, 29, 31, -1,
      39, 31, 62, -1,
      62, 31, 61, -1,
      4, 53, 5, -1,
      5, 53, 38, -1,
    ]
  }
}
