#VRML V2.0 utf8

Shape {
  appearance Appearance {
    material Material {
      diffuseColor 1.0000 1.0000 0.7529
      specularColor 0.5020 0.5020 0.3765
      ambientIntensity 0.2
      transparency 0.0000
      shininess 0.5
    }
  }
  geometry IndexedFaceSet {
    ccw TRUE
    solid FALSE
    coord DEF co Coordinate {
      point [
        0.209346 -0.268476 0.192408,
        0.216535 -0.275665 0.110236,
        0.209346 0.268476 0.192408,
        0.216535 0.275665 0.110236,
        0.189736 0.288087 0.192408,
        0.196925 0.295276 0.110236,
        -0.189736 0.288087 0.192408,
        -0.196925 0.295276 0.110236,
        -0.209346 0.268476 0.192408,
        -0.216535 0.275665 0.110236,
        -0.209346 -0.268476 0.192408,
        -0.216535 -0.275665 0.110236,
        -0.189736 -0.288087 0.192408,
        -0.196925 -0.295276 0.110236,
        0.189736 -0.288087 0.192408,
        0.196925 -0.295276 0.110236,
        0.170126 -0.248866 0.228346,
        0.170126 0.248866 0.228346,
        -0.170126 -0.248866 0.228346,
        -0.170126 0.248866 0.228346,
        0.215869 -0.280750 0.110236,
        0.204441 -0.293786 0.110236,
        0.202010 -0.294609 0.110236,
        -0.213913 -0.285482 0.110236,
        -0.215046 -0.283181 0.110236,
        -0.204441 -0.293786 0.110236,
        0.202010 0.294609 0.110236,
        0.215046 0.283181 0.110236,
        0.215869 0.280750 0.110236,
        0.204441 0.293786 0.110236,
        0.206742 0.292653 0.110236,
        0.213913 0.285482 0.110236,
        -0.202010 -0.294609 0.110236,
        -0.215869 -0.280750 0.110236,
        -0.215869 0.280750 0.110236,
        -0.204441 0.293786 0.110236,
        -0.202010 0.294609 0.110236,
        0.215046 -0.283181 0.110236,
        0.213913 -0.285482 0.110236,
        0.206742 -0.292653 0.110236,
        0.212490 -0.287614 0.110236,
        0.208874 -0.291230 0.110236,
        0.210801 -0.289541 0.110236,
        0.212490 0.287614 0.110236,
        0.208874 0.291230 0.110236,
        0.210801 0.289541 0.110236,
        -0.206742 -0.292653 0.110236,
        -0.208874 -0.291230 0.110236,
        -0.212490 -0.287614 0.110236,
        -0.210801 -0.289541 0.110236,
        -0.215046 0.283181 0.110236,
        -0.213913 0.285482 0.110236,
        -0.206742 0.292653 0.110236,
        -0.212490 0.287614 0.110236,
        -0.208874 0.291230 0.110236,
        -0.210801 0.289541 0.110236,
        0.194788 0.287386 0.192789,
        0.199498 0.285410 0.193028,
        0.203550 0.282291 0.193109,
        0.206670 0.278239 0.193028,
        0.208646 0.273528 0.192789,
        -0.208646 0.273528 0.192789,
        -0.206670 0.278239 0.193028,
        -0.203550 0.282291 0.193109,
        -0.199498 0.285410 0.193028,
        -0.194788 0.287386 0.192789,
        0.208646 -0.273528 0.192789,
        0.206670 -0.278239 0.193028,
        0.203550 -0.282291 0.193109,
        0.199498 -0.285410 0.193028,
        0.194788 -0.287386 0.192789,
        -0.194788 -0.287386 0.192789,
        -0.199498 -0.285410 0.193028,
        -0.203550 -0.282291 0.193109,
        -0.206670 -0.278239 0.193028,
        -0.208646 -0.273528 0.192789,
        -0.208307 0.267957 0.198578,
        -0.202331 0.281072 0.200374,
        -0.198448 0.284127 0.200165,
        -0.189217 0.287048 0.198578,
        -0.193983 0.286161 0.199554,
        -0.207421 0.272723 0.199554,
        -0.207120 0.267363 0.201831,
        -0.204264 0.270665 0.207615,
        -0.191925 0.283004 0.207615,
        -0.187821 0.284257 0.206226,
        -0.188623 0.285860 0.201831,
        -0.205516 0.266561 0.206226,
        -0.202784 0.265195 0.210459,
        -0.198850 0.267174 0.215448,
        -0.200418 0.264012 0.214124,
        -0.196455 0.262031 0.217706,
        -0.190583 0.261889 0.222447,
        -0.188433 0.277590 0.215448,
        -0.183149 0.269323 0.222447,
        -0.181108 0.270830 0.221651,
        -0.183291 0.275195 0.217706,
        -0.185272 0.279158 0.214124,
        -0.186455 0.281524 0.210459,
        -0.181627 0.254617 0.226629,
        -0.180712 0.255603 0.226859,
        -0.188648 0.258127 0.223289,
        -0.192089 0.259848 0.221651,
        -0.179773 0.256584 0.226998,
        -0.188904 0.263893 0.222930,
        -0.196785 0.270219 0.216262,
        -0.202149 0.274553 0.208480,
        -0.205387 0.277189 0.200165,
        -0.178815 0.257556 0.227044,
        -0.187083 0.265823 0.223093,
        -0.194297 0.273037 0.216537,
        -0.199282 0.278022 0.208773,
        -0.179725 0.253666 0.226913,
        -0.174926 0.258465 0.226913,
        -0.176863 0.259452 0.226859,
        -0.175877 0.260367 0.226629,
        -0.179387 0.267388 0.223289,
        -0.195813 0.280889 0.208480,
        -0.191479 0.275525 0.216262,
        -0.185153 0.267644 0.222930,
        -0.177844 0.258513 0.226998,
        -0.208307 -0.267957 0.198578,
        -0.207120 -0.267363 0.201831,
        -0.205516 -0.266561 0.206226,
        -0.202784 -0.265195 0.210459,
        -0.200418 -0.264012 0.214124,
        -0.196455 -0.262031 0.217706,
        -0.192089 -0.259848 0.221651,
        -0.188648 -0.258127 0.223289,
        -0.181627 -0.254617 0.226629,
        -0.179725 -0.253666 0.226913,
        0.189217 0.287048 0.198578,
        0.188623 0.285860 0.201831,
        0.187821 0.284257 0.206226,
        0.186455 0.281524 0.210459,
        0.185272 0.279158 0.214124,
        0.183291 0.275195 0.217706,
        0.181108 0.270830 0.221651,
        0.179387 0.267388 0.223289,
        0.175877 0.260367 0.226629,
        0.174926 0.258465 0.226913,
        -0.189217 -0.287048 0.198578,
        -0.202331 -0.281072 0.200374,
        -0.205387 -0.277189 0.200165,
        -0.207421 -0.272723 0.199554,
        -0.193983 -0.286161 0.199554,
        -0.188623 -0.285860 0.201831,
        -0.191925 -0.283004 0.207615,
        -0.204264 -0.270665 0.207615,
        -0.187821 -0.284257 0.206226,
        -0.186455 -0.281524 0.210459,
        -0.188433 -0.277590 0.215448,
        -0.185272 -0.279158 0.214124,
        -0.183291 -0.275195 0.217706,
        -0.183149 -0.269323 0.222447,
        -0.198850 -0.267174 0.215448,
        -0.190583 -0.261889 0.222447,
        -0.175877 -0.260367 0.226629,
        -0.176863 -0.259452 0.226859,
        -0.179387 -0.267388 0.223289,
        -0.181108 -0.270830 0.221651,
        -0.177844 -0.258513 0.226998,
        -0.185153 -0.267644 0.222930,
        -0.191479 -0.275525 0.216262,
        -0.195813 -0.280889 0.208480,
        -0.198448 -0.284127 0.200165,
        -0.178815 -0.257556 0.227044,
        -0.187083 -0.265823 0.223093,
        -0.194297 -0.273037 0.216537,
        -0.199282 -0.278022 0.208773,
        -0.174926 -0.258465 0.226913,
        -0.180712 -0.255603 0.226859,
        -0.202149 -0.274553 0.208480,
        -0.196785 -0.270219 0.216262,
        -0.188904 -0.263893 0.222930,
        -0.179773 -0.256584 0.226998,
        0.202331 0.281072 0.200374,
        0.205387 0.277189 0.200165,
        0.208307 0.267957 0.198578,
        0.207421 0.272723 0.199554,
        0.193983 0.286161 0.199554,
        0.191925 0.283004 0.207615,
        0.204264 0.270665 0.207615,
        0.205516 0.266561 0.206226,
        0.207120 0.267363 0.201831,
        0.188433 0.277590 0.215448,
        0.183149 0.269323 0.222447,
        0.198850 0.267174 0.215448,
        0.190583 0.261889 0.222447,
        0.192089 0.259848 0.221651,
        0.196455 0.262031 0.217706,
        0.200418 0.264012 0.214124,
        0.202784 0.265195 0.210459,
        0.176863 0.259452 0.226859,
        0.177844 0.258513 0.226998,
        0.185153 0.267644 0.222930,
        0.191479 0.275525 0.216262,
        0.195813 0.280889 0.208480,
        0.198448 0.284127 0.200165,
        0.178815 0.257556 0.227044,
        0.187083 0.265823 0.223093,
        0.194297 0.273037 0.216537,
        0.199282 0.278022 0.208773,
        0.179725 0.253666 0.226913,
        0.180712 0.255603 0.226859,
        0.181627 0.254617 0.226629,
        0.188648 0.258127 0.223289,
        0.202149 0.274553 0.208480,
        0.196785 0.270219 0.216262,
        0.188904 0.263893 0.222930,
        0.179773 0.256584 0.226998,
        0.174926 -0.258465 0.226913,
        0.175877 -0.260367 0.226629,
        0.179387 -0.267388 0.223289,
        0.181108 -0.270830 0.221651,
        0.183291 -0.275195 0.217706,
        0.185272 -0.279158 0.214124,
        0.186455 -0.281524 0.210459,
        0.187821 -0.284257 0.206226,
        0.188623 -0.285860 0.201831,
        0.189217 -0.287048 0.198578,
        0.208307 -0.267957 0.198578,
        0.207120 -0.267363 0.201831,
        0.205516 -0.266561 0.206226,
        0.202784 -0.265195 0.210459,
        0.200418 -0.264012 0.214124,
        0.196455 -0.262031 0.217706,
        0.192089 -0.259848 0.221651,
        0.188648 -0.258127 0.223289,
        0.181627 -0.254617 0.226629,
        0.179725 -0.253666 0.226913,
        0.202331 -0.281072 0.200374,
        0.198448 -0.284127 0.200165,
        0.193983 -0.286161 0.199554,
        0.207421 -0.272723 0.199554,
        0.204264 -0.270665 0.207615,
        0.191925 -0.283004 0.207615,
        0.198850 -0.267174 0.215448,
        0.190583 -0.261889 0.222447,
        0.188433 -0.277590 0.215448,
        0.183149 -0.269323 0.222447,
        0.180712 -0.255603 0.226859,
        0.179773 -0.256584 0.226998,
        0.188904 -0.263893 0.222930,
        0.196785 -0.270219 0.216262,
        0.202149 -0.274553 0.208480,
        0.205387 -0.277189 0.200165,
        0.178815 -0.257556 0.227044,
        0.187083 -0.265823 0.223093,
        0.194297 -0.273037 0.216537,
        0.199282 -0.278022 0.208773,
        0.176863 -0.259452 0.226859,
        0.195813 -0.280889 0.208480,
        0.191479 -0.275525 0.216262,
        0.185153 -0.267644 0.222930,
        0.177844 -0.258513 0.226998,
      ]
    }
    coordIndex [
      0, 1, 2, -1,
      2, 1, 3, -1,
      4, 5, 6, -1,
      6, 5, 7, -1,
      8, 9, 10, -1,
      10, 9, 11, -1,
      12, 13, 14, -1,
      14, 13, 15, -1,
      16, 17, 18, -1,
      18, 17, 19, -1,
      11, 15, 13, -1,
      1, 15, 3, -1,
      3, 15, 5, -1,
      15, 11, 5, -1,
      5, 11, 9, -1,
      5, 9, 7, -1,
      20, 21, 1, -1,
      1, 21, 22, -1,
      1, 22, 15, -1,
      23, 24, 25, -1,
      26, 27, 5, -1,
      5, 27, 28, -1,
      5, 28, 3, -1,
      26, 29, 27, -1,
      27, 29, 30, -1,
      27, 30, 31, -1,
      13, 32, 11, -1,
      11, 32, 25, -1,
      11, 25, 33, -1,
      33, 25, 24, -1,
      34, 35, 9, -1,
      9, 35, 36, -1,
      9, 36, 7, -1,
      20, 37, 21, -1,
      21, 37, 38, -1,
      21, 38, 39, -1,
      39, 38, 40, -1,
      39, 40, 41, -1,
      41, 40, 42, -1,
      31, 30, 43, -1,
      43, 30, 44, -1,
      43, 44, 45, -1,
      25, 46, 23, -1,
      23, 46, 47, -1,
      23, 47, 48, -1,
      48, 47, 49, -1,
      34, 50, 35, -1,
      35, 50, 51, -1,
      35, 51, 52, -1,
      52, 51, 53, -1,
      52, 53, 54, -1,
      54, 53, 55, -1,
      4, 56, 5, -1,
      5, 56, 26, -1,
      26, 56, 29, -1,
      29, 56, 57, -1,
      29, 57, 30, -1,
      30, 57, 44, -1,
      44, 57, 58, -1,
      44, 58, 45, -1,
      45, 58, 43, -1,
      43, 58, 59, -1,
      43, 59, 31, -1,
      31, 59, 27, -1,
      27, 59, 60, -1,
      27, 60, 28, -1,
      28, 60, 2, -1,
      28, 2, 3, -1,
      8, 61, 9, -1,
      9, 61, 34, -1,
      34, 61, 50, -1,
      50, 61, 62, -1,
      50, 62, 51, -1,
      51, 62, 53, -1,
      53, 62, 63, -1,
      53, 63, 55, -1,
      55, 63, 54, -1,
      54, 63, 64, -1,
      54, 64, 52, -1,
      52, 64, 35, -1,
      35, 64, 65, -1,
      35, 65, 36, -1,
      36, 65, 6, -1,
      36, 6, 7, -1,
      0, 66, 1, -1,
      1, 66, 20, -1,
      20, 66, 37, -1,
      37, 66, 67, -1,
      37, 67, 38, -1,
      38, 67, 40, -1,
      40, 67, 68, -1,
      40, 68, 42, -1,
      42, 68, 41, -1,
      41, 68, 69, -1,
      41, 69, 39, -1,
      39, 69, 21, -1,
      21, 69, 70, -1,
      21, 70, 22, -1,
      22, 70, 14, -1,
      22, 14, 15, -1,
      12, 71, 13, -1,
      13, 71, 32, -1,
      32, 71, 25, -1,
      25, 71, 72, -1,
      25, 72, 46, -1,
      46, 72, 47, -1,
      47, 72, 73, -1,
      47, 73, 49, -1,
      49, 73, 48, -1,
      48, 73, 74, -1,
      48, 74, 23, -1,
      23, 74, 24, -1,
      24, 74, 75, -1,
      24, 75, 33, -1,
      33, 75, 10, -1,
      33, 10, 11, -1,
      61, 8, 76, -1,
      64, 63, 77, -1,
      65, 64, 78, -1,
      79, 6, 80, -1,
      80, 6, 65, -1,
      61, 76, 81, -1,
      81, 76, 82, -1,
      81, 82, 83, -1,
      84, 85, 80, -1,
      80, 85, 86, -1,
      80, 86, 79, -1,
      82, 87, 83, -1,
      83, 87, 88, -1,
      83, 88, 89, -1,
      88, 90, 89, -1,
      89, 90, 91, -1,
      89, 91, 92, -1,
      93, 94, 95, -1,
      95, 96, 93, -1,
      93, 96, 97, -1,
      93, 97, 84, -1,
      84, 97, 98, -1,
      84, 98, 85, -1,
      99, 100, 101, -1,
      101, 100, 92, -1,
      101, 92, 102, -1,
      102, 92, 91, -1,
      19, 103, 100, -1,
      100, 103, 104, -1,
      100, 104, 92, -1,
      92, 104, 105, -1,
      92, 105, 89, -1,
      89, 105, 106, -1,
      89, 106, 83, -1,
      83, 106, 107, -1,
      83, 107, 81, -1,
      81, 107, 62, -1,
      81, 62, 61, -1,
      19, 108, 103, -1,
      103, 108, 109, -1,
      103, 109, 104, -1,
      104, 109, 110, -1,
      104, 110, 105, -1,
      105, 110, 111, -1,
      105, 111, 106, -1,
      106, 111, 77, -1,
      106, 77, 107, -1,
      107, 77, 63, -1,
      107, 63, 62, -1,
      99, 112, 100, -1,
      100, 112, 19, -1,
      19, 113, 114, -1,
      114, 113, 115, -1,
      114, 115, 94, -1,
      94, 115, 116, -1,
      94, 116, 95, -1,
      65, 78, 80, -1,
      80, 78, 117, -1,
      80, 117, 84, -1,
      84, 117, 118, -1,
      84, 118, 93, -1,
      93, 118, 119, -1,
      93, 119, 94, -1,
      94, 119, 120, -1,
      94, 120, 114, -1,
      114, 120, 19, -1,
      64, 77, 78, -1,
      78, 77, 111, -1,
      78, 111, 117, -1,
      117, 111, 110, -1,
      117, 110, 118, -1,
      118, 110, 109, -1,
      118, 109, 119, -1,
      119, 109, 108, -1,
      119, 108, 120, -1,
      120, 108, 19, -1,
      18, 19, 112, -1,
      8, 10, 76, -1,
      76, 10, 121, -1,
      76, 121, 82, -1,
      82, 121, 122, -1,
      82, 122, 87, -1,
      87, 122, 123, -1,
      87, 123, 88, -1,
      88, 123, 124, -1,
      88, 124, 90, -1,
      90, 124, 125, -1,
      90, 125, 91, -1,
      91, 125, 126, -1,
      91, 126, 102, -1,
      102, 126, 127, -1,
      102, 127, 101, -1,
      101, 127, 128, -1,
      101, 128, 99, -1,
      99, 128, 129, -1,
      99, 129, 112, -1,
      112, 129, 130, -1,
      112, 130, 18, -1,
      4, 6, 79, -1,
      4, 79, 131, -1,
      131, 79, 86, -1,
      131, 86, 132, -1,
      132, 86, 85, -1,
      132, 85, 133, -1,
      133, 85, 98, -1,
      133, 98, 134, -1,
      134, 98, 97, -1,
      134, 97, 135, -1,
      135, 97, 96, -1,
      135, 96, 136, -1,
      136, 96, 95, -1,
      136, 95, 137, -1,
      137, 95, 116, -1,
      137, 116, 138, -1,
      138, 116, 115, -1,
      138, 115, 139, -1,
      139, 115, 113, -1,
      139, 113, 140, -1,
      140, 113, 19, -1,
      140, 19, 17, -1,
      71, 12, 141, -1,
      74, 73, 142, -1,
      75, 74, 143, -1,
      121, 10, 144, -1,
      144, 10, 75, -1,
      71, 141, 145, -1,
      145, 141, 146, -1,
      145, 146, 147, -1,
      148, 123, 144, -1,
      144, 123, 122, -1,
      144, 122, 121, -1,
      146, 149, 147, -1,
      147, 149, 150, -1,
      147, 150, 151, -1,
      150, 152, 151, -1,
      151, 152, 153, -1,
      151, 153, 154, -1,
      155, 156, 127, -1,
      127, 126, 155, -1,
      155, 126, 125, -1,
      155, 125, 148, -1,
      148, 125, 124, -1,
      148, 124, 123, -1,
      157, 158, 159, -1,
      159, 158, 154, -1,
      159, 154, 160, -1,
      160, 154, 153, -1,
      18, 161, 158, -1,
      158, 161, 162, -1,
      158, 162, 154, -1,
      154, 162, 163, -1,
      154, 163, 151, -1,
      151, 163, 164, -1,
      151, 164, 147, -1,
      147, 164, 165, -1,
      147, 165, 145, -1,
      145, 165, 72, -1,
      145, 72, 71, -1,
      18, 166, 161, -1,
      161, 166, 167, -1,
      161, 167, 162, -1,
      162, 167, 168, -1,
      162, 168, 163, -1,
      163, 168, 169, -1,
      163, 169, 164, -1,
      164, 169, 142, -1,
      164, 142, 165, -1,
      165, 142, 73, -1,
      165, 73, 72, -1,
      157, 170, 158, -1,
      158, 170, 18, -1,
      18, 130, 171, -1,
      171, 130, 129, -1,
      171, 129, 156, -1,
      156, 129, 128, -1,
      156, 128, 127, -1,
      75, 143, 144, -1,
      144, 143, 172, -1,
      144, 172, 148, -1,
      148, 172, 173, -1,
      148, 173, 155, -1,
      155, 173, 174, -1,
      155, 174, 156, -1,
      156, 174, 175, -1,
      156, 175, 171, -1,
      171, 175, 18, -1,
      74, 142, 143, -1,
      143, 142, 169, -1,
      143, 169, 172, -1,
      172, 169, 168, -1,
      172, 168, 173, -1,
      173, 168, 167, -1,
      173, 167, 174, -1,
      174, 167, 166, -1,
      174, 166, 175, -1,
      175, 166, 18, -1,
      56, 4, 131, -1,
      59, 58, 176, -1,
      60, 59, 177, -1,
      178, 2, 179, -1,
      179, 2, 60, -1,
      56, 131, 180, -1,
      180, 131, 132, -1,
      180, 132, 181, -1,
      182, 183, 179, -1,
      179, 183, 184, -1,
      179, 184, 178, -1,
      132, 133, 181, -1,
      181, 133, 134, -1,
      181, 134, 185, -1,
      134, 135, 185, -1,
      185, 135, 136, -1,
      185, 136, 186, -1,
      187, 188, 189, -1,
      189, 190, 187, -1,
      187, 190, 191, -1,
      187, 191, 182, -1,
      182, 191, 192, -1,
      182, 192, 183, -1,
      139, 193, 138, -1,
      138, 193, 186, -1,
      138, 186, 137, -1,
      137, 186, 136, -1,
      17, 194, 193, -1,
      193, 194, 195, -1,
      193, 195, 186, -1,
      186, 195, 196, -1,
      186, 196, 185, -1,
      185, 196, 197, -1,
      185, 197, 181, -1,
      181, 197, 198, -1,
      181, 198, 180, -1,
      180, 198, 57, -1,
      180, 57, 56, -1,
      17, 199, 194, -1,
      194, 199, 200, -1,
      194, 200, 195, -1,
      195, 200, 201, -1,
      195, 201, 196, -1,
      196, 201, 202, -1,
      196, 202, 197, -1,
      197, 202, 176, -1,
      197, 176, 198, -1,
      198, 176, 58, -1,
      198, 58, 57, -1,
      139, 140, 193, -1,
      193, 140, 17, -1,
      17, 203, 204, -1,
      204, 203, 205, -1,
      204, 205, 188, -1,
      188, 205, 206, -1,
      188, 206, 189, -1,
      60, 177, 179, -1,
      179, 177, 207, -1,
      179, 207, 182, -1,
      182, 207, 208, -1,
      182, 208, 187, -1,
      187, 208, 209, -1,
      187, 209, 188, -1,
      188, 209, 210, -1,
      188, 210, 204, -1,
      204, 210, 17, -1,
      59, 176, 177, -1,
      177, 176, 202, -1,
      177, 202, 207, -1,
      207, 202, 201, -1,
      207, 201, 208, -1,
      208, 201, 200, -1,
      208, 200, 209, -1,
      209, 200, 199, -1,
      209, 199, 210, -1,
      210, 199, 17, -1,
      18, 170, 16, -1,
      16, 170, 211, -1,
      211, 170, 212, -1,
      212, 170, 157, -1,
      212, 157, 213, -1,
      213, 157, 159, -1,
      213, 159, 214, -1,
      214, 159, 160, -1,
      214, 160, 215, -1,
      215, 160, 153, -1,
      215, 153, 216, -1,
      216, 153, 152, -1,
      216, 152, 217, -1,
      217, 152, 150, -1,
      217, 150, 218, -1,
      218, 150, 149, -1,
      218, 149, 219, -1,
      149, 146, 219, -1,
      219, 146, 141, -1,
      219, 141, 220, -1,
      220, 141, 12, -1,
      220, 12, 14, -1,
      0, 2, 221, -1,
      221, 2, 178, -1,
      221, 178, 222, -1,
      178, 184, 222, -1,
      222, 184, 183, -1,
      222, 183, 223, -1,
      223, 183, 192, -1,
      223, 192, 224, -1,
      224, 192, 191, -1,
      224, 191, 225, -1,
      225, 191, 190, -1,
      225, 190, 226, -1,
      226, 190, 189, -1,
      226, 189, 227, -1,
      227, 189, 206, -1,
      227, 206, 228, -1,
      228, 206, 205, -1,
      228, 205, 229, -1,
      229, 205, 203, -1,
      229, 203, 230, -1,
      230, 203, 17, -1,
      230, 17, 16, -1,
      66, 0, 221, -1,
      69, 68, 231, -1,
      70, 69, 232, -1,
      220, 14, 233, -1,
      233, 14, 70, -1,
      66, 221, 234, -1,
      234, 221, 222, -1,
      234, 222, 235, -1,
      236, 218, 233, -1,
      233, 218, 219, -1,
      233, 219, 220, -1,
      222, 223, 235, -1,
      235, 223, 224, -1,
      235, 224, 237, -1,
      224, 225, 237, -1,
      237, 225, 226, -1,
      237, 226, 238, -1,
      239, 240, 214, -1,
      214, 215, 239, -1,
      239, 215, 216, -1,
      239, 216, 236, -1,
      236, 216, 217, -1,
      236, 217, 218, -1,
      229, 241, 228, -1,
      228, 241, 238, -1,
      228, 238, 227, -1,
      227, 238, 226, -1,
      16, 242, 241, -1,
      241, 242, 243, -1,
      241, 243, 238, -1,
      238, 243, 244, -1,
      238, 244, 237, -1,
      237, 244, 245, -1,
      237, 245, 235, -1,
      235, 245, 246, -1,
      235, 246, 234, -1,
      234, 246, 67, -1,
      234, 67, 66, -1,
      16, 247, 242, -1,
      242, 247, 248, -1,
      242, 248, 243, -1,
      243, 248, 249, -1,
      243, 249, 244, -1,
      244, 249, 250, -1,
      244, 250, 245, -1,
      245, 250, 231, -1,
      245, 231, 246, -1,
      246, 231, 68, -1,
      246, 68, 67, -1,
      229, 230, 241, -1,
      241, 230, 16, -1,
      16, 211, 251, -1,
      251, 211, 212, -1,
      251, 212, 240, -1,
      240, 212, 213, -1,
      240, 213, 214, -1,
      70, 232, 233, -1,
      233, 232, 252, -1,
      233, 252, 236, -1,
      236, 252, 253, -1,
      236, 253, 239, -1,
      239, 253, 254, -1,
      239, 254, 240, -1,
      240, 254, 255, -1,
      240, 255, 251, -1,
      251, 255, 16, -1,
      69, 231, 232, -1,
      232, 231, 250, -1,
      232, 250, 252, -1,
      252, 250, 249, -1,
      252, 249, 253, -1,
      253, 249, 248, -1,
      253, 248, 254, -1,
      254, 248, 247, -1,
      254, 247, 255, -1,
      255, 247, 16, -1,
    ]
  }
}

Shape {
  appearance Appearance {
    material Material {
      diffuseColor 1.0000 1.0000 1.0000
      specularColor 0.5020 0.5020 0.5020
      ambientIntensity 0.2
      transparency 0.0000
      shininess 0.5
    }
  }
  geometry IndexedFaceSet {
    ccw TRUE
    solid FALSE
    coord DEF co Coordinate {
      point [
        0.003292 -0.295276 0.031530,
        0.003292 -0.295276 0.025187,
        0.018706 -0.295276 0.025187,
        0.003292 -0.295276 0.056935,
        0.003292 -0.295276 0.052239,
        0.018706 -0.295276 0.052239,
        0.024826 -0.295276 0.073072,
        0.026035 -0.295276 0.073219,
        0.019666 -0.295276 0.073219,
        0.036212 -0.295276 0.071242,
        0.036212 -0.295276 0.066117,
        0.040537 -0.295276 0.066117,
        0.037198 -0.295276 0.031609,
        0.036535 -0.295276 0.031530,
        0.040537 -0.295276 0.031530,
        0.033703 -0.295276 0.031570,
        0.033217 -0.295276 0.031741,
        0.033217 -0.295276 0.031530,
        0.056266 -0.295276 0.038878,
        0.056266 -0.295276 0.033491,
        0.059265 -0.295276 0.033491,
        -0.037500 -0.295276 0.000394,
        -0.037500 -0.295276 0.000000,
        0.003292 -0.295276 0.000000,
        -0.010585 -0.295276 0.060593,
        -0.007498 -0.295276 0.057980,
        0.003292 -0.295276 0.073219,
        -0.023302 -0.295276 0.073219,
        -0.020686 -0.295276 0.071460,
        -0.016623 -0.295276 0.066651,
        -0.014537 -0.295276 0.062465,
        -0.013973 -0.295276 0.062275,
        -0.031479 -0.295276 0.076887,
        -0.025765 -0.295276 0.074874,
        0.003292 -0.295276 0.110236,
        -0.046376 -0.295276 0.075007,
        -0.041079 -0.295276 0.076856,
        -0.195433 -0.295276 0.110236,
        -0.036170 -0.295276 0.077380,
        -0.049367 -0.295276 0.073219,
        -0.195433 -0.295276 0.073219,
        -0.049833 -0.295276 0.072940,
        -0.195433 -0.295276 0.056935,
        -0.074291 -0.295276 0.056935,
        -0.073246 -0.295276 0.059261,
        -0.070556 -0.295276 0.062693,
        -0.061833 -0.295276 0.067632,
        -0.057462 -0.295276 0.068158,
        -0.052509 -0.295276 0.070648,
        -0.056152 -0.295276 0.068087,
        -0.054843 -0.295276 0.067930,
        -0.069696 -0.295276 0.063501,
        -0.066059 -0.295276 0.066023,
        -0.067717 -0.295276 0.034369,
        -0.071125 -0.295276 0.037303,
        -0.195433 -0.295276 0.031530,
        -0.063622 -0.295276 0.032326,
        -0.073780 -0.295276 0.041119,
        -0.075383 -0.295276 0.045363,
        -0.195433 -0.295276 0.052239,
        -0.075907 -0.295276 0.049713,
        -0.075869 -0.295276 0.050898,
        -0.075622 -0.295276 0.052239,
        -0.075083 -0.295276 0.055174,
        -0.055907 -0.295276 0.025187,
        -0.056956 -0.295276 0.025627,
        -0.059182 -0.295276 0.027306,
        -0.062016 -0.295276 0.031837,
        -0.061872 -0.295276 0.031530,
        -0.060876 -0.295276 0.029396,
        -0.195433 -0.295276 0.000000,
        -0.115860 -0.295276 0.000000,
        -0.195433 -0.295276 0.025187,
        -0.115860 -0.295276 0.000394,
        -0.046485 -0.295276 0.025187,
        -0.048446 -0.295276 0.024434,
        -0.051200 -0.295276 0.024095,
        -0.051641 -0.295276 0.024104,
        -0.054329 -0.295276 0.024523,
        -0.040530 -0.295276 0.031530,
        -0.040539 -0.295276 0.031493,
        -0.041884 -0.295276 0.028954,
        -0.043638 -0.295276 0.026987,
        -0.045906 -0.295276 0.025409,
        -0.003785 -0.295276 0.051262,
        -0.003266 -0.295276 0.047550,
        -0.025993 -0.295276 0.038247,
        -0.025211 -0.295276 0.038556,
        -0.023874 -0.295276 0.045045,
        -0.007478 -0.295276 0.036733,
        -0.010578 -0.295276 0.034110,
        -0.042660 -0.295276 0.043109,
        -0.027404 -0.295276 0.051080,
        -0.044648 -0.295276 0.044920,
        -0.047064 -0.295276 0.046215,
        -0.026693 -0.295276 0.037751,
        -0.005220 -0.295276 0.039878,
        -0.010380 -0.295276 0.048428,
        -0.010913 -0.295276 0.050615,
        -0.011787 -0.295276 0.052239,
        -0.068451 -0.295276 0.052239,
        -0.003789 -0.295276 0.043482,
        -0.024329 -0.295276 0.038669,
        -0.024219 -0.295276 0.038661,
        -0.023877 -0.295276 0.038585,
        -0.067784 -0.295276 0.045406,
        -0.066423 -0.295276 0.043089,
        -0.060642 -0.295276 0.041916,
        -0.064381 -0.295276 0.040993,
        -0.061902 -0.295276 0.039466,
        -0.056431 -0.295276 0.045685,
        -0.058759 -0.295276 0.044068,
        -0.068733 -0.295276 0.049941,
        -0.068599 -0.295276 0.048194,
        -0.053915 -0.295276 0.046646,
        -0.051200 -0.295276 0.046980,
        -0.049812 -0.295276 0.046898,
        -0.027859 -0.295276 0.035139,
        -0.027830 -0.295276 0.035589,
        -0.039814 -0.295276 0.036619,
        -0.027601 -0.295276 0.036455,
        -0.027163 -0.295276 0.037232,
        -0.012635 -0.295276 0.041415,
        -0.011382 -0.295276 0.043191,
        -0.010598 -0.295276 0.045220,
        -0.010325 -0.295276 0.047436,
        -0.025198 -0.295276 0.031713,
        -0.025952 -0.295276 0.032009,
        -0.026690 -0.295276 0.032535,
        -0.026955 -0.295276 0.032804,
        -0.027451 -0.295276 0.033519,
        -0.027751 -0.295276 0.034291,
        -0.039875 -0.295276 0.034304,
        -0.039814 -0.295276 0.035481,
        -0.014052 -0.295276 0.032410,
        -0.017839 -0.295276 0.031610,
        -0.024557 -0.295276 0.031610,
        -0.023646 -0.295276 0.038555,
        -0.018522 -0.295276 0.038555,
        -0.016484 -0.295276 0.038945,
        -0.014474 -0.295276 0.039875,
        -0.012790 -0.295276 0.041248,
        -0.020117 -0.295276 0.056317,
        -0.067420 -0.295276 0.055234,
        -0.068394 -0.295276 0.052694,
        -0.019206 -0.295276 0.056317,
        -0.011971 -0.295276 0.052580,
        -0.013289 -0.295276 0.054052,
        -0.015055 -0.295276 0.055285,
        -0.017042 -0.295276 0.056050,
        -0.022566 -0.295276 0.063149,
        -0.025133 -0.295276 0.066219,
        -0.051313 -0.295276 0.059619,
        -0.025429 -0.295276 0.066488,
        -0.028628 -0.295276 0.068708,
        -0.049576 -0.295276 0.063218,
        -0.066237 -0.295276 0.056935,
        -0.052135 -0.295276 0.060067,
        -0.020252 -0.295276 0.056935,
        -0.020811 -0.295276 0.059480,
        -0.054689 -0.295276 0.060998,
        -0.057348 -0.295276 0.061326,
        -0.058525 -0.295276 0.061266,
        -0.047022 -0.295276 0.066269,
        -0.032198 -0.295276 0.070075,
        -0.043965 -0.295276 0.068503,
        -0.036057 -0.295276 0.070549,
        -0.040246 -0.295276 0.070010,
        -0.061336 -0.295276 0.060602,
        -0.063875 -0.295276 0.059256,
        -0.065842 -0.295276 0.057502,
        -0.006750 -0.295276 0.056935,
        -0.005176 -0.295276 0.054739,
        -0.004176 -0.295276 0.052239,
        0.059265 -0.295276 0.031530,
        0.064324 -0.295276 0.031530,
        0.062811 -0.295276 0.031665,
        0.064324 -0.295276 0.052239,
        0.062447 -0.295276 0.047679,
        0.062447 -0.295276 0.045837,
        0.061993 -0.295276 0.040712,
        0.061993 -0.295276 0.038878,
        0.062811 -0.295276 0.033491,
        0.059265 -0.295276 0.038878,
        0.059265 -0.295276 0.045837,
        0.059265 -0.295276 0.040712,
        0.056266 -0.295276 0.045837,
        0.056266 -0.295276 0.040712,
        0.059265 -0.295276 0.031665,
        0.054199 -0.295276 0.031665,
        0.053118 -0.295276 0.031530,
        0.054199 -0.295276 0.047679,
        0.021131 -0.295276 0.037047,
        0.021500 -0.295276 0.040352,
        0.020717 -0.295276 0.036395,
        0.020474 -0.295276 0.035660,
        0.025930 -0.295276 0.041664,
        0.025249 -0.295276 0.041735,
        0.024177 -0.295276 0.038461,
        0.032290 -0.295276 0.034138,
        0.029572 -0.295276 0.039026,
        0.032290 -0.295276 0.032067,
        0.029572 -0.295276 0.031665,
        0.026437 -0.295276 0.032170,
        0.025906 -0.295276 0.031829,
        0.027566 -0.295276 0.031665,
        0.025119 -0.295276 0.031530,
        0.021719 -0.295276 0.037589,
        0.022526 -0.295276 0.038033,
        0.022881 -0.295276 0.041220,
        0.024137 -0.295276 0.041628,
        0.019666 -0.295276 0.025187,
        0.022846 -0.295276 0.031530,
        0.019666 -0.295276 0.031530,
        0.022809 -0.295276 0.031535,
        0.022040 -0.295276 0.031824,
        0.023404 -0.295276 0.043118,
        0.019666 -0.295276 0.052239,
        0.021912 -0.295276 0.042539,
        0.021500 -0.295276 0.042300,
        0.021365 -0.295276 0.032296,
        0.021145 -0.295276 0.032518,
        0.020727 -0.295276 0.033132,
        0.033147 -0.295276 0.033616,
        0.033217 -0.295276 0.033591,
        0.033217 -0.295276 0.037852,
        0.027566 -0.295276 0.033434,
        0.027513 -0.295276 0.033434,
        0.027086 -0.295276 0.032810,
        0.020483 -0.295276 0.033809,
        0.020382 -0.295276 0.034727,
        0.032389 -0.295276 0.039236,
        0.029378 -0.295276 0.040703,
        0.032302 -0.295276 0.040016,
        0.027566 -0.295276 0.038935,
        0.027496 -0.295276 0.039821,
        0.027289 -0.295276 0.040536,
        0.027054 -0.295276 0.040949,
        0.025437 -0.295276 0.043365,
        0.026805 -0.295276 0.043221,
        0.027612 -0.295276 0.042944,
        0.032381 -0.295276 0.040731,
        0.032620 -0.295276 0.041378,
        0.029049 -0.295276 0.041565,
        0.032992 -0.295276 0.041920,
        0.028625 -0.295276 0.042186,
        0.028253 -0.295276 0.042544,
        0.033200 -0.295276 0.037863,
        0.032871 -0.295276 0.038207,
        0.032610 -0.295276 0.038624,
        0.026750 -0.295276 0.041272,
        0.026394 -0.295276 0.041502,
        0.034091 -0.295276 0.031530,
        0.033217 -0.295276 0.025187,
        0.035393 -0.295276 0.031395,
        0.039466 -0.295276 0.042857,
        0.039466 -0.295276 0.040909,
        0.033217 -0.295276 0.042122,
        0.033217 -0.295276 0.052239,
        0.033588 -0.295276 0.042456,
        0.034085 -0.295276 0.042761,
        0.039919 -0.295276 0.033970,
        0.039673 -0.295276 0.033335,
        0.039299 -0.295276 0.032806,
        0.035161 -0.295276 0.043174,
        0.036756 -0.295276 0.043365,
        0.040537 -0.295276 0.052239,
        0.038163 -0.295276 0.043240,
        0.039343 -0.295276 0.036668,
        0.039718 -0.295276 0.036115,
        0.039931 -0.295276 0.035524,
        0.040015 -0.295276 0.034776,
        0.038725 -0.295276 0.032304,
        0.038255 -0.295276 0.032015,
        0.036560 -0.295276 0.041735,
        0.035966 -0.295276 0.041691,
        0.034370 -0.295276 0.040196,
        0.035430 -0.295276 0.041549,
        0.034980 -0.295276 0.041310,
        0.034388 -0.295276 0.039930,
        0.034467 -0.295276 0.039618,
        0.034612 -0.295276 0.039347,
        0.034807 -0.295276 0.039132,
        0.035515 -0.295276 0.038690,
        0.037789 -0.295276 0.041606,
        0.036756 -0.295276 0.038150,
        0.038929 -0.295276 0.041210,
        0.037533 -0.295276 0.037835,
        0.038865 -0.295276 0.037094,
        0.034677 -0.295276 0.041042,
        0.034505 -0.295276 0.040787,
        0.034406 -0.295276 0.040516,
        0.034408 -0.295276 0.033162,
        0.035340 -0.295276 0.036692,
        0.034144 -0.295276 0.037240,
        0.035589 -0.295276 0.033033,
        0.035678 -0.295276 0.033033,
        0.036657 -0.295276 0.036141,
        0.036706 -0.295276 0.033148,
        0.037956 -0.295276 0.034580,
        0.037936 -0.295276 0.034830,
        0.037224 -0.295276 0.033338,
        0.037407 -0.295276 0.033449,
        0.037637 -0.295276 0.033653,
        0.037812 -0.295276 0.033912,
        0.037914 -0.295276 0.034197,
        0.037845 -0.295276 0.035143,
        0.037690 -0.295276 0.035409,
        0.037440 -0.295276 0.035669,
        0.070200 -0.295276 0.061450,
        0.064324 -0.295276 0.061450,
        0.071834 -0.295276 0.057070,
        0.064324 -0.295276 0.056935,
        0.074118 -0.295276 0.057070,
        0.314961 -0.295276 0.056935,
        0.314961 -0.295276 0.073219,
        0.068019 -0.295276 0.073084,
        0.064324 -0.295276 0.073219,
        0.063532 -0.295276 0.061450,
        0.061993 -0.295276 0.057070,
        0.059265 -0.295276 0.056935,
        0.059709 -0.295276 0.057070,
        0.059265 -0.295276 0.073219,
        0.064324 -0.295276 0.069188,
        0.065808 -0.295276 0.073084,
        0.053118 -0.295276 0.056935,
        0.052911 -0.295276 0.057402,
        0.050187 -0.295276 0.057070,
        0.050351 -0.295276 0.073084,
        0.053118 -0.295276 0.073219,
        0.044270 -0.295276 0.073219,
        0.044270 -0.295276 0.056935,
        0.045782 -0.295276 0.057070,
        0.045782 -0.295276 0.073084,
        0.058384 -0.295276 0.062387,
        0.057596 -0.295276 0.060731,
        0.056967 -0.295276 0.070413,
        0.057959 -0.295276 0.069018,
        0.056405 -0.295276 0.059313,
        0.054736 -0.295276 0.058116,
        0.053118 -0.295276 0.057483,
        0.056405 -0.295276 0.070963,
        0.052796 -0.295276 0.072814,
        0.053118 -0.295276 0.072696,
        0.054729 -0.295276 0.072108,
        0.058553 -0.295276 0.067491,
        0.058820 -0.295276 0.065281,
        0.058772 -0.295276 0.064262,
        0.040537 -0.295276 0.073219,
        0.042393 -0.295276 0.073084,
        0.040537 -0.295276 0.073084,
        0.036212 -0.295276 0.058896,
        0.040537 -0.295276 0.058896,
        0.036212 -0.295276 0.064283,
        0.040537 -0.295276 0.064283,
        0.041939 -0.295276 0.064283,
        0.042757 -0.295276 0.058896,
        0.041939 -0.295276 0.066117,
        0.042393 -0.295276 0.071242,
        0.040537 -0.295276 0.071242,
        0.034144 -0.295276 0.057070,
        0.033217 -0.295276 0.056935,
        0.040537 -0.295276 0.056935,
        0.042757 -0.295276 0.057070,
        0.040537 -0.295276 0.057070,
        0.034144 -0.295276 0.073084,
        0.033217 -0.295276 0.073219,
        0.028863 -0.295276 0.073219,
        0.029242 -0.295276 0.073189,
        0.030939 -0.295276 0.072699,
        0.030939 -0.295276 0.070537,
        0.030939 -0.295276 0.059714,
        0.030939 -0.295276 0.057733,
        0.030666 -0.295276 0.057597,
        0.028947 -0.295276 0.057033,
        0.027919 -0.295276 0.056935,
        0.029137 -0.295276 0.071252,
        0.027165 -0.295276 0.071487,
        0.030761 -0.295276 0.070634,
        0.026345 -0.295276 0.071443,
        0.024979 -0.295276 0.071136,
        0.023739 -0.295276 0.070511,
        0.022801 -0.295276 0.069711,
        0.022697 -0.295276 0.069596,
        0.021922 -0.295276 0.068484,
        0.021384 -0.295276 0.067103,
        0.021119 -0.295276 0.064896,
        0.021151 -0.295276 0.064095,
        0.021440 -0.295276 0.062541,
        0.027553 -0.295276 0.058670,
        0.029364 -0.295276 0.059007,
        0.024058 -0.295276 0.059274,
        0.025200 -0.295276 0.058834,
        0.026805 -0.295276 0.058642,
        0.021987 -0.295276 0.061277,
        0.022691 -0.295276 0.060328,
        0.023010 -0.295276 0.060013,
        0.027144 -0.295276 0.073354,
        0.019666 -0.295276 0.110236,
        0.033217 -0.295276 0.110236,
        0.020101 -0.295276 0.069479,
        0.021262 -0.295276 0.070996,
        0.021654 -0.295276 0.071370,
        0.023153 -0.295276 0.072421,
        0.018706 -0.295276 0.073219,
        0.019341 -0.295276 0.067700,
        0.019666 -0.295276 0.068461,
        0.019666 -0.295276 0.061141,
        0.019267 -0.295276 0.062161,
        0.018706 -0.295276 0.056935,
        0.018949 -0.295276 0.064774,
        0.018978 -0.295276 0.065610,
        0.022292 -0.295276 0.057916,
        0.021004 -0.295276 0.058985,
        0.019666 -0.295276 0.056935,
        0.020876 -0.295276 0.059125,
        0.019920 -0.295276 0.060491,
        0.026506 -0.295276 0.056800,
        0.025538 -0.295276 0.056845,
        0.025105 -0.295276 0.056935,
        0.023803 -0.295276 0.057203,
        0.025102 -0.295276 0.031524,
        0.024009 -0.295276 0.031395,
        0.049958 -0.295276 0.043103,
        0.052037 -0.295276 0.043103,
        0.053118 -0.295276 0.052239,
        0.059265 -0.295276 0.047679,
        0.059265 -0.295276 0.052239,
        0.047474 -0.295276 0.031530,
        0.046290 -0.295276 0.034506,
        0.046536 -0.295276 0.033565,
        0.046589 -0.295276 0.033565,
        0.044270 -0.295276 0.052239,
        0.044270 -0.295276 0.040318,
        0.046835 -0.295276 0.034490,
        0.046681 -0.295276 0.033957,
        0.044270 -0.295276 0.031530,
        0.044270 -0.295276 0.034933,
        0.041059 -0.295276 0.043103,
        0.043302 -0.295276 0.043103,
        0.045545 -0.295276 0.031690,
        0.045478 -0.295276 0.031530,
        0.044665 -0.295276 0.029610,
        0.040537 -0.295276 0.025187,
        0.041472 -0.295276 0.026442,
        0.041472 -0.295276 0.028227,
        0.043889 -0.295276 0.028463,
        0.044263 -0.295276 0.028876,
        0.044270 -0.295276 0.028890,
        0.041882 -0.295276 0.028092,
        0.042610 -0.295276 0.027998,
        0.044270 -0.295276 0.026636,
        0.043576 -0.295276 0.026371,
        0.044270 -0.295276 0.025187,
        0.042765 -0.295276 0.026278,
        0.042323 -0.295276 0.026294,
        0.043130 -0.295276 0.028061,
        0.043565 -0.295276 0.028235,
        0.046847 -0.295276 0.029938,
        0.045939 -0.295276 0.028169,
        0.053118 -0.295276 0.025187,
        0.045205 -0.295276 0.027288,
        0.045068 -0.295276 0.027163,
        0.044367 -0.295276 0.026673,
        -0.314961 -0.295276 0.000000,
        -0.314961 -0.295276 0.025187,
        -0.314961 -0.295276 0.031530,
        -0.314961 -0.295276 0.052239,
        -0.314961 -0.295276 0.056935,
        -0.314961 -0.295276 0.073219,
        -0.314961 -0.295276 0.110236,
        0.011917 -0.295276 0.073084,
        0.011917 -0.295276 0.058896,
        0.018294 -0.295276 0.058896,
        0.018294 -0.295276 0.057070,
        0.009849 -0.295276 0.057070,
        0.009849 -0.295276 0.073084,
        0.018706 -0.295276 0.031530,
        0.018462 -0.295276 0.031665,
        0.009849 -0.295276 0.031665,
        0.018462 -0.295276 0.033491,
        0.018098 -0.295276 0.045837,
        0.011917 -0.295276 0.038878,
        0.011917 -0.295276 0.033491,
        0.017643 -0.295276 0.038878,
        0.017643 -0.295276 0.040712,
        0.011917 -0.295276 0.040712,
        0.011917 -0.295276 0.045837,
        0.009849 -0.295276 0.047679,
        0.018098 -0.295276 0.047679,
        0.018706 -0.295276 0.110236,
        0.040537 -0.295276 0.110236,
        0.044270 -0.295276 0.110236,
        0.053118 -0.295276 0.110236,
        0.059265 -0.295276 0.110236,
        0.064324 -0.295276 0.110236,
        0.314961 -0.295276 0.110236,
        0.065837 -0.295276 0.031665,
        0.065837 -0.295276 0.047679,
        0.082047 -0.295276 0.031665,
        0.079763 -0.295276 0.031665,
        0.070241 -0.295276 0.031665,
        0.314961 -0.295276 0.052239,
        0.088073 -0.295276 0.047679,
        0.314961 -0.295276 0.031530,
        0.094172 -0.295276 0.031665,
        0.091888 -0.295276 0.031665,
        0.090255 -0.295276 0.036045,
        0.083586 -0.295276 0.036045,
        0.085862 -0.295276 0.047679,
        0.077650 -0.295276 0.035326,
        0.076459 -0.295276 0.033909,
        0.074791 -0.295276 0.032711,
        0.072966 -0.295276 0.031998,
        0.076459 -0.295276 0.045559,
        0.077022 -0.295276 0.045009,
        0.078014 -0.295276 0.043614,
        0.078607 -0.295276 0.042087,
        0.070405 -0.295276 0.047679,
        0.072850 -0.295276 0.047409,
        0.074783 -0.295276 0.046703,
        0.078874 -0.295276 0.039877,
        0.078826 -0.295276 0.038857,
        0.078439 -0.295276 0.036983,
        0.059265 -0.295276 0.025187,
        0.064324 -0.295276 0.025187,
        0.314961 -0.295276 0.025187,
        0.018706 -0.295276 0.000000,
        0.019666 -0.295276 0.000000,
        0.033217 -0.295276 0.000000,
        0.040537 -0.295276 0.000000,
        0.044270 -0.295276 0.000000,
        0.053118 -0.295276 0.000000,
        0.059265 -0.295276 0.000000,
        0.064324 -0.295276 0.000000,
        0.314961 -0.295276 0.000000,
        0.157480 -0.285433 0.000000,
        0.314961 -0.285433 0.000000,
        0.157480 0.049213 0.000000,
        0.085636 -0.037653 0.000000,
        0.085636 0.037653 0.000000,
        -0.037500 0.295276 0.000000,
        0.314961 0.295276 0.000000,
        0.157480 0.285433 0.000000,
        0.314961 0.285433 0.000000,
        -0.037500 0.037653 0.000000,
        0.314961 0.049213 0.000000,
        0.314961 -0.049213 0.000000,
        0.157480 -0.049213 0.000000,
        -0.037500 -0.037653 0.000000,
        -0.314961 -0.285433 0.000000,
        -0.157480 -0.285433 0.000000,
        -0.157480 -0.049213 0.000000,
        -0.115860 0.295276 0.000000,
        -0.314961 0.285433 0.000000,
        -0.314961 0.295276 0.000000,
        -0.157480 0.285433 0.000000,
        -0.157480 0.049213 0.000000,
        -0.314961 0.049213 0.000000,
        -0.314961 -0.049213 0.000000,
      ]
    }
    coordIndex [
      0, 1, 2, -1,
      3, 4, 5, -1,
      6, 7, 8, -1,
      9, 10, 11, -1,
      12, 13, 14, -1,
      15, 16, 17, -1,
      18, 19, 20, -1,
      21, 22, 23, -1,
      24, 25, 26, -1,
      26, 25, 3, -1,
      27, 28, 26, -1,
      26, 28, 29, -1,
      29, 30, 26, -1,
      26, 30, 31, -1,
      26, 31, 24, -1,
      32, 33, 34, -1,
      35, 36, 37, -1,
      37, 36, 34, -1,
      34, 36, 38, -1,
      34, 38, 32, -1,
      35, 37, 39, -1,
      39, 37, 40, -1,
      39, 40, 41, -1,
      42, 43, 40, -1,
      40, 43, 44, -1,
      40, 44, 45, -1,
      40, 46, 41, -1,
      41, 46, 47, -1,
      41, 47, 48, -1,
      48, 47, 49, -1,
      48, 49, 50, -1,
      45, 51, 40, -1,
      40, 51, 52, -1,
      40, 52, 46, -1,
      53, 54, 55, -1,
      53, 55, 56, -1,
      54, 57, 55, -1,
      55, 57, 58, -1,
      55, 58, 59, -1,
      59, 58, 60, -1,
      60, 61, 59, -1,
      59, 61, 62, -1,
      59, 62, 42, -1,
      42, 62, 63, -1,
      42, 63, 43, -1,
      64, 65, 55, -1,
      55, 65, 66, -1,
      67, 56, 68, -1,
      68, 56, 55, -1,
      68, 55, 69, -1,
      69, 55, 66, -1,
      70, 71, 72, -1,
      72, 71, 73, -1,
      1, 74, 21, -1,
      21, 74, 75, -1,
      21, 75, 76, -1,
      76, 77, 21, -1,
      21, 77, 78, -1,
      21, 78, 73, -1,
      73, 78, 64, -1,
      73, 64, 72, -1,
      72, 64, 55, -1,
      0, 79, 1, -1,
      1, 79, 80, -1,
      1, 80, 81, -1,
      81, 82, 1, -1,
      1, 82, 83, -1,
      1, 83, 74, -1,
      84, 85, 4, -1,
      86, 87, 88, -1,
      89, 90, 0, -1,
      91, 92, 93, -1,
      93, 92, 94, -1,
      86, 88, 95, -1,
      89, 0, 96, -1,
      97, 98, 92, -1,
      92, 98, 99, -1,
      92, 99, 100, -1,
      4, 85, 0, -1,
      0, 85, 101, -1,
      0, 101, 96, -1,
      87, 102, 88, -1,
      88, 102, 103, -1,
      88, 103, 104, -1,
      105, 106, 107, -1,
      107, 106, 108, -1,
      107, 108, 109, -1,
      110, 100, 111, -1,
      111, 100, 112, -1,
      111, 112, 107, -1,
      107, 112, 113, -1,
      107, 113, 105, -1,
      110, 114, 100, -1,
      100, 114, 115, -1,
      100, 115, 92, -1,
      92, 115, 116, -1,
      92, 116, 94, -1,
      117, 118, 119, -1,
      119, 118, 120, -1,
      119, 120, 88, -1,
      88, 120, 121, -1,
      88, 121, 95, -1,
      122, 123, 88, -1,
      88, 123, 124, -1,
      88, 124, 92, -1,
      92, 124, 125, -1,
      92, 125, 97, -1,
      126, 127, 79, -1,
      79, 127, 128, -1,
      79, 128, 129, -1,
      129, 130, 79, -1,
      79, 130, 131, -1,
      79, 131, 132, -1,
      132, 131, 117, -1,
      132, 117, 133, -1,
      133, 117, 119, -1,
      90, 134, 0, -1,
      0, 134, 135, -1,
      0, 135, 79, -1,
      79, 135, 136, -1,
      79, 136, 126, -1,
      104, 137, 88, -1,
      88, 137, 138, -1,
      88, 138, 139, -1,
      139, 140, 88, -1,
      88, 140, 141, -1,
      88, 141, 122, -1,
      142, 143, 144, -1,
      144, 100, 142, -1,
      142, 100, 99, -1,
      142, 99, 145, -1,
      145, 99, 146, -1,
      146, 147, 145, -1,
      145, 147, 148, -1,
      145, 148, 149, -1,
      150, 151, 152, -1,
      151, 153, 152, -1,
      152, 153, 154, -1,
      152, 154, 155, -1,
      156, 152, 157, -1,
      143, 142, 156, -1,
      156, 142, 158, -1,
      156, 158, 152, -1,
      152, 158, 159, -1,
      152, 159, 150, -1,
      157, 160, 156, -1,
      156, 160, 161, -1,
      156, 161, 162, -1,
      155, 154, 163, -1,
      163, 154, 164, -1,
      163, 164, 165, -1,
      165, 164, 166, -1,
      165, 166, 167, -1,
      168, 169, 162, -1,
      162, 169, 170, -1,
      162, 170, 156, -1,
      25, 171, 3, -1,
      3, 171, 172, -1,
      3, 172, 4, -1,
      4, 172, 173, -1,
      4, 173, 84, -1,
      174, 175, 176, -1,
      177, 178, 179, -1,
      180, 181, 175, -1,
      176, 175, 182, -1,
      182, 175, 181, -1,
      182, 181, 20, -1,
      20, 181, 183, -1,
      20, 183, 18, -1,
      179, 184, 185, -1,
      185, 184, 186, -1,
      185, 186, 187, -1,
      176, 188, 174, -1,
      174, 188, 189, -1,
      174, 189, 190, -1,
      190, 189, 191, -1,
      192, 193, 194, -1,
      194, 193, 195, -1,
      196, 197, 198, -1,
      199, 200, 201, -1,
      201, 200, 202, -1,
      201, 202, 16, -1,
      203, 204, 205, -1,
      205, 204, 206, -1,
      205, 206, 202, -1,
      192, 207, 193, -1,
      193, 207, 208, -1,
      193, 208, 209, -1,
      209, 208, 198, -1,
      209, 198, 210, -1,
      210, 198, 197, -1,
      211, 212, 213, -1,
      213, 212, 214, -1,
      213, 214, 215, -1,
      216, 217, 218, -1,
      218, 217, 219, -1,
      215, 220, 213, -1,
      213, 220, 221, -1,
      213, 221, 222, -1,
      223, 224, 225, -1,
      226, 227, 205, -1,
      205, 227, 228, -1,
      205, 228, 203, -1,
      222, 229, 213, -1,
      213, 229, 230, -1,
      213, 230, 217, -1,
      217, 230, 195, -1,
      217, 195, 219, -1,
      219, 195, 193, -1,
      200, 231, 232, -1,
      232, 231, 233, -1,
      234, 235, 198, -1,
      198, 235, 236, -1,
      198, 236, 237, -1,
      223, 225, 199, -1,
      216, 238, 217, -1,
      217, 238, 239, -1,
      217, 239, 240, -1,
      233, 241, 232, -1,
      232, 241, 242, -1,
      232, 242, 243, -1,
      243, 242, 244, -1,
      243, 244, 245, -1,
      245, 244, 246, -1,
      225, 247, 199, -1,
      199, 247, 248, -1,
      199, 248, 200, -1,
      200, 248, 249, -1,
      200, 249, 231, -1,
      237, 250, 198, -1,
      198, 250, 251, -1,
      198, 251, 196, -1,
      15, 17, 252, -1,
      252, 17, 253, -1,
      252, 253, 254, -1,
      255, 256, 14, -1,
      244, 257, 258, -1,
      258, 257, 259, -1,
      258, 259, 260, -1,
      261, 262, 14, -1,
      14, 262, 263, -1,
      260, 264, 258, -1,
      258, 264, 265, -1,
      258, 265, 266, -1,
      266, 265, 267, -1,
      266, 267, 255, -1,
      268, 269, 256, -1,
      256, 269, 270, -1,
      256, 270, 14, -1,
      14, 270, 271, -1,
      14, 271, 261, -1,
      263, 272, 14, -1,
      14, 272, 273, -1,
      14, 273, 12, -1,
      274, 275, 276, -1,
      276, 275, 277, -1,
      276, 277, 278, -1,
      276, 279, 274, -1,
      274, 279, 280, -1,
      274, 280, 281, -1,
      281, 282, 274, -1,
      274, 282, 283, -1,
      274, 283, 284, -1,
      284, 283, 285, -1,
      284, 285, 286, -1,
      286, 285, 287, -1,
      286, 287, 256, -1,
      256, 287, 288, -1,
      256, 288, 268, -1,
      289, 290, 278, -1,
      278, 290, 291, -1,
      278, 291, 276, -1,
      292, 293, 224, -1,
      224, 293, 294, -1,
      224, 294, 225, -1,
      292, 295, 293, -1,
      293, 295, 296, -1,
      293, 296, 297, -1,
      297, 296, 298, -1,
      297, 299, 300, -1,
      298, 301, 297, -1,
      297, 301, 302, -1,
      297, 302, 303, -1,
      303, 304, 297, -1,
      297, 304, 305, -1,
      297, 305, 299, -1,
      300, 306, 297, -1,
      297, 306, 307, -1,
      297, 307, 308, -1,
      309, 310, 311, -1,
      311, 310, 312, -1,
      311, 312, 313, -1,
      314, 315, 316, -1,
      316, 315, 317, -1,
      310, 318, 312, -1,
      312, 318, 319, -1,
      312, 319, 320, -1,
      320, 319, 321, -1,
      320, 321, 322, -1,
      322, 321, 323, -1,
      322, 323, 317, -1,
      317, 323, 324, -1,
      317, 324, 316, -1,
      325, 326, 327, -1,
      328, 329, 330, -1,
      325, 327, 331, -1,
      331, 327, 332, -1,
      331, 332, 330, -1,
      330, 332, 333, -1,
      330, 333, 328, -1,
      334, 335, 320, -1,
      336, 337, 322, -1,
      335, 338, 320, -1,
      320, 338, 339, -1,
      320, 339, 325, -1,
      325, 339, 340, -1,
      325, 340, 326, -1,
      336, 322, 341, -1,
      328, 342, 329, -1,
      329, 342, 343, -1,
      329, 343, 322, -1,
      322, 343, 344, -1,
      322, 344, 341, -1,
      337, 345, 322, -1,
      322, 345, 346, -1,
      322, 346, 320, -1,
      320, 346, 347, -1,
      320, 347, 334, -1,
      330, 348, 349, -1,
      349, 348, 350, -1,
      351, 352, 353, -1,
      353, 352, 354, -1,
      354, 352, 355, -1,
      355, 352, 356, -1,
      355, 356, 357, -1,
      357, 356, 358, -1,
      357, 358, 11, -1,
      11, 358, 359, -1,
      11, 359, 9, -1,
      360, 361, 362, -1,
      349, 358, 330, -1,
      330, 358, 356, -1,
      330, 356, 331, -1,
      331, 356, 363, -1,
      331, 363, 362, -1,
      362, 363, 364, -1,
      362, 364, 360, -1,
      350, 348, 365, -1,
      365, 348, 366, -1,
      365, 366, 360, -1,
      367, 368, 366, -1,
      366, 368, 369, -1,
      366, 369, 370, -1,
      371, 372, 361, -1,
      372, 373, 361, -1,
      361, 373, 374, -1,
      361, 374, 375, -1,
      376, 377, 371, -1,
      360, 366, 361, -1,
      361, 366, 370, -1,
      361, 370, 371, -1,
      371, 370, 378, -1,
      371, 378, 376, -1,
      377, 379, 371, -1,
      371, 379, 380, -1,
      371, 380, 381, -1,
      381, 382, 371, -1,
      371, 382, 383, -1,
      371, 383, 384, -1,
      384, 385, 371, -1,
      371, 385, 386, -1,
      371, 386, 387, -1,
      388, 389, 387, -1,
      387, 389, 390, -1,
      387, 390, 371, -1,
      391, 392, 393, -1,
      388, 394, 389, -1,
      389, 394, 395, -1,
      389, 395, 393, -1,
      393, 395, 396, -1,
      393, 396, 391, -1,
      7, 397, 398, -1,
      398, 397, 367, -1,
      398, 367, 399, -1,
      8, 400, 401, -1,
      401, 402, 8, -1,
      8, 402, 403, -1,
      8, 403, 6, -1,
      404, 405, 8, -1,
      8, 405, 406, -1,
      8, 406, 400, -1,
      407, 408, 409, -1,
      409, 408, 410, -1,
      409, 410, 404, -1,
      404, 410, 411, -1,
      404, 411, 405, -1,
      412, 413, 414, -1,
      414, 413, 415, -1,
      414, 415, 416, -1,
      417, 418, 217, -1,
      217, 418, 419, -1,
      217, 419, 414, -1,
      414, 419, 420, -1,
      414, 420, 412, -1,
      375, 417, 258, -1,
      258, 417, 217, -1,
      258, 217, 244, -1,
      244, 217, 240, -1,
      244, 240, 246, -1,
      16, 202, 17, -1,
      17, 202, 206, -1,
      17, 206, 253, -1,
      253, 206, 421, -1,
      253, 421, 211, -1,
      211, 421, 422, -1,
      211, 422, 212, -1,
      423, 424, 425, -1,
      178, 177, 426, -1,
      426, 177, 427, -1,
      426, 427, 191, -1,
      191, 427, 425, -1,
      191, 425, 190, -1,
      190, 425, 424, -1,
      190, 424, 428, -1,
      429, 430, 431, -1,
      425, 432, 423, -1,
      423, 432, 433, -1,
      423, 433, 434, -1,
      434, 433, 429, -1,
      434, 429, 435, -1,
      435, 429, 431, -1,
      436, 437, 14, -1,
      14, 437, 438, -1,
      255, 14, 266, -1,
      266, 14, 438, -1,
      266, 438, 432, -1,
      432, 438, 439, -1,
      432, 439, 433, -1,
      440, 437, 441, -1,
      441, 437, 436, -1,
      441, 436, 442, -1,
      443, 444, 445, -1,
      446, 447, 436, -1,
      436, 447, 448, -1,
      436, 448, 442, -1,
      254, 253, 13, -1,
      13, 253, 443, -1,
      13, 443, 14, -1,
      14, 443, 445, -1,
      14, 445, 436, -1,
      436, 445, 449, -1,
      436, 449, 450, -1,
      451, 452, 453, -1,
      453, 452, 454, -1,
      453, 454, 443, -1,
      443, 454, 455, -1,
      443, 455, 444, -1,
      450, 456, 436, -1,
      436, 456, 457, -1,
      436, 457, 446, -1,
      458, 459, 460, -1,
      458, 460, 428, -1,
      459, 461, 460, -1,
      460, 461, 462, -1,
      460, 462, 453, -1,
      453, 462, 463, -1,
      453, 463, 451, -1,
      464, 70, 465, -1,
      465, 70, 72, -1,
      465, 72, 466, -1,
      466, 72, 55, -1,
      466, 55, 467, -1,
      467, 55, 59, -1,
      467, 59, 468, -1,
      468, 59, 42, -1,
      468, 42, 469, -1,
      469, 42, 40, -1,
      469, 40, 470, -1,
      470, 40, 37, -1,
      471, 404, 26, -1,
      471, 472, 404, -1,
      404, 472, 473, -1,
      404, 473, 409, -1,
      409, 473, 474, -1,
      409, 474, 475, -1,
      5, 409, 3, -1,
      3, 409, 475, -1,
      3, 475, 26, -1,
      26, 475, 476, -1,
      26, 476, 471, -1,
      477, 478, 479, -1,
      478, 477, 480, -1,
      480, 477, 5, -1,
      480, 5, 481, -1,
      482, 483, 484, -1,
      484, 483, 480, -1,
      484, 480, 485, -1,
      485, 480, 481, -1,
      485, 481, 486, -1,
      486, 481, 487, -1,
      2, 477, 0, -1,
      0, 477, 479, -1,
      0, 479, 4, -1,
      4, 479, 488, -1,
      4, 488, 5, -1,
      5, 488, 489, -1,
      5, 489, 481, -1,
      7, 398, 8, -1,
      8, 398, 490, -1,
      8, 490, 404, -1,
      404, 490, 34, -1,
      404, 34, 26, -1,
      26, 34, 33, -1,
      26, 33, 27, -1,
      2, 211, 477, -1,
      477, 211, 213, -1,
      477, 213, 5, -1,
      5, 213, 217, -1,
      5, 217, 409, -1,
      409, 217, 414, -1,
      409, 414, 407, -1,
      407, 414, 416, -1,
      375, 258, 361, -1,
      361, 258, 266, -1,
      361, 266, 362, -1,
      362, 266, 432, -1,
      362, 432, 331, -1,
      331, 432, 425, -1,
      331, 425, 325, -1,
      325, 425, 427, -1,
      325, 427, 320, -1,
      320, 427, 177, -1,
      320, 177, 312, -1,
      367, 366, 399, -1,
      399, 366, 348, -1,
      399, 348, 491, -1,
      491, 348, 330, -1,
      491, 330, 492, -1,
      492, 330, 329, -1,
      492, 329, 493, -1,
      493, 329, 322, -1,
      493, 322, 494, -1,
      494, 322, 317, -1,
      494, 317, 495, -1,
      495, 317, 315, -1,
      495, 315, 496, -1,
      185, 180, 179, -1,
      179, 180, 175, -1,
      179, 175, 177, -1,
      177, 175, 497, -1,
      177, 497, 498, -1,
      499, 500, 175, -1,
      175, 500, 501, -1,
      175, 501, 497, -1,
      502, 503, 504, -1,
      504, 503, 505, -1,
      504, 505, 175, -1,
      175, 505, 506, -1,
      175, 506, 499, -1,
      499, 506, 507, -1,
      499, 507, 508, -1,
      316, 313, 314, -1,
      314, 313, 312, -1,
      314, 312, 502, -1,
      502, 312, 177, -1,
      502, 177, 503, -1,
      503, 177, 509, -1,
      500, 510, 511, -1,
      511, 512, 500, -1,
      500, 512, 513, -1,
      500, 513, 501, -1,
      514, 515, 509, -1,
      509, 515, 516, -1,
      509, 516, 517, -1,
      498, 518, 177, -1,
      177, 518, 519, -1,
      177, 519, 509, -1,
      509, 519, 520, -1,
      509, 520, 514, -1,
      517, 521, 509, -1,
      509, 521, 522, -1,
      509, 522, 500, -1,
      500, 522, 523, -1,
      500, 523, 510, -1,
      428, 460, 190, -1,
      190, 460, 524, -1,
      190, 524, 174, -1,
      174, 524, 525, -1,
      174, 525, 175, -1,
      175, 525, 526, -1,
      175, 526, 504, -1,
      21, 23, 1, -1,
      1, 23, 527, -1,
      1, 527, 2, -1,
      2, 527, 528, -1,
      2, 528, 211, -1,
      211, 528, 529, -1,
      211, 529, 253, -1,
      253, 529, 530, -1,
      253, 530, 443, -1,
      443, 530, 531, -1,
      443, 531, 453, -1,
      453, 531, 532, -1,
      453, 532, 460, -1,
      460, 532, 533, -1,
      460, 533, 524, -1,
      524, 533, 534, -1,
      524, 534, 525, -1,
      525, 534, 535, -1,
      525, 535, 526, -1,
      536, 537, 535, -1,
      538, 539, 540, -1,
      541, 542, 543, -1,
      543, 542, 544, -1,
      538, 540, 543, -1,
      543, 540, 545, -1,
      543, 545, 541, -1,
      534, 533, 539, -1,
      539, 533, 532, -1,
      539, 532, 531, -1,
      546, 547, 548, -1,
      535, 534, 536, -1,
      536, 534, 539, -1,
      536, 539, 548, -1,
      548, 539, 538, -1,
      548, 538, 546, -1,
      23, 22, 549, -1,
      23, 549, 527, -1,
      531, 530, 539, -1,
      539, 530, 529, -1,
      539, 529, 549, -1,
      549, 529, 528, -1,
      549, 528, 527, -1,
      464, 550, 70, -1,
      70, 550, 551, -1,
      70, 551, 71, -1,
      71, 551, 552, -1,
      71, 552, 553, -1,
      554, 555, 556, -1,
      556, 555, 553, -1,
      556, 553, 557, -1,
      557, 553, 552, -1,
      557, 552, 558, -1,
      558, 552, 559, -1,
    ]
  }
}

Shape {
  appearance Appearance {
    material Material {
      diffuseColor 1.0000 1.0000 0.0000
      specularColor 0.5020 0.5020 0.0000
      ambientIntensity 0.2
      transparency 0.0000
      shininess 0.5
    }
  }
  geometry IndexedFaceSet {
    ccw TRUE
    solid FALSE
    coord DEF co Coordinate {
      point [
        0.299120 0.277513 0.114173,
        0.280989 0.266373 0.110236,
        0.280989 0.266373 0.114173,
        0.265044 0.252281 0.110236,
        0.265044 0.252281 0.114173,
        0.251761 0.235656 0.110236,
        0.251761 0.235656 0.114173,
        0.241535 0.216993 0.110236,
        0.241535 0.216993 0.114173,
        0.234672 0.196850 0.110236,
        0.234672 0.196850 0.114173,
        0.318898 0.285367 0.000000,
        0.314961 0.284113 0.000000,
        0.318898 0.285367 0.114173,
        0.314961 0.284113 0.110236,
        0.299120 0.277513 0.110236,
        0.314961 0.050532 0.000000,
        0.318898 0.049278 0.000000,
        0.314961 0.050532 0.110236,
        0.318898 0.049278 0.114173,
        0.299120 0.057133 0.110236,
        0.299120 0.057133 0.114173,
        0.280989 0.068272 0.114173,
        0.280989 0.068272 0.110236,
        0.265044 0.082365 0.114173,
        0.265044 0.082365 0.110236,
        0.251761 0.098990 0.114173,
        0.251761 0.098990 0.110236,
        0.241535 0.117652 0.114173,
        0.241535 0.117652 0.110236,
        0.234672 0.137795 0.114173,
        0.234672 0.137795 0.110236,
        0.314961 -0.284113 0.000000,
        0.318898 -0.285367 0.000000,
        0.314961 -0.284113 0.110236,
        0.318898 -0.285367 0.114173,
        0.299120 -0.277513 0.110236,
        0.299120 -0.277513 0.114173,
        0.280989 -0.266373 0.114173,
        0.280989 -0.266373 0.110236,
        0.265044 -0.252281 0.114173,
        0.265044 -0.252281 0.110236,
        0.251761 -0.235656 0.114173,
        0.251761 -0.235656 0.110236,
        0.241535 -0.216993 0.114173,
        0.241535 -0.216993 0.110236,
        0.234672 -0.196850 0.114173,
        0.234672 -0.196850 0.110236,
        -0.314961 -0.050532 0.000000,
        -0.318898 -0.049278 0.000000,
        -0.314961 -0.050532 0.110236,
        -0.318898 -0.049278 0.114173,
        -0.299120 -0.057133 0.110236,
        -0.299120 -0.057133 0.114173,
        -0.280989 -0.068272 0.114173,
        -0.280989 -0.068272 0.110236,
        -0.265044 -0.082365 0.114173,
        -0.265044 -0.082365 0.110236,
        -0.251761 -0.098990 0.114173,
        -0.251761 -0.098990 0.110236,
        -0.241535 -0.117652 0.114173,
        -0.241535 -0.117652 0.110236,
        -0.234672 -0.137795 0.114173,
        -0.234672 -0.137795 0.110236,
        -0.299120 -0.277513 0.114173,
        -0.280989 -0.266373 0.110236,
        -0.280989 -0.266373 0.114173,
        -0.265044 -0.252281 0.110236,
        -0.265044 -0.252281 0.114173,
        -0.251761 -0.235656 0.110236,
        -0.251761 -0.235656 0.114173,
        -0.241535 -0.216993 0.110236,
        -0.241535 -0.216993 0.114173,
        -0.234672 -0.196850 0.110236,
        -0.234672 -0.196850 0.114173,
        -0.318898 -0.285367 0.000000,
        -0.314961 -0.284113 0.000000,
        -0.318898 -0.285367 0.114173,
        -0.314961 -0.284113 0.110236,
        -0.299120 -0.277513 0.110236,
        -0.299120 0.057133 0.114173,
        -0.280989 0.068272 0.110236,
        -0.280989 0.068272 0.114173,
        -0.265044 0.082365 0.110236,
        -0.265044 0.082365 0.114173,
        -0.251761 0.098990 0.110236,
        -0.251761 0.098990 0.114173,
        -0.241535 0.117652 0.110236,
        -0.241535 0.117652 0.114173,
        -0.234672 0.137795 0.110236,
        -0.234672 0.137795 0.114173,
        -0.318898 0.049278 0.000000,
        -0.314961 0.050532 0.000000,
        -0.318898 0.049278 0.114173,
        -0.314961 0.050532 0.110236,
        -0.299120 0.057133 0.110236,
      ]
    }
    coordIndex [
      0, 1, 2, -1,
      2, 1, 3, -1,
      2, 3, 4, -1,
      4, 3, 5, -1,
      4, 5, 6, -1,
      6, 5, 7, -1,
      6, 7, 8, -1,
      8, 7, 9, -1,
      8, 9, 10, -1,
      11, 12, 13, -1,
      13, 12, 14, -1,
      13, 14, 0, -1,
      0, 14, 15, -1,
      0, 15, 1, -1,
      16, 17, 18, -1,
      18, 17, 19, -1,
      18, 19, 20, -1,
      19, 21, 20, -1,
      20, 21, 22, -1,
      20, 22, 23, -1,
      23, 22, 24, -1,
      23, 24, 25, -1,
      25, 24, 26, -1,
      25, 26, 27, -1,
      27, 26, 28, -1,
      27, 28, 29, -1,
      29, 28, 30, -1,
      29, 30, 31, -1,
      32, 33, 34, -1,
      34, 33, 35, -1,
      34, 35, 36, -1,
      35, 37, 36, -1,
      36, 37, 38, -1,
      36, 38, 39, -1,
      39, 38, 40, -1,
      39, 40, 41, -1,
      41, 40, 42, -1,
      41, 42, 43, -1,
      43, 42, 44, -1,
      43, 44, 45, -1,
      45, 44, 46, -1,
      45, 46, 47, -1,
      48, 49, 50, -1,
      50, 49, 51, -1,
      50, 51, 52, -1,
      51, 53, 52, -1,
      52, 53, 54, -1,
      52, 54, 55, -1,
      55, 54, 56, -1,
      55, 56, 57, -1,
      57, 56, 58, -1,
      57, 58, 59, -1,
      59, 58, 60, -1,
      59, 60, 61, -1,
      61, 60, 62, -1,
      61, 62, 63, -1,
      64, 65, 66, -1,
      66, 65, 67, -1,
      66, 67, 68, -1,
      68, 67, 69, -1,
      68, 69, 70, -1,
      70, 69, 71, -1,
      70, 71, 72, -1,
      72, 71, 73, -1,
      72, 73, 74, -1,
      75, 76, 77, -1,
      77, 76, 78, -1,
      77, 78, 64, -1,
      64, 78, 79, -1,
      64, 79, 65, -1,
      80, 81, 82, -1,
      82, 81, 83, -1,
      82, 83, 84, -1,
      84, 83, 85, -1,
      84, 85, 86, -1,
      86, 85, 87, -1,
      86, 87, 88, -1,
      88, 87, 89, -1,
      88, 89, 90, -1,
      91, 92, 93, -1,
      93, 92, 94, -1,
      93, 94, 80, -1,
      80, 94, 95, -1,
      80, 95, 81, -1,
    ]
  }
}

Shape {
  appearance Appearance {
    material Material {
      diffuseColor 1.0000 1.0000 1.0000
      specularColor 0.5020 0.5020 0.5020
      ambientIntensity 0.2
      transparency 0.0000
      shininess 0.5
    }
  }
  geometry IndexedFaceSet {
    ccw TRUE
    solid FALSE
    coord DEF co Coordinate {
      point [
        -0.314961 -0.295276 0.110236,
        0.314961 -0.295276 0.110236,
        0.314961 0.295276 0.000000,
        0.314961 0.285433 0.000000,
        0.314961 0.049213 0.000000,
        0.314961 -0.049213 0.000000,
        0.280989 0.266373 0.110236,
        0.265044 0.252281 0.110236,
        0.251761 0.235656 0.110236,
        0.241535 0.216993 0.110236,
        0.234672 0.196850 0.110236,
        0.314961 0.284113 0.000000,
        0.314961 0.284113 0.110236,
        0.299120 0.277513 0.110236,
        0.314961 0.050532 0.000000,
        0.314961 0.050532 0.110236,
        0.299120 0.057133 0.110236,
        0.280989 0.068272 0.110236,
        0.265044 0.082365 0.110236,
        0.251761 0.098990 0.110236,
        0.241535 0.117652 0.110236,
        0.234672 0.137795 0.110236,
        0.314961 -0.284113 0.110236,
        0.299120 -0.277513 0.110236,
        0.280989 -0.266373 0.110236,
        0.265044 -0.252281 0.110236,
        0.251761 -0.235656 0.110236,
        0.241535 -0.216993 0.110236,
        0.234672 -0.196850 0.110236,
        -0.314961 -0.050532 0.110236,
        -0.299120 -0.057133 0.110236,
        -0.280989 -0.068272 0.110236,
        -0.265044 -0.082365 0.110236,
        -0.251761 -0.098990 0.110236,
        -0.241535 -0.117652 0.110236,
        -0.234672 -0.137795 0.110236,
        -0.280989 -0.266373 0.110236,
        -0.265044 -0.252281 0.110236,
        -0.251761 -0.235656 0.110236,
        -0.241535 -0.216993 0.110236,
        -0.234672 -0.196850 0.110236,
        -0.314961 -0.284113 0.110236,
        -0.299120 -0.277513 0.110236,
        -0.280989 0.068272 0.110236,
        -0.265044 0.082365 0.110236,
        -0.251761 0.098990 0.110236,
        -0.241535 0.117652 0.110236,
        -0.234672 0.137795 0.110236,
        -0.314961 0.050532 0.110236,
        -0.299120 0.057133 0.110236,
        0.314961 -0.050532 0.110236,
        0.314961 -0.050532 0.000000,
        0.314961 0.295276 0.110236,
        -0.314961 0.295276 0.110236,
        -0.216535 -0.196850 0.110236,
        0.216535 0.196850 0.110236,
        0.216535 -0.196850 0.110236,
        0.216535 -0.137795 0.110236,
        0.216535 0.137795 0.110236,
        -0.216535 -0.137795 0.110236,
        -0.280989 0.266373 0.110236,
        -0.265044 0.252281 0.110236,
        -0.251761 0.235656 0.110236,
        -0.241535 0.216993 0.110236,
        -0.299120 0.277513 0.110236,
        -0.314961 0.284113 0.110236,
        -0.216535 0.137795 0.110236,
        -0.216535 0.196850 0.110236,
        -0.234672 0.196850 0.110236,
        0.275713 0.000000 0.110236,
        0.274776 0.007116 0.110236,
        0.228779 -0.019441 0.110236,
        0.224409 -0.013747 0.110236,
        0.221663 -0.007116 0.110236,
        0.220726 0.000000 0.110236,
        0.221663 0.007116 0.110236,
        0.224409 0.013747 0.110236,
        0.234672 -0.137795 0.110236,
        0.241535 -0.117652 0.110236,
        0.228779 0.019441 0.110236,
        0.234473 0.023810 0.110236,
        0.241104 0.026557 0.110236,
        0.274776 -0.007116 0.110236,
        0.272030 -0.013747 0.110236,
        0.299120 -0.057133 0.110236,
        0.267660 -0.019441 0.110236,
        0.280989 -0.068272 0.110236,
        0.261966 -0.023810 0.110236,
        0.265044 -0.082365 0.110236,
        0.255335 -0.026557 0.110236,
        0.251761 -0.098990 0.110236,
        0.248219 -0.027494 0.110236,
        0.241104 -0.026557 0.110236,
        0.234473 -0.023810 0.110236,
        0.248219 0.027494 0.110236,
        0.255335 0.026557 0.110236,
        0.261966 0.023810 0.110236,
        0.267660 0.019441 0.110236,
        0.272030 0.013747 0.110236,
      ]
    }
    coordIndex [
      14, 15, 4, -1,
      4, 15, 50, -1,
      4, 50, 5, -1,
      5, 50, 51, -1,
      2, 52, 3, -1,
      3, 52, 12, -1,
      3, 12, 11, -1,
      8, 7, 53, -1,
      38, 37, 1, -1,
      24, 25, 54, -1,
      8, 53, 9, -1,
      9, 53, 55, -1,
      9, 55, 10, -1,
      12, 52, 13, -1,
      13, 52, 53, -1,
      13, 53, 6, -1,
      6, 53, 7, -1,
      56, 57, 54, -1,
      54, 57, 58, -1,
      54, 58, 59, -1,
      59, 58, 55, -1,
      38, 1, 39, -1,
      39, 1, 54, -1,
      39, 54, 40, -1,
      41, 0, 42, -1,
      42, 0, 1, -1,
      42, 1, 36, -1,
      36, 1, 37, -1,
      60, 61, 55, -1,
      55, 61, 62, -1,
      55, 62, 63, -1,
      24, 54, 23, -1,
      23, 54, 1, -1,
      23, 1, 22, -1,
      25, 26, 54, -1,
      54, 26, 27, -1,
      54, 27, 56, -1,
      56, 27, 28, -1,
      60, 55, 64, -1,
      64, 55, 53, -1,
      64, 53, 65, -1,
      47, 59, 66, -1,
      66, 59, 55, -1,
      66, 55, 67, -1,
      67, 55, 63, -1,
      67, 63, 68, -1,
      69, 50, 70, -1,
      70, 50, 15, -1,
      47, 46, 59, -1,
      59, 46, 45, -1,
      59, 45, 44, -1,
      71, 72, 57, -1,
      72, 73, 57, -1,
      57, 73, 74, -1,
      57, 74, 58, -1,
      58, 74, 75, -1,
      58, 75, 76, -1,
      31, 32, 44, -1,
      44, 32, 33, -1,
      44, 33, 59, -1,
      59, 33, 34, -1,
      59, 34, 35, -1,
      57, 77, 78, -1,
      76, 79, 58, -1,
      58, 79, 80, -1,
      58, 80, 81, -1,
      69, 82, 50, -1,
      50, 82, 83, -1,
      50, 83, 84, -1,
      84, 83, 85, -1,
      84, 85, 86, -1,
      86, 85, 87, -1,
      86, 87, 88, -1,
      88, 87, 89, -1,
      88, 89, 90, -1,
      90, 89, 91, -1,
      90, 91, 78, -1,
      78, 91, 92, -1,
      78, 92, 57, -1,
      57, 92, 93, -1,
      57, 93, 71, -1,
      49, 48, 29, -1,
      44, 43, 31, -1,
      31, 43, 49, -1,
      31, 49, 30, -1,
      30, 49, 29, -1,
      21, 58, 20, -1,
      20, 58, 81, -1,
      20, 81, 19, -1,
      19, 81, 94, -1,
      19, 94, 18, -1,
      18, 94, 95, -1,
      18, 95, 17, -1,
      17, 95, 96, -1,
      17, 96, 16, -1,
      16, 96, 97, -1,
      16, 97, 15, -1,
      15, 97, 98, -1,
      15, 98, 70, -1,
    ]
  }
}

Shape {
  appearance Appearance {
    material Material {
      diffuseColor 1.0000 1.0000 0.0000
      specularColor 0.5020 0.5020 0.0000
      ambientIntensity 0.2
      transparency 0.0000
      shininess 0.5
    }
  }
  geometry IndexedFaceSet {
    ccw TRUE
    solid FALSE
    coord DEF co Coordinate {
      point [
        0.314961 -0.050532 0.110236,
        0.314961 -0.050532 0.000000,
        0.234672 -0.137795 0.110236,
        0.241535 -0.117652 0.110236,
        0.299120 -0.057133 0.110236,
        0.280989 -0.068272 0.110236,
        0.265044 -0.082365 0.110236,
        0.251761 -0.098990 0.110236,
        0.299120 -0.057133 0.114173,
        0.280989 -0.068272 0.114173,
        0.265044 -0.082365 0.114173,
        0.251761 -0.098990 0.114173,
        0.241535 -0.117652 0.114173,
        0.234672 -0.137795 0.114173,
        0.318898 -0.049278 0.000000,
        0.318898 -0.049278 0.114173,
      ]
    }
    coordIndex [
      8, 5, 9, -1,
      9, 5, 6, -1,
      9, 6, 10, -1,
      10, 6, 7, -1,
      10, 7, 11, -1,
      11, 7, 3, -1,
      11, 3, 12, -1,
      12, 3, 2, -1,
      12, 2, 13, -1,
      14, 1, 15, -1,
      15, 1, 0, -1,
      15, 0, 8, -1,
      8, 0, 4, -1,
      8, 4, 5, -1,
    ]
  }
}

Shape {
  appearance Appearance {
    material Material {
      diffuseColor 1.0000 1.0000 1.0000
      specularColor 0.5020 0.5020 0.5020
      ambientIntensity 0.2
      transparency 0.0000
      shininess 0.5
    }
  }
  geometry IndexedFaceSet {
    ccw TRUE
    solid FALSE
    coord DEF co Coordinate {
      point [
        -0.314961 -0.295276 0.000000,
        -0.314961 -0.295276 0.110236,
        -0.314961 -0.285433 0.000000,
        -0.314961 0.049213 0.000000,
        -0.314961 -0.049213 0.000000,
        -0.314961 -0.050532 0.000000,
        -0.314961 -0.050532 0.110236,
        -0.314961 -0.284113 0.000000,
        -0.314961 -0.284113 0.110236,
        -0.314961 0.050532 0.000000,
        -0.314961 0.050532 0.110236,
      ]
    }
    coordIndex [
      5, 6, 4, -1,
      4, 6, 10, -1,
      4, 10, 3, -1,
      3, 10, 9, -1,
      0, 1, 2, -1,
      2, 1, 8, -1,
      2, 8, 7, -1,
    ]
  }
}

Shape {
  appearance Appearance {
    material Material {
      diffuseColor 1.0000 1.0000 0.0000
      specularColor 0.5020 0.5020 0.0000
      ambientIntensity 0.2
      transparency 0.0000
      shininess 0.5
    }
  }
  geometry IndexedFaceSet {
    ccw TRUE
    solid FALSE
    coord DEF co Coordinate {
      point [
        -0.299120 0.057133 0.114173,
        -0.280989 0.068272 0.114173,
        -0.265044 0.082365 0.114173,
        -0.251761 0.098990 0.114173,
        -0.241535 0.117652 0.114173,
        -0.234672 0.137795 0.114173,
        -0.318898 0.049278 0.000000,
        -0.318898 0.049278 0.114173,
        -0.280989 0.266373 0.110236,
        -0.265044 0.252281 0.110236,
        -0.251761 0.235656 0.110236,
        -0.241535 0.216993 0.110236,
        -0.299120 0.277513 0.110236,
        -0.314961 0.284113 0.110236,
        -0.234672 0.196850 0.110236,
        -0.314961 0.284113 0.000000,
        -0.318898 0.285367 0.000000,
        -0.318898 0.285367 0.114173,
        -0.299120 0.277513 0.114173,
        -0.280989 0.266373 0.114173,
        -0.265044 0.252281 0.114173,
        -0.251761 0.235656 0.114173,
        -0.241535 0.216993 0.114173,
        -0.234672 0.196850 0.114173,
        -0.318898 0.101444 -0.003937,
        -0.318898 0.101444 0.114173,
        -0.304287 0.111725 -0.003937,
        -0.304287 0.111725 0.114173,
        -0.292530 0.125178 -0.003937,
        -0.292530 0.125178 0.114173,
        -0.284299 0.141034 -0.003937,
        -0.284299 0.141034 0.114173,
        -0.280063 0.158390 -0.003937,
        -0.280063 0.158390 0.114173,
        -0.280063 0.176256 -0.003937,
        -0.280063 0.176256 0.114173,
        -0.284299 0.193612 -0.003937,
        -0.284299 0.193612 0.114173,
        -0.292530 0.209468 -0.003937,
        -0.292530 0.209468 0.114173,
        -0.304287 0.222920 -0.003937,
        -0.304287 0.222920 0.114173,
        -0.318898 0.233202 -0.003937,
        -0.318898 0.233202 0.114173,
        -0.318898 0.285367 -0.003937,
        -0.318898 0.049278 -0.003937,
        -0.157480 0.285433 -0.003937,
        -0.157480 0.049213 -0.003937,
        -0.319117 0.049213 -0.003937,
        -0.319117 0.285433 -0.003937,
        -0.216535 0.137795 0.114173,
        -0.216535 0.196850 0.114173,
      ]
    }
    coordIndex [
      15, 16, 13, -1,
      13, 16, 17, -1,
      13, 17, 12, -1,
      17, 18, 12, -1,
      12, 18, 19, -1,
      12, 19, 8, -1,
      8, 19, 20, -1,
      8, 20, 9, -1,
      9, 20, 21, -1,
      9, 21, 10, -1,
      10, 21, 22, -1,
      10, 22, 11, -1,
      11, 22, 23, -1,
      11, 23, 14, -1,
      24, 25, 26, -1,
      26, 25, 27, -1,
      26, 27, 28, -1,
      28, 27, 29, -1,
      28, 29, 30, -1,
      30, 29, 31, -1,
      30, 31, 32, -1,
      32, 31, 33, -1,
      32, 33, 34, -1,
      34, 33, 35, -1,
      34, 35, 36, -1,
      36, 35, 37, -1,
      36, 37, 38, -1,
      38, 37, 39, -1,
      38, 39, 40, -1,
      40, 39, 41, -1,
      40, 41, 42, -1,
      42, 41, 43, -1,
      44, 42, 16, -1,
      16, 42, 43, -1,
      16, 43, 17, -1,
      7, 25, 6, -1,
      6, 25, 24, -1,
      6, 24, 45, -1,
      45, 24, 26, -1,
      46, 47, 45, -1,
      45, 47, 48, -1,
      49, 46, 44, -1,
      44, 46, 40, -1,
      44, 40, 42, -1,
      26, 28, 45, -1,
      45, 28, 30, -1,
      45, 30, 46, -1,
      46, 30, 32, -1,
      46, 32, 34, -1,
      34, 36, 46, -1,
      46, 36, 38, -1,
      46, 38, 40, -1,
      1, 2, 27, -1,
      27, 2, 29, -1,
      35, 33, 23, -1,
      23, 33, 31, -1,
      23, 31, 29, -1,
      50, 51, 5, -1,
      5, 51, 23, -1,
      5, 23, 4, -1,
      4, 23, 29, -1,
      4, 29, 3, -1,
      3, 29, 2, -1,
      1, 27, 0, -1,
      0, 27, 25, -1,
      0, 25, 7, -1,
      17, 43, 18, -1,
      18, 43, 41, -1,
      18, 41, 19, -1,
      35, 23, 37, -1,
      37, 23, 22, -1,
      37, 22, 39, -1,
      39, 22, 21, -1,
      39, 21, 41, -1,
      41, 21, 20, -1,
      41, 20, 19, -1,
    ]
  }
}

Shape {
  appearance Appearance {
    material Material {
      diffuseColor 1.0000 1.0000 1.0000
      specularColor 0.5020 0.5020 0.5020
      ambientIntensity 0.2
      transparency 0.0000
      shininess 0.5
    }
  }
  geometry IndexedFaceSet {
    ccw TRUE
    solid FALSE
    coord DEF co Coordinate {
      point [
        0.314961 -0.295276 0.110236,
        0.314961 -0.295276 0.000000,
        0.314961 -0.285433 0.000000,
        -0.037500 0.295276 0.000000,
        0.314961 0.295276 0.000000,
        -0.115860 0.295276 0.000000,
        -0.314961 0.285433 0.000000,
        -0.314961 0.295276 0.000000,
        0.314961 -0.284113 0.000000,
        0.314961 -0.284113 0.110236,
        0.314961 0.295276 0.110236,
        -0.314961 0.295276 0.110236,
        -0.314961 0.284113 0.110236,
        -0.314961 0.284113 0.000000,
        -0.115860 0.295276 0.000394,
        -0.037500 0.295276 0.000394,
      ]
    }
    coordIndex [
      8, 9, 2, -1,
      2, 9, 0, -1,
      2, 0, 1, -1,
      13, 12, 6, -1,
      6, 12, 11, -1,
      6, 11, 7, -1,
      5, 7, 14, -1,
      14, 7, 11, -1,
      14, 11, 15, -1,
      15, 11, 10, -1,
      15, 10, 3, -1,
      3, 10, 4, -1,
    ]
  }
}

Shape {
  appearance Appearance {
    material Material {
      diffuseColor 1.0000 1.0000 0.0000
      specularColor 0.5020 0.5020 0.0000
      ambientIntensity 0.2
      transparency 0.0000
      shininess 0.5
    }
  }
  geometry IndexedFaceSet {
    ccw TRUE
    solid FALSE
    coord DEF co Coordinate {
      point [
        0.157480 -0.285433 0.000000,
        0.314961 -0.285433 0.000000,
        0.157480 0.049213 0.000000,
        0.157480 0.285433 0.000000,
        0.314961 0.285433 0.000000,
        0.314961 0.049213 0.000000,
        0.314961 -0.049213 0.000000,
        0.157480 -0.049213 0.000000,
        -0.314961 -0.285433 0.000000,
        -0.157480 -0.285433 0.000000,
        -0.157480 -0.049213 0.000000,
        -0.314961 0.285433 0.000000,
        -0.157480 0.285433 0.000000,
        -0.157480 0.049213 0.000000,
        -0.314961 0.049213 0.000000,
        -0.314961 -0.049213 0.000000,
        0.299120 0.277513 0.114173,
        0.280989 0.266373 0.114173,
        0.265044 0.252281 0.114173,
        0.251761 0.235656 0.114173,
        0.241535 0.216993 0.114173,
        0.234672 0.196850 0.110236,
        0.234672 0.196850 0.114173,
        0.318898 0.285367 0.000000,
        0.314961 0.284113 0.000000,
        0.318898 0.285367 0.114173,
        0.314961 0.050532 0.000000,
        0.318898 0.049278 0.000000,
        0.318898 0.049278 0.114173,
        0.299120 0.057133 0.114173,
        0.280989 0.068272 0.114173,
        0.265044 0.082365 0.114173,
        0.251761 0.098990 0.114173,
        0.241535 0.117652 0.114173,
        0.234672 0.137795 0.114173,
        0.234672 0.137795 0.110236,
        0.314961 -0.284113 0.000000,
        0.318898 -0.285367 0.000000,
        0.318898 -0.285367 0.114173,
        0.299120 -0.277513 0.114173,
        0.280989 -0.266373 0.114173,
        0.265044 -0.252281 0.114173,
        0.251761 -0.235656 0.114173,
        0.241535 -0.216993 0.114173,
        0.234672 -0.196850 0.114173,
        0.234672 -0.196850 0.110236,
        -0.314961 -0.050532 0.000000,
        -0.318898 -0.049278 0.000000,
        -0.318898 -0.049278 0.114173,
        -0.299120 -0.057133 0.114173,
        -0.280989 -0.068272 0.114173,
        -0.265044 -0.082365 0.114173,
        -0.251761 -0.098990 0.114173,
        -0.241535 -0.117652 0.114173,
        -0.234672 -0.137795 0.114173,
        -0.234672 -0.137795 0.110236,
        -0.299120 -0.277513 0.114173,
        -0.280989 -0.266373 0.114173,
        -0.265044 -0.252281 0.114173,
        -0.251761 -0.235656 0.114173,
        -0.241535 -0.216993 0.114173,
        -0.234672 -0.196850 0.110236,
        -0.234672 -0.196850 0.114173,
        -0.318898 -0.285367 0.000000,
        -0.314961 -0.284113 0.000000,
        -0.318898 -0.285367 0.114173,
        -0.234672 0.137795 0.110236,
        -0.234672 0.137795 0.114173,
        -0.318898 0.049278 0.000000,
        -0.314961 0.050532 0.000000,
        0.314961 -0.050532 0.000000,
        -0.216535 -0.196850 0.110236,
        0.216535 0.196850 0.110236,
        0.216535 -0.196850 0.110236,
        0.216535 -0.137795 0.110236,
        0.216535 0.137795 0.110236,
        -0.216535 -0.137795 0.110236,
        -0.216535 0.137795 0.110236,
        -0.216535 0.196850 0.110236,
        -0.234672 0.196850 0.110236,
        0.234672 -0.137795 0.110236,
        0.299120 -0.057133 0.114173,
        0.280989 -0.068272 0.114173,
        0.265044 -0.082365 0.114173,
        0.251761 -0.098990 0.114173,
        0.241535 -0.117652 0.114173,
        0.234672 -0.137795 0.114173,
        0.318898 -0.049278 0.000000,
        0.318898 -0.049278 0.114173,
        -0.314961 0.284113 0.000000,
        -0.318898 0.285367 0.000000,
        -0.234672 0.196850 0.114173,
        -0.318898 0.285367 -0.003937,
        -0.318898 0.049278 -0.003937,
        -0.157480 0.285433 -0.003937,
        -0.157480 0.049213 -0.003937,
        -0.319117 0.049213 -0.003937,
        -0.319117 0.285433 -0.003937,
        -0.216535 0.137795 0.114173,
        -0.216535 0.196850 0.114173,
        -0.318898 -0.233202 -0.003937,
        -0.318898 -0.233202 0.114173,
        -0.304287 -0.222920 -0.003937,
        -0.304287 -0.222920 0.114173,
        -0.292530 -0.209468 -0.003937,
        -0.292530 -0.209468 0.114173,
        -0.284299 -0.193612 -0.003937,
        -0.284299 -0.193612 0.114173,
        -0.280063 -0.176256 -0.003937,
        -0.280063 -0.176256 0.114173,
        -0.280063 -0.158390 -0.003937,
        -0.280063 -0.158390 0.114173,
        -0.284299 -0.141034 -0.003937,
        -0.284299 -0.141034 0.114173,
        -0.292530 -0.125178 -0.003937,
        -0.292530 -0.125178 0.114173,
        -0.304287 -0.111725 -0.003937,
        -0.304287 -0.111725 0.114173,
        -0.318898 -0.101444 -0.003937,
        -0.318898 -0.101444 0.114173,
        -0.318898 -0.049278 -0.003937,
        -0.318898 -0.285367 -0.003937,
        -0.157480 -0.049213 -0.003937,
        -0.157480 -0.285433 -0.003937,
        -0.319117 -0.285433 -0.003937,
        -0.319117 -0.049213 -0.003937,
        -0.216535 -0.196850 0.114173,
        -0.216535 -0.137795 0.114173,
        0.318898 -0.101444 -0.003937,
        0.318898 -0.101444 0.114173,
        0.304287 -0.111725 -0.003937,
        0.304287 -0.111725 0.114173,
        0.292530 -0.125178 -0.003937,
        0.292530 -0.125178 0.114173,
        0.284299 -0.141034 -0.003937,
        0.284299 -0.141034 0.114173,
        0.280063 -0.158390 -0.003937,
        0.280063 -0.158390 0.114173,
        0.280063 -0.176256 -0.003937,
        0.280063 -0.176256 0.114173,
        0.284299 -0.193612 -0.003937,
        0.284299 -0.193612 0.114173,
        0.292530 -0.209468 -0.003937,
        0.292530 -0.209468 0.114173,
        0.304287 -0.222920 -0.003937,
        0.304287 -0.222920 0.114173,
        0.318898 -0.233202 -0.003937,
        0.318898 -0.233202 0.114173,
        0.318898 -0.285367 -0.003937,
        0.318898 -0.049278 -0.003937,
        0.319117 -0.285433 -0.003937,
        0.157480 -0.285433 -0.003937,
        0.157480 -0.049213 -0.003937,
        0.319117 -0.049213 -0.003937,
        0.216535 -0.137795 0.114173,
        0.216535 -0.196850 0.114173,
        0.318898 0.233202 -0.003937,
        0.318898 0.233202 0.114173,
        0.304287 0.222920 -0.003937,
        0.304287 0.222920 0.114173,
        0.292530 0.209468 -0.003937,
        0.292530 0.209468 0.114173,
        0.284299 0.193612 -0.003937,
        0.284299 0.193612 0.114173,
        0.280063 0.176256 -0.003937,
        0.280063 0.176256 0.114173,
        0.280063 0.158390 -0.003937,
        0.280063 0.158390 0.114173,
        0.284299 0.141034 -0.003937,
        0.284299 0.141034 0.114173,
        0.292530 0.125178 -0.003937,
        0.292530 0.125178 0.114173,
        0.304287 0.111725 -0.003937,
        0.304287 0.111725 0.114173,
        0.318898 0.101444 -0.003937,
        0.318898 0.101444 0.114173,
        0.318898 0.049278 -0.003937,
        0.318898 0.285367 -0.003937,
        0.319117 0.049213 -0.003937,
        0.157480 0.049213 -0.003937,
        0.157480 0.285433 -0.003937,
        0.319117 0.285433 -0.003937,
        0.216535 0.196850 0.114173,
        0.216535 0.137795 0.114173,
        -0.319117 0.049213 0.000000,
        -0.319117 0.285433 0.000000,
        -0.319117 -0.049213 0.000000,
        -0.319117 -0.285433 0.000000,
        0.319117 -0.049213 0.000000,
        0.319117 -0.285433 0.000000,
        0.319117 0.049213 0.000000,
        0.319117 0.285433 0.000000,
      ]
    }
    coordIndex [
      99, 98, 78, -1,
      78, 98, 77, -1,
      91, 99, 79, -1,
      79, 99, 78, -1,
      98, 67, 77, -1,
      77, 67, 66, -1,
      100, 101, 102, -1,
      102, 101, 103, -1,
      102, 103, 104, -1,
      104, 103, 105, -1,
      104, 105, 106, -1,
      106, 105, 107, -1,
      106, 107, 108, -1,
      108, 107, 109, -1,
      108, 109, 110, -1,
      110, 109, 111, -1,
      110, 111, 112, -1,
      112, 111, 113, -1,
      112, 113, 114, -1,
      114, 113, 115, -1,
      114, 115, 116, -1,
      116, 115, 117, -1,
      116, 117, 118, -1,
      118, 117, 119, -1,
      120, 118, 47, -1,
      47, 118, 119, -1,
      47, 119, 48, -1,
      65, 101, 63, -1,
      63, 101, 100, -1,
      63, 100, 121, -1,
      121, 100, 102, -1,
      122, 123, 121, -1,
      121, 123, 124, -1,
      125, 122, 120, -1,
      120, 122, 116, -1,
      120, 116, 118, -1,
      102, 104, 121, -1,
      121, 104, 106, -1,
      121, 106, 122, -1,
      122, 106, 108, -1,
      122, 108, 110, -1,
      110, 112, 122, -1,
      122, 112, 114, -1,
      122, 114, 116, -1,
      57, 58, 103, -1,
      103, 58, 105, -1,
      111, 109, 54, -1,
      54, 109, 107, -1,
      54, 107, 105, -1,
      126, 127, 62, -1,
      62, 127, 54, -1,
      62, 54, 60, -1,
      60, 54, 105, -1,
      60, 105, 59, -1,
      59, 105, 58, -1,
      57, 103, 56, -1,
      56, 103, 101, -1,
      56, 101, 65, -1,
      48, 119, 49, -1,
      49, 119, 117, -1,
      49, 117, 50, -1,
      111, 54, 113, -1,
      113, 54, 53, -1,
      113, 53, 115, -1,
      115, 53, 52, -1,
      115, 52, 117, -1,
      117, 52, 51, -1,
      117, 51, 50, -1,
      127, 126, 76, -1,
      76, 126, 71, -1,
      54, 127, 55, -1,
      55, 127, 76, -1,
      126, 62, 71, -1,
      71, 62, 61, -1,
      128, 129, 130, -1,
      130, 129, 131, -1,
      130, 131, 132, -1,
      132, 131, 133, -1,
      132, 133, 134, -1,
      134, 133, 135, -1,
      134, 135, 136, -1,
      136, 135, 137, -1,
      136, 137, 138, -1,
      138, 137, 139, -1,
      138, 139, 140, -1,
      140, 139, 141, -1,
      140, 141, 142, -1,
      142, 141, 143, -1,
      142, 143, 144, -1,
      144, 143, 145, -1,
      144, 145, 146, -1,
      146, 145, 147, -1,
      148, 146, 37, -1,
      37, 146, 147, -1,
      37, 147, 38, -1,
      88, 129, 87, -1,
      87, 129, 128, -1,
      87, 128, 149, -1,
      149, 128, 130, -1,
      148, 150, 151, -1,
      151, 152, 149, -1,
      149, 152, 153, -1,
      130, 132, 149, -1,
      149, 132, 134, -1,
      149, 134, 151, -1,
      134, 136, 151, -1,
      151, 136, 138, -1,
      151, 138, 140, -1,
      146, 148, 144, -1,
      144, 148, 151, -1,
      144, 151, 142, -1,
      142, 151, 140, -1,
      139, 137, 44, -1,
      44, 137, 135, -1,
      44, 135, 133, -1,
      88, 81, 129, -1,
      129, 81, 82, -1,
      129, 82, 131, -1,
      131, 82, 83, -1,
      131, 83, 133, -1,
      145, 40, 147, -1,
      147, 40, 39, -1,
      147, 39, 38, -1,
      154, 155, 86, -1,
      86, 155, 44, -1,
      86, 44, 85, -1,
      85, 44, 133, -1,
      85, 133, 84, -1,
      84, 133, 83, -1,
      139, 44, 141, -1,
      141, 44, 43, -1,
      141, 43, 143, -1,
      143, 43, 42, -1,
      143, 42, 145, -1,
      145, 42, 41, -1,
      145, 41, 40, -1,
      155, 154, 73, -1,
      73, 154, 74, -1,
      44, 155, 45, -1,
      45, 155, 73, -1,
      154, 86, 74, -1,
      74, 86, 80, -1,
      156, 157, 158, -1,
      158, 157, 159, -1,
      158, 159, 160, -1,
      160, 159, 161, -1,
      160, 161, 162, -1,
      162, 161, 163, -1,
      162, 163, 164, -1,
      164, 163, 165, -1,
      164, 165, 166, -1,
      166, 165, 167, -1,
      166, 167, 168, -1,
      168, 167, 169, -1,
      168, 169, 170, -1,
      170, 169, 171, -1,
      170, 171, 172, -1,
      172, 171, 173, -1,
      172, 173, 174, -1,
      174, 173, 175, -1,
      176, 174, 27, -1,
      27, 174, 175, -1,
      27, 175, 28, -1,
      25, 157, 23, -1,
      23, 157, 156, -1,
      23, 156, 177, -1,
      177, 156, 158, -1,
      176, 178, 179, -1,
      179, 180, 177, -1,
      177, 180, 181, -1,
      158, 160, 177, -1,
      177, 160, 162, -1,
      177, 162, 179, -1,
      162, 164, 179, -1,
      179, 164, 166, -1,
      179, 166, 168, -1,
      174, 176, 172, -1,
      172, 176, 179, -1,
      172, 179, 170, -1,
      170, 179, 168, -1,
      17, 18, 159, -1,
      159, 18, 161, -1,
      167, 165, 34, -1,
      34, 165, 163, -1,
      34, 163, 161, -1,
      28, 175, 29, -1,
      29, 175, 173, -1,
      29, 173, 30, -1,
      182, 183, 22, -1,
      22, 183, 34, -1,
      22, 34, 20, -1,
      20, 34, 161, -1,
      20, 161, 19, -1,
      19, 161, 18, -1,
      17, 159, 16, -1,
      16, 159, 157, -1,
      16, 157, 25, -1,
      167, 34, 169, -1,
      169, 34, 33, -1,
      169, 33, 171, -1,
      171, 33, 32, -1,
      171, 32, 173, -1,
      173, 32, 31, -1,
      173, 31, 30, -1,
      183, 182, 75, -1,
      75, 182, 72, -1,
      34, 183, 35, -1,
      35, 183, 75, -1,
      182, 22, 72, -1,
      72, 22, 21, -1,
      184, 14, 68, -1,
      68, 14, 69, -1,
      89, 11, 90, -1,
      90, 11, 185, -1,
      92, 90, 97, -1,
      97, 90, 185, -1,
      95, 13, 96, -1,
      96, 13, 14, -1,
      96, 14, 184, -1,
      96, 184, 93, -1,
      93, 184, 68, -1,
      12, 94, 11, -1,
      11, 94, 97, -1,
      11, 97, 185, -1,
      95, 94, 13, -1,
      13, 94, 12, -1,
      46, 15, 47, -1,
      47, 15, 186, -1,
      187, 8, 63, -1,
      63, 8, 64, -1,
      120, 47, 125, -1,
      125, 47, 186, -1,
      124, 187, 121, -1,
      121, 187, 63, -1,
      10, 122, 15, -1,
      15, 122, 125, -1,
      15, 125, 186, -1,
      123, 122, 9, -1,
      9, 122, 10, -1,
      123, 9, 124, -1,
      124, 9, 8, -1,
      124, 8, 187, -1,
      188, 6, 87, -1,
      87, 6, 70, -1,
      36, 1, 37, -1,
      37, 1, 189, -1,
      148, 37, 150, -1,
      150, 37, 189, -1,
      152, 7, 153, -1,
      153, 7, 6, -1,
      153, 6, 188, -1,
      153, 188, 149, -1,
      149, 188, 87, -1,
      0, 151, 1, -1,
      1, 151, 150, -1,
      1, 150, 189, -1,
      152, 151, 7, -1,
      7, 151, 0, -1,
      26, 5, 27, -1,
      27, 5, 190, -1,
      191, 4, 23, -1,
      23, 4, 24, -1,
      176, 27, 178, -1,
      178, 27, 190, -1,
      181, 191, 177, -1,
      177, 191, 23, -1,
      2, 179, 5, -1,
      5, 179, 178, -1,
      5, 178, 190, -1,
      180, 179, 3, -1,
      3, 179, 2, -1,
      180, 3, 181, -1,
      181, 3, 4, -1,
      181, 4, 191, -1,
    ]
  }
}

Shape {
  appearance Appearance {
    material Material {
      diffuseColor 0.5020 1.0000 0.5020
      specularColor 0.2510 0.5020 0.2510
      ambientIntensity 0.2
      transparency 0.0000
      shininess 0.5
    }
  }
  geometry IndexedFaceSet {
    ccw TRUE
    solid FALSE
    coord DEF co Coordinate {
      point [
        0.275713 0.000000 0.110236,
        0.274776 0.007116 0.110236,
        0.228779 -0.019441 0.110236,
        0.224409 -0.013747 0.110236,
        0.221663 -0.007116 0.110236,
        0.220726 0.000000 0.110236,
        0.221663 0.007116 0.110236,
        0.224409 0.013747 0.110236,
        0.228779 0.019441 0.110236,
        0.234473 0.023810 0.110236,
        0.241104 0.026557 0.110236,
        0.274776 -0.007116 0.110236,
        0.272030 -0.013747 0.110236,
        0.267660 -0.019441 0.110236,
        0.261966 -0.023810 0.110236,
        0.255335 -0.026557 0.110236,
        0.248219 -0.027494 0.110236,
        0.241104 -0.026557 0.110236,
        0.234473 -0.023810 0.110236,
        0.248219 0.027494 0.110236,
        0.255335 0.026557 0.110236,
        0.261966 0.023810 0.110236,
        0.267660 0.019441 0.110236,
        0.272030 0.013747 0.110236,
        0.221663 0.007116 0.110630,
        0.224409 0.013747 0.110630,
        0.228779 0.019441 0.110630,
        0.234473 0.023810 0.110630,
        0.241104 0.026557 0.110630,
        0.248219 0.027494 0.110630,
        0.255335 0.026557 0.110630,
        0.261966 0.023810 0.110630,
        0.267660 0.019441 0.110630,
        0.272030 0.013747 0.110630,
        0.274776 0.007116 0.110630,
        0.275713 0.000000 0.110630,
        0.274776 -0.007116 0.110630,
        0.272030 -0.013747 0.110630,
        0.267660 -0.019441 0.110630,
        0.261966 -0.023810 0.110630,
        0.255335 -0.026557 0.110630,
        0.248219 -0.027494 0.110630,
        0.241104 -0.026557 0.110630,
        0.234473 -0.023810 0.110630,
        0.228779 -0.019441 0.110630,
        0.224409 -0.013747 0.110630,
        0.221663 -0.007116 0.110630,
        0.220726 0.000000 0.110630,
        0.248219 0.000000 0.110630,
      ]
    }
    coordIndex [
      5, 24, 6, -1,
      6, 24, 25, -1,
      6, 25, 7, -1,
      7, 25, 26, -1,
      7, 26, 8, -1,
      8, 26, 27, -1,
      8, 27, 9, -1,
      9, 27, 28, -1,
      9, 28, 10, -1,
      10, 28, 29, -1,
      10, 29, 19, -1,
      19, 29, 30, -1,
      19, 30, 20, -1,
      20, 30, 31, -1,
      20, 31, 21, -1,
      21, 31, 32, -1,
      21, 32, 22, -1,
      22, 32, 33, -1,
      22, 33, 23, -1,
      23, 33, 34, -1,
      23, 34, 1, -1,
      1, 34, 35, -1,
      1, 35, 0, -1,
      0, 35, 36, -1,
      0, 36, 11, -1,
      11, 36, 37, -1,
      11, 37, 12, -1,
      12, 37, 38, -1,
      12, 38, 13, -1,
      13, 38, 39, -1,
      13, 39, 14, -1,
      14, 39, 40, -1,
      14, 40, 15, -1,
      15, 40, 41, -1,
      15, 41, 16, -1,
      16, 41, 42, -1,
      16, 42, 17, -1,
      17, 42, 43, -1,
      17, 43, 18, -1,
      18, 43, 44, -1,
      18, 44, 2, -1,
      2, 44, 45, -1,
      2, 45, 3, -1,
      3, 45, 46, -1,
      3, 46, 4, -1,
      4, 46, 47, -1,
      4, 47, 5, -1,
      5, 47, 24, -1,
      37, 36, 48, -1,
      48, 36, 35, -1,
      48, 35, 34, -1,
      40, 39, 48, -1,
      48, 39, 38, -1,
      48, 38, 37, -1,
      43, 42, 48, -1,
      48, 42, 41, -1,
      48, 41, 40, -1,
      46, 45, 48, -1,
      48, 45, 44, -1,
      48, 44, 43, -1,
      25, 24, 48, -1,
      48, 24, 47, -1,
      48, 47, 46, -1,
      28, 27, 48, -1,
      48, 27, 26, -1,
      48, 26, 25, -1,
      31, 30, 48, -1,
      48, 30, 29, -1,
      48, 29, 28, -1,
      34, 33, 48, -1,
      48, 33, 32, -1,
      48, 32, 31, -1,
    ]
  }
}

Shape {
  appearance Appearance {
    material Material {
      diffuseColor 0.7529 1.0000 0.7529
      specularColor 0.3765 0.5020 0.3765
      ambientIntensity 0.2
      transparency 0.0000
      shininess 0.5
    }
  }
  geometry IndexedFaceSet {
    ccw TRUE
    solid FALSE
    coord DEF co Coordinate {
      point [
        -0.037500 -0.295276 0.000394,
        -0.037500 -0.295276 0.000000,
        -0.115860 -0.295276 0.000000,
        -0.115860 -0.295276 0.000394,
        0.085636 -0.037653 0.000000,
        0.085636 0.037653 0.000000,
        -0.037500 0.295276 0.000000,
        -0.037500 0.037653 0.000000,
        -0.037500 -0.037653 0.000000,
        -0.115860 0.295276 0.000000,
        -0.115860 0.295276 0.000394,
        -0.037500 0.295276 0.000394,
        -0.037500 -0.037653 0.000394,
        0.085636 -0.037653 0.000394,
        0.085636 0.037653 0.000394,
        -0.037500 0.037653 0.000394,
      ]
    }
    coordIndex [
      0, 12, 1, -1,
      1, 12, 8, -1,
      12, 13, 8, -1,
      8, 13, 4, -1,
      13, 14, 4, -1,
      4, 14, 5, -1,
      14, 15, 5, -1,
      5, 15, 7, -1,
      15, 11, 7, -1,
      7, 11, 6, -1,
      10, 3, 9, -1,
      9, 3, 2, -1,
      3, 10, 15, -1,
      15, 10, 11, -1,
      0, 3, 12, -1,
      12, 3, 15, -1,
      12, 15, 13, -1,
      13, 15, 14, -1,
    ]
  }
}

Shape {
  appearance Appearance {
    material Material {
      diffuseColor 0.0000 0.0000 0.0000
      specularColor 0.0000 0.0000 0.0000
      ambientIntensity 0.2
      transparency 0.0000
      shininess 0.5
    }
  }
  geometry IndexedFaceSet {
    ccw TRUE
    solid FALSE
    coord DEF co Coordinate {
      point [
        0.024826 -0.295276 0.073072,
        0.026035 -0.295276 0.073219,
        0.036212 -0.295276 0.071242,
        0.036212 -0.295276 0.066117,
        0.040537 -0.295276 0.066117,
        0.052911 -0.295276 0.057402,
        0.050187 -0.295276 0.057070,
        0.050351 -0.295276 0.073084,
        0.045782 -0.295276 0.057070,
        0.045782 -0.295276 0.073084,
        0.058384 -0.295276 0.062387,
        0.057596 -0.295276 0.060731,
        0.056967 -0.295276 0.070413,
        0.057959 -0.295276 0.069018,
        0.056405 -0.295276 0.059313,
        0.054736 -0.295276 0.058116,
        0.053118 -0.295276 0.057483,
        0.056405 -0.295276 0.070963,
        0.052796 -0.295276 0.072814,
        0.053118 -0.295276 0.072696,
        0.054729 -0.295276 0.072108,
        0.058553 -0.295276 0.067491,
        0.058820 -0.295276 0.065281,
        0.058772 -0.295276 0.064262,
        0.042393 -0.295276 0.073084,
        0.040537 -0.295276 0.073084,
        0.036212 -0.295276 0.058896,
        0.040537 -0.295276 0.058896,
        0.036212 -0.295276 0.064283,
        0.040537 -0.295276 0.064283,
        0.041939 -0.295276 0.064283,
        0.042757 -0.295276 0.058896,
        0.041939 -0.295276 0.066117,
        0.042393 -0.295276 0.071242,
        0.040537 -0.295276 0.071242,
        0.034144 -0.295276 0.057070,
        0.042757 -0.295276 0.057070,
        0.040537 -0.295276 0.057070,
        0.034144 -0.295276 0.073084,
        0.028863 -0.295276 0.073219,
        0.029242 -0.295276 0.073189,
        0.030939 -0.295276 0.072699,
        0.030939 -0.295276 0.070537,
        0.030939 -0.295276 0.059714,
        0.030939 -0.295276 0.057733,
        0.030666 -0.295276 0.057597,
        0.028947 -0.295276 0.057033,
        0.027919 -0.295276 0.056935,
        0.029137 -0.295276 0.071252,
        0.027165 -0.295276 0.071487,
        0.030761 -0.295276 0.070634,
        0.026345 -0.295276 0.071443,
        0.024979 -0.295276 0.071136,
        0.023739 -0.295276 0.070511,
        0.022801 -0.295276 0.069711,
        0.022697 -0.295276 0.069596,
        0.021922 -0.295276 0.068484,
        0.021384 -0.295276 0.067103,
        0.021119 -0.295276 0.064896,
        0.021151 -0.295276 0.064095,
        0.021440 -0.295276 0.062541,
        0.027553 -0.295276 0.058670,
        0.029364 -0.295276 0.059007,
        0.024058 -0.295276 0.059274,
        0.025200 -0.295276 0.058834,
        0.026805 -0.295276 0.058642,
        0.021987 -0.295276 0.061277,
        0.022691 -0.295276 0.060328,
        0.023010 -0.295276 0.060013,
        0.027144 -0.295276 0.073354,
        0.020101 -0.295276 0.069479,
        0.021262 -0.295276 0.070996,
        0.021654 -0.295276 0.071370,
        0.023153 -0.295276 0.072421,
        0.019341 -0.295276 0.067700,
        0.019666 -0.295276 0.068461,
        0.019666 -0.295276 0.061141,
        0.019267 -0.295276 0.062161,
        0.018949 -0.295276 0.064774,
        0.018978 -0.295276 0.065610,
        0.022292 -0.295276 0.057916,
        0.021004 -0.295276 0.058985,
        0.020876 -0.295276 0.059125,
        0.019920 -0.295276 0.060491,
        0.026506 -0.295276 0.056800,
        0.025538 -0.295276 0.056845,
        0.025105 -0.295276 0.056935,
        0.023803 -0.295276 0.057203,
        0.011917 -0.295276 0.073084,
        0.011917 -0.295276 0.058896,
        0.018294 -0.295276 0.058896,
        0.018294 -0.295276 0.057070,
        0.009849 -0.295276 0.057070,
        0.009849 -0.295276 0.073084,
        0.018294 -0.299213 0.058896,
        0.018294 -0.299213 0.057070,
        0.011917 -0.299213 0.058896,
        0.011917 -0.299213 0.073084,
        0.009849 -0.299213 0.073084,
        0.009849 -0.299213 0.057070,
        0.026506 -0.299213 0.056800,
        0.028947 -0.299213 0.057033,
        0.030666 -0.299213 0.057597,
        0.030939 -0.299213 0.057733,
        0.030939 -0.299213 0.059714,
        0.029364 -0.299213 0.059007,
        0.027553 -0.299213 0.058670,
        0.026805 -0.299213 0.058642,
        0.025200 -0.299213 0.058834,
        0.024058 -0.299213 0.059274,
        0.023010 -0.299213 0.060013,
        0.022691 -0.299213 0.060328,
        0.021987 -0.299213 0.061277,
        0.021440 -0.299213 0.062541,
        0.021151 -0.299213 0.064095,
        0.021119 -0.299213 0.064896,
        0.021384 -0.299213 0.067103,
        0.021922 -0.299213 0.068484,
        0.022697 -0.299213 0.069596,
        0.022801 -0.299213 0.069711,
        0.023739 -0.299213 0.070511,
        0.024979 -0.299213 0.071136,
        0.026345 -0.299213 0.071443,
        0.027165 -0.299213 0.071487,
        0.029137 -0.299213 0.071252,
        0.030761 -0.299213 0.070634,
        0.030939 -0.299213 0.070537,
        0.030939 -0.299213 0.072699,
        0.027144 -0.299213 0.073354,
        0.029242 -0.299213 0.073189,
        0.024826 -0.299213 0.073072,
        0.023153 -0.299213 0.072421,
        0.021654 -0.299213 0.071370,
        0.021262 -0.299213 0.070996,
        0.020101 -0.299213 0.069479,
        0.019341 -0.299213 0.067700,
        0.018978 -0.299213 0.065610,
        0.018949 -0.299213 0.064774,
        0.019267 -0.299213 0.062161,
        0.019920 -0.299213 0.060491,
        0.020876 -0.299213 0.059125,
        0.021004 -0.299213 0.058985,
        0.025538 -0.299213 0.056845,
        0.022292 -0.299213 0.057916,
        0.023803 -0.299213 0.057203,
        0.042757 -0.299213 0.058896,
        0.042757 -0.299213 0.057070,
        0.036212 -0.299213 0.058896,
        0.036212 -0.299213 0.064283,
        0.041939 -0.299213 0.064283,
        0.041939 -0.299213 0.066117,
        0.036212 -0.299213 0.066117,
        0.036212 -0.299213 0.071242,
        0.042393 -0.299213 0.071242,
        0.042393 -0.299213 0.073084,
        0.034144 -0.299213 0.073084,
        0.034144 -0.299213 0.057070,
        0.056405 -0.299213 0.059313,
        0.054753 -0.299213 0.060395,
        0.054736 -0.299213 0.058116,
        0.053721 -0.299213 0.059676,
        0.052911 -0.299213 0.057402,
        0.052400 -0.299213 0.059162,
        0.050187 -0.299213 0.057070,
        0.050175 -0.299213 0.058896,
        0.045782 -0.299213 0.057070,
        0.047850 -0.299213 0.058896,
        0.045782 -0.299213 0.073084,
        0.047850 -0.299213 0.071242,
        0.050351 -0.299213 0.073084,
        0.050269 -0.299213 0.071242,
        0.050861 -0.299213 0.071225,
        0.052796 -0.299213 0.072814,
        0.052541 -0.299213 0.070960,
        0.054729 -0.299213 0.072108,
        0.053893 -0.299213 0.070422,
        0.056405 -0.299213 0.070963,
        0.054891 -0.299213 0.069735,
        0.056967 -0.299213 0.070413,
        0.055334 -0.299213 0.069299,
        0.057959 -0.299213 0.069018,
        0.055955 -0.299213 0.068402,
        0.058553 -0.299213 0.067491,
        0.056407 -0.299213 0.067235,
        0.058820 -0.299213 0.065281,
        0.056647 -0.299213 0.065224,
        0.058772 -0.299213 0.064262,
        0.056576 -0.299213 0.064056,
        0.058384 -0.299213 0.062387,
        0.056242 -0.299213 0.062622,
        0.057596 -0.299213 0.060731,
        0.055669 -0.299213 0.061454,
        0.054935 -0.299213 0.060566,
        0.050269 -0.295276 0.071242,
        0.047850 -0.295276 0.071242,
        0.047850 -0.295276 0.058896,
        0.050175 -0.295276 0.058896,
        0.054935 -0.295276 0.060566,
        0.054753 -0.295276 0.060395,
        0.053721 -0.295276 0.059676,
        0.052400 -0.295276 0.059162,
        0.056647 -0.295276 0.065224,
        0.056576 -0.295276 0.064056,
        0.056242 -0.295276 0.062622,
        0.055669 -0.295276 0.061454,
        0.054891 -0.295276 0.069735,
        0.055334 -0.295276 0.069299,
        0.055955 -0.295276 0.068402,
        0.056407 -0.295276 0.067235,
        0.050861 -0.295276 0.071225,
        0.052541 -0.295276 0.070960,
        0.053893 -0.295276 0.070422,
      ]
    }
    coordIndex [
      94, 95, 90, -1,
      90, 95, 91, -1,
      96, 94, 89, -1,
      89, 94, 90, -1,
      97, 96, 88, -1,
      88, 96, 89, -1,
      98, 97, 93, -1,
      93, 97, 88, -1,
      99, 98, 92, -1,
      92, 98, 93, -1,
      95, 99, 91, -1,
      91, 99, 92, -1,
      97, 98, 96, -1,
      96, 98, 99, -1,
      96, 99, 94, -1,
      94, 99, 95, -1,
      84, 47, 100, -1,
      100, 47, 101, -1,
      47, 46, 101, -1,
      101, 46, 45, -1,
      101, 45, 102, -1,
      102, 45, 44, -1,
      102, 44, 103, -1,
      104, 103, 43, -1,
      43, 103, 44, -1,
      104, 43, 62, -1,
      104, 62, 105, -1,
      105, 62, 61, -1,
      105, 61, 106, -1,
      106, 61, 65, -1,
      106, 65, 107, -1,
      107, 65, 64, -1,
      107, 64, 108, -1,
      108, 64, 63, -1,
      108, 63, 109, -1,
      109, 63, 68, -1,
      109, 68, 110, -1,
      110, 68, 67, -1,
      110, 67, 111, -1,
      111, 67, 66, -1,
      111, 66, 112, -1,
      112, 66, 60, -1,
      112, 60, 113, -1,
      113, 60, 59, -1,
      113, 59, 114, -1,
      114, 59, 58, -1,
      114, 58, 115, -1,
      115, 58, 57, -1,
      115, 57, 116, -1,
      116, 57, 56, -1,
      116, 56, 117, -1,
      117, 56, 55, -1,
      117, 55, 118, -1,
      118, 55, 54, -1,
      118, 54, 119, -1,
      119, 54, 53, -1,
      119, 53, 120, -1,
      120, 53, 52, -1,
      120, 52, 121, -1,
      121, 52, 51, -1,
      121, 51, 122, -1,
      122, 51, 49, -1,
      122, 49, 123, -1,
      123, 49, 48, -1,
      123, 48, 124, -1,
      124, 48, 50, -1,
      124, 50, 125, -1,
      125, 50, 42, -1,
      125, 42, 126, -1,
      127, 126, 41, -1,
      41, 126, 42, -1,
      69, 128, 39, -1,
      39, 128, 129, -1,
      39, 129, 40, -1,
      40, 129, 127, -1,
      40, 127, 41, -1,
      128, 69, 1, -1,
      128, 1, 130, -1,
      1, 0, 130, -1,
      130, 0, 73, -1,
      130, 73, 131, -1,
      131, 73, 72, -1,
      131, 72, 132, -1,
      132, 72, 71, -1,
      132, 71, 133, -1,
      133, 71, 70, -1,
      133, 70, 134, -1,
      134, 70, 75, -1,
      134, 75, 135, -1,
      75, 74, 135, -1,
      135, 74, 79, -1,
      135, 79, 136, -1,
      136, 79, 78, -1,
      136, 78, 137, -1,
      137, 78, 77, -1,
      137, 77, 138, -1,
      138, 77, 76, -1,
      138, 76, 139, -1,
      76, 83, 139, -1,
      139, 83, 82, -1,
      139, 82, 140, -1,
      140, 82, 81, -1,
      140, 81, 141, -1,
      84, 100, 142, -1,
      141, 81, 80, -1,
      141, 80, 143, -1,
      143, 80, 87, -1,
      143, 87, 144, -1,
      144, 87, 86, -1,
      144, 86, 142, -1,
      142, 86, 85, -1,
      142, 85, 84, -1,
      120, 121, 130, -1,
      116, 117, 134, -1,
      134, 117, 133, -1,
      130, 121, 128, -1,
      121, 122, 128, -1,
      128, 122, 123, -1,
      128, 123, 129, -1,
      129, 123, 124, -1,
      129, 124, 127, -1,
      127, 124, 125, -1,
      127, 125, 126, -1,
      103, 104, 102, -1,
      102, 104, 105, -1,
      102, 105, 101, -1,
      101, 105, 106, -1,
      101, 106, 100, -1,
      100, 106, 107, -1,
      100, 107, 142, -1,
      142, 107, 108, -1,
      142, 108, 144, -1,
      144, 108, 109, -1,
      144, 109, 143, -1,
      143, 109, 110, -1,
      143, 110, 141, -1,
      141, 110, 111, -1,
      141, 111, 140, -1,
      140, 111, 112, -1,
      140, 112, 139, -1,
      137, 115, 136, -1,
      136, 115, 116, -1,
      136, 116, 135, -1,
      135, 116, 134, -1,
      117, 118, 133, -1,
      133, 118, 119, -1,
      133, 119, 132, -1,
      132, 119, 120, -1,
      132, 120, 131, -1,
      131, 120, 130, -1,
      139, 112, 138, -1,
      138, 112, 113, -1,
      138, 113, 137, -1,
      137, 113, 114, -1,
      137, 114, 115, -1,
      145, 146, 31, -1,
      31, 146, 36, -1,
      26, 147, 27, -1,
      27, 147, 145, -1,
      27, 145, 31, -1,
      148, 147, 28, -1,
      28, 147, 26, -1,
      30, 149, 29, -1,
      29, 149, 148, -1,
      29, 148, 28, -1,
      150, 149, 32, -1,
      32, 149, 30, -1,
      3, 151, 4, -1,
      4, 151, 150, -1,
      4, 150, 32, -1,
      152, 151, 2, -1,
      2, 151, 3, -1,
      33, 153, 34, -1,
      34, 153, 152, -1,
      34, 152, 2, -1,
      154, 153, 24, -1,
      24, 153, 33, -1,
      38, 155, 25, -1,
      25, 155, 154, -1,
      25, 154, 24, -1,
      156, 155, 35, -1,
      35, 155, 38, -1,
      36, 146, 37, -1,
      37, 146, 156, -1,
      37, 156, 35, -1,
      156, 146, 145, -1,
      145, 147, 156, -1,
      156, 147, 148, -1,
      156, 148, 155, -1,
      153, 154, 152, -1,
      152, 154, 155, -1,
      152, 155, 151, -1,
      151, 155, 148, -1,
      151, 148, 150, -1,
      150, 148, 149, -1,
      157, 158, 159, -1,
      159, 158, 160, -1,
      159, 160, 161, -1,
      161, 160, 162, -1,
      161, 162, 163, -1,
      163, 162, 164, -1,
      163, 164, 165, -1,
      165, 164, 166, -1,
      165, 166, 167, -1,
      167, 166, 168, -1,
      167, 168, 169, -1,
      168, 170, 169, -1,
      169, 170, 171, -1,
      169, 171, 172, -1,
      172, 171, 173, -1,
      172, 173, 174, -1,
      174, 173, 175, -1,
      174, 175, 176, -1,
      176, 175, 177, -1,
      176, 177, 178, -1,
      178, 177, 179, -1,
      178, 179, 180, -1,
      180, 179, 181, -1,
      180, 181, 182, -1,
      182, 181, 183, -1,
      182, 183, 184, -1,
      184, 183, 185, -1,
      184, 185, 186, -1,
      186, 185, 187, -1,
      186, 187, 188, -1,
      188, 187, 189, -1,
      188, 189, 190, -1,
      190, 189, 191, -1,
      190, 191, 157, -1,
      157, 191, 192, -1,
      157, 192, 158, -1,
      163, 165, 6, -1,
      6, 165, 8, -1,
      14, 157, 159, -1,
      163, 6, 5, -1,
      163, 5, 161, -1,
      161, 5, 16, -1,
      161, 16, 159, -1,
      159, 16, 15, -1,
      159, 15, 14, -1,
      157, 14, 11, -1,
      157, 11, 190, -1,
      190, 11, 10, -1,
      190, 10, 188, -1,
      188, 10, 23, -1,
      188, 23, 186, -1,
      186, 23, 22, -1,
      186, 22, 184, -1,
      184, 22, 21, -1,
      184, 21, 182, -1,
      182, 21, 13, -1,
      182, 13, 180, -1,
      180, 13, 12, -1,
      180, 12, 178, -1,
      178, 12, 17, -1,
      178, 17, 176, -1,
      7, 169, 172, -1,
      176, 17, 20, -1,
      176, 20, 174, -1,
      174, 20, 19, -1,
      174, 19, 172, -1,
      172, 19, 18, -1,
      172, 18, 7, -1,
      167, 169, 9, -1,
      9, 169, 7, -1,
      165, 167, 8, -1,
      8, 167, 9, -1,
      170, 168, 193, -1,
      193, 168, 194, -1,
      168, 166, 194, -1,
      194, 166, 195, -1,
      166, 164, 195, -1,
      195, 164, 196, -1,
      192, 197, 198, -1,
      192, 198, 158, -1,
      158, 198, 199, -1,
      158, 199, 160, -1,
      160, 199, 200, -1,
      160, 200, 162, -1,
      162, 200, 196, -1,
      162, 196, 164, -1,
      185, 201, 202, -1,
      185, 202, 187, -1,
      187, 202, 203, -1,
      187, 203, 189, -1,
      189, 203, 204, -1,
      189, 204, 191, -1,
      191, 204, 197, -1,
      191, 197, 192, -1,
      177, 205, 206, -1,
      177, 206, 179, -1,
      179, 206, 207, -1,
      179, 207, 181, -1,
      181, 207, 208, -1,
      181, 208, 183, -1,
      183, 208, 201, -1,
      183, 201, 185, -1,
      170, 193, 209, -1,
      170, 209, 171, -1,
      171, 209, 210, -1,
      171, 210, 173, -1,
      173, 210, 211, -1,
      173, 211, 175, -1,
      175, 211, 205, -1,
      175, 205, 177, -1,
    ]
  }
}

Shape {
  appearance Appearance {
    material Material {
      diffuseColor 1.0000 1.0000 1.0000
      specularColor 0.5020 0.5020 0.5020
      ambientIntensity 0.2
      transparency 0.0000
      shininess 0.5
    }
  }
  geometry IndexedFaceSet {
    ccw TRUE
    solid FALSE
    coord DEF co Coordinate {
      point [
        0.050269 -0.295276 0.071242,
        0.047850 -0.295276 0.071242,
        0.047850 -0.295276 0.058896,
        0.050175 -0.295276 0.058896,
        0.054935 -0.295276 0.060566,
        0.054753 -0.295276 0.060395,
        0.053721 -0.295276 0.059676,
        0.052400 -0.295276 0.059162,
        0.056647 -0.295276 0.065224,
        0.056576 -0.295276 0.064056,
        0.056242 -0.295276 0.062622,
        0.055669 -0.295276 0.061454,
        0.054891 -0.295276 0.069735,
        0.055334 -0.295276 0.069299,
        0.055955 -0.295276 0.068402,
        0.056407 -0.295276 0.067235,
        0.050861 -0.295276 0.071225,
        0.052541 -0.295276 0.070960,
        0.053893 -0.295276 0.070422,
      ]
    }
    coordIndex [
      5, 4, 16, -1,
      5, 16, 6, -1,
      1, 2, 0, -1,
      0, 2, 3, -1,
      0, 3, 16, -1,
      16, 3, 7, -1,
      16, 7, 6, -1,
      4, 11, 16, -1,
      16, 11, 10, -1,
      16, 10, 9, -1,
      12, 9, 8, -1,
      12, 18, 9, -1,
      9, 18, 17, -1,
      9, 17, 16, -1,
      15, 14, 8, -1,
      8, 14, 13, -1,
      8, 13, 12, -1,
    ]
  }
}

Shape {
  appearance Appearance {
    material Material {
      diffuseColor 0.0000 0.0000 0.0000
      specularColor 0.0000 0.0000 0.0000
      ambientIntensity 0.2
      transparency 0.0000
      shininess 0.5
    }
  }
  geometry IndexedFaceSet {
    ccw TRUE
    solid FALSE
    coord DEF co Coordinate {
      point [
        0.070200 -0.295276 0.061450,
        0.064324 -0.295276 0.061450,
        0.071834 -0.295276 0.057070,
        0.074118 -0.295276 0.057070,
        0.068019 -0.295276 0.073084,
        0.063532 -0.295276 0.061450,
        0.061993 -0.295276 0.057070,
        0.059709 -0.295276 0.057070,
        0.064324 -0.295276 0.069188,
        0.065808 -0.295276 0.073084,
        0.064187 -0.299213 0.063259,
        0.063532 -0.299213 0.061450,
        0.069562 -0.299213 0.063259,
        0.070200 -0.299213 0.061450,
        0.066581 -0.299213 0.069915,
        0.065808 -0.299213 0.073084,
        0.059709 -0.299213 0.057070,
        0.061993 -0.299213 0.057070,
        0.066720 -0.299213 0.070393,
        0.066844 -0.299213 0.071037,
        0.068019 -0.299213 0.073084,
        0.066893 -0.299213 0.071037,
        0.067022 -0.299213 0.070359,
        0.067143 -0.299213 0.069915,
        0.074118 -0.299213 0.057070,
        0.071834 -0.299213 0.057070,
        0.064187 -0.295276 0.063259,
        0.069562 -0.295276 0.063259,
        0.067143 -0.295276 0.069915,
        0.066893 -0.295276 0.071037,
        0.067022 -0.295276 0.070359,
        0.066844 -0.295276 0.071037,
        0.066581 -0.295276 0.069915,
        0.066720 -0.295276 0.070393,
      ]
    }
    coordIndex [
      10, 11, 12, -1,
      12, 11, 13, -1,
      14, 15, 10, -1,
      10, 15, 16, -1,
      10, 16, 11, -1,
      11, 16, 17, -1,
      14, 18, 15, -1,
      15, 18, 19, -1,
      15, 19, 20, -1,
      20, 19, 21, -1,
      20, 21, 22, -1,
      22, 23, 20, -1,
      20, 23, 12, -1,
      20, 12, 24, -1,
      24, 12, 13, -1,
      24, 13, 25, -1,
      20, 24, 4, -1,
      4, 24, 3, -1,
      15, 20, 9, -1,
      9, 20, 4, -1,
      7, 16, 8, -1,
      8, 16, 15, -1,
      8, 15, 9, -1,
      17, 16, 6, -1,
      6, 16, 7, -1,
      11, 17, 5, -1,
      5, 17, 6, -1,
      0, 13, 1, -1,
      1, 13, 11, -1,
      1, 11, 5, -1,
      25, 13, 2, -1,
      2, 13, 0, -1,
      24, 25, 3, -1,
      3, 25, 2, -1,
      10, 12, 26, -1,
      26, 12, 27, -1,
      12, 23, 27, -1,
      27, 23, 28, -1,
      21, 29, 30, -1,
      21, 30, 22, -1,
      22, 30, 28, -1,
      22, 28, 23, -1,
      21, 19, 29, -1,
      29, 19, 31, -1,
      14, 32, 33, -1,
      14, 33, 18, -1,
      18, 33, 31, -1,
      18, 31, 19, -1,
      14, 10, 32, -1,
      32, 10, 26, -1,
    ]
  }
}

Shape {
  appearance Appearance {
    material Material {
      diffuseColor 1.0000 1.0000 1.0000
      specularColor 0.5020 0.5020 0.5020
      ambientIntensity 0.2
      transparency 0.0000
      shininess 0.5
    }
  }
  geometry IndexedFaceSet {
    ccw TRUE
    solid FALSE
    coord DEF co Coordinate {
      point [
        0.064187 -0.295276 0.063259,
        0.069562 -0.295276 0.063259,
        0.067143 -0.295276 0.069915,
        0.066893 -0.295276 0.071037,
        0.067022 -0.295276 0.070359,
        0.066844 -0.295276 0.071037,
        0.066581 -0.295276 0.069915,
        0.066720 -0.295276 0.070393,
      ]
    }
    coordIndex [
      3, 5, 4, -1,
      4, 5, 7, -1,
      4, 7, 2, -1,
      2, 7, 6, -1,
      2, 6, 1, -1,
      1, 6, 0, -1,
    ]
  }
}

Shape {
  appearance Appearance {
    material Material {
      diffuseColor 0.0000 0.0000 0.0000
      specularColor 0.0000 0.0000 0.0000
      ambientIntensity 0.2
      transparency 0.0000
      shininess 0.5
    }
  }
  geometry IndexedFaceSet {
    ccw TRUE
    solid FALSE
    coord DEF co Coordinate {
      point [
        0.021131 -0.295276 0.037047,
        0.021500 -0.295276 0.040352,
        0.020717 -0.295276 0.036395,
        0.020474 -0.295276 0.035660,
        0.025930 -0.295276 0.041664,
        0.025249 -0.295276 0.041735,
        0.024177 -0.295276 0.038461,
        0.029572 -0.295276 0.039026,
        0.029572 -0.295276 0.031665,
        0.026437 -0.295276 0.032170,
        0.025906 -0.295276 0.031829,
        0.027566 -0.295276 0.031665,
        0.025119 -0.295276 0.031530,
        0.021719 -0.295276 0.037589,
        0.022526 -0.295276 0.038033,
        0.022881 -0.295276 0.041220,
        0.024137 -0.295276 0.041628,
        0.022846 -0.295276 0.031530,
        0.022809 -0.295276 0.031535,
        0.022040 -0.295276 0.031824,
        0.023404 -0.295276 0.043118,
        0.021912 -0.295276 0.042539,
        0.021500 -0.295276 0.042300,
        0.021365 -0.295276 0.032296,
        0.021145 -0.295276 0.032518,
        0.020727 -0.295276 0.033132,
        0.027566 -0.295276 0.033434,
        0.027513 -0.295276 0.033434,
        0.027086 -0.295276 0.032810,
        0.020483 -0.295276 0.033809,
        0.020382 -0.295276 0.034727,
        0.029378 -0.295276 0.040703,
        0.027566 -0.295276 0.038935,
        0.027496 -0.295276 0.039821,
        0.027289 -0.295276 0.040536,
        0.027054 -0.295276 0.040949,
        0.025437 -0.295276 0.043365,
        0.026805 -0.295276 0.043221,
        0.027612 -0.295276 0.042944,
        0.029049 -0.295276 0.041565,
        0.028625 -0.295276 0.042186,
        0.028253 -0.295276 0.042544,
        0.026750 -0.295276 0.041272,
        0.026394 -0.295276 0.041502,
        0.025102 -0.295276 0.031524,
        0.024009 -0.295276 0.031395,
        0.018462 -0.295276 0.031665,
        0.009849 -0.295276 0.031665,
        0.018462 -0.295276 0.033491,
        0.018098 -0.295276 0.045837,
        0.011917 -0.295276 0.038878,
        0.011917 -0.295276 0.033491,
        0.017643 -0.295276 0.038878,
        0.017643 -0.295276 0.040712,
        0.011917 -0.295276 0.040712,
        0.011917 -0.295276 0.045837,
        0.009849 -0.295276 0.047679,
        0.018098 -0.295276 0.047679,
        0.018462 -0.299213 0.033491,
        0.018462 -0.299213 0.031665,
        0.011917 -0.299213 0.033491,
        0.011917 -0.299213 0.038878,
        0.017643 -0.299213 0.038878,
        0.017643 -0.299213 0.040712,
        0.011917 -0.299213 0.040712,
        0.011917 -0.299213 0.045837,
        0.018098 -0.299213 0.045837,
        0.018098 -0.299213 0.047679,
        0.009849 -0.299213 0.047679,
        0.009849 -0.299213 0.031665,
        0.023146 -0.299213 0.036499,
        0.023577 -0.299213 0.036724,
        0.022526 -0.299213 0.038033,
        0.027513 -0.299213 0.033434,
        0.027566 -0.299213 0.033434,
        0.027435 -0.299213 0.035279,
        0.027564 -0.299213 0.036174,
        0.029572 -0.299213 0.039026,
        0.027566 -0.299213 0.036307,
        0.027566 -0.299213 0.037404,
        0.027566 -0.299213 0.031665,
        0.029572 -0.299213 0.031665,
        0.026805 -0.299213 0.043221,
        0.026394 -0.299213 0.041502,
        0.027612 -0.299213 0.042944,
        0.026750 -0.299213 0.041272,
        0.024177 -0.299213 0.038461,
        0.024889 -0.299213 0.037044,
        0.027566 -0.299213 0.038935,
        0.027141 -0.299213 0.034564,
        0.026707 -0.299213 0.033974,
        0.027086 -0.299213 0.032810,
        0.026455 -0.299213 0.033728,
        0.026437 -0.299213 0.032170,
        0.025888 -0.299213 0.033346,
        0.025906 -0.299213 0.031829,
        0.025280 -0.299213 0.033125,
        0.025102 -0.299213 0.031524,
        0.024529 -0.299213 0.033041,
        0.024009 -0.299213 0.031395,
        0.023851 -0.299213 0.033117,
        0.022809 -0.299213 0.031535,
        0.023398 -0.299213 0.033283,
        0.022040 -0.299213 0.031824,
        0.022998 -0.299213 0.033557,
        0.021365 -0.299213 0.032296,
        0.022827 -0.299213 0.033728,
        0.027496 -0.299213 0.039821,
        0.029378 -0.299213 0.040703,
        0.027289 -0.299213 0.040536,
        0.029049 -0.299213 0.041565,
        0.027054 -0.299213 0.040949,
        0.028625 -0.299213 0.042186,
        0.028253 -0.299213 0.042544,
        0.021500 -0.299213 0.042300,
        0.021500 -0.299213 0.040352,
        0.021912 -0.299213 0.042539,
        0.022881 -0.299213 0.041220,
        0.023404 -0.299213 0.043118,
        0.024137 -0.299213 0.041628,
        0.025437 -0.299213 0.043365,
        0.025249 -0.299213 0.041735,
        0.025930 -0.299213 0.041664,
        0.022949 -0.299213 0.036340,
        0.021719 -0.299213 0.037589,
        0.022709 -0.299213 0.036043,
        0.021131 -0.299213 0.037047,
        0.022533 -0.299213 0.035669,
        0.020717 -0.299213 0.036395,
        0.022433 -0.299213 0.035209,
        0.020474 -0.299213 0.035660,
        0.022417 -0.299213 0.034891,
        0.020382 -0.299213 0.034727,
        0.022467 -0.299213 0.034430,
        0.020483 -0.299213 0.033809,
        0.022599 -0.299213 0.034066,
        0.020727 -0.299213 0.033132,
        0.021145 -0.299213 0.032518,
        0.022949 -0.295276 0.036340,
        0.023146 -0.295276 0.036499,
        0.023577 -0.295276 0.036724,
        0.024889 -0.295276 0.037044,
        0.022417 -0.295276 0.034891,
        0.022433 -0.295276 0.035209,
        0.022533 -0.295276 0.035669,
        0.022709 -0.295276 0.036043,
        0.022998 -0.295276 0.033557,
        0.022827 -0.295276 0.033728,
        0.022599 -0.295276 0.034066,
        0.022467 -0.295276 0.034430,
        0.024529 -0.295276 0.033041,
        0.023851 -0.295276 0.033117,
        0.023398 -0.295276 0.033283,
        0.026707 -0.295276 0.033974,
        0.026455 -0.295276 0.033728,
        0.025888 -0.295276 0.033346,
        0.025280 -0.295276 0.033125,
        0.027566 -0.295276 0.036307,
        0.027564 -0.295276 0.036174,
        0.027435 -0.295276 0.035279,
        0.027141 -0.295276 0.034564,
        0.027566 -0.295276 0.037404,
      ]
    }
    coordIndex [
      58, 59, 48, -1,
      48, 59, 46, -1,
      60, 58, 51, -1,
      51, 58, 48, -1,
      61, 60, 50, -1,
      50, 60, 51, -1,
      62, 61, 52, -1,
      52, 61, 50, -1,
      63, 62, 53, -1,
      53, 62, 52, -1,
      64, 63, 54, -1,
      54, 63, 53, -1,
      65, 64, 55, -1,
      55, 64, 54, -1,
      66, 65, 49, -1,
      49, 65, 55, -1,
      67, 66, 57, -1,
      57, 66, 49, -1,
      68, 67, 56, -1,
      56, 67, 57, -1,
      69, 68, 47, -1,
      47, 68, 56, -1,
      59, 69, 46, -1,
      46, 69, 47, -1,
      69, 59, 58, -1,
      58, 60, 69, -1,
      69, 60, 61, -1,
      69, 61, 68, -1,
      66, 67, 65, -1,
      65, 67, 68, -1,
      65, 68, 64, -1,
      64, 68, 61, -1,
      64, 61, 63, -1,
      63, 61, 62, -1,
      70, 71, 72, -1,
      73, 74, 75, -1,
      76, 77, 78, -1,
      78, 77, 79, -1,
      80, 81, 74, -1,
      74, 81, 77, -1,
      74, 77, 75, -1,
      75, 77, 76, -1,
      82, 83, 84, -1,
      84, 83, 85, -1,
      72, 71, 86, -1,
      86, 71, 87, -1,
      86, 87, 88, -1,
      75, 89, 73, -1,
      73, 89, 90, -1,
      73, 90, 91, -1,
      91, 90, 92, -1,
      91, 92, 93, -1,
      93, 92, 94, -1,
      93, 94, 95, -1,
      95, 94, 96, -1,
      95, 96, 97, -1,
      97, 96, 98, -1,
      97, 98, 99, -1,
      99, 98, 100, -1,
      99, 100, 101, -1,
      101, 100, 102, -1,
      101, 102, 103, -1,
      103, 102, 104, -1,
      103, 104, 105, -1,
      105, 104, 106, -1,
      87, 79, 88, -1,
      88, 79, 77, -1,
      88, 77, 107, -1,
      107, 77, 108, -1,
      107, 108, 109, -1,
      109, 108, 110, -1,
      109, 110, 111, -1,
      111, 110, 112, -1,
      111, 112, 85, -1,
      85, 112, 113, -1,
      85, 113, 84, -1,
      114, 115, 116, -1,
      116, 115, 117, -1,
      116, 117, 118, -1,
      118, 117, 119, -1,
      118, 119, 120, -1,
      120, 119, 121, -1,
      120, 121, 82, -1,
      82, 121, 122, -1,
      82, 122, 83, -1,
      70, 72, 123, -1,
      123, 72, 124, -1,
      123, 124, 125, -1,
      125, 124, 126, -1,
      125, 126, 127, -1,
      127, 126, 128, -1,
      127, 128, 129, -1,
      129, 128, 130, -1,
      129, 130, 131, -1,
      131, 130, 132, -1,
      131, 132, 133, -1,
      133, 132, 134, -1,
      133, 134, 135, -1,
      135, 134, 136, -1,
      135, 136, 106, -1,
      106, 136, 137, -1,
      106, 137, 105, -1,
      120, 36, 20, -1,
      120, 20, 118, -1,
      118, 20, 21, -1,
      118, 21, 116, -1,
      116, 21, 22, -1,
      116, 22, 114, -1,
      115, 114, 1, -1,
      1, 114, 22, -1,
      115, 1, 15, -1,
      115, 15, 117, -1,
      117, 15, 16, -1,
      117, 16, 119, -1,
      119, 16, 5, -1,
      119, 5, 121, -1,
      121, 5, 4, -1,
      121, 4, 122, -1,
      122, 4, 43, -1,
      122, 43, 83, -1,
      83, 43, 42, -1,
      83, 42, 85, -1,
      85, 42, 35, -1,
      85, 35, 111, -1,
      111, 35, 34, -1,
      111, 34, 109, -1,
      109, 34, 33, -1,
      109, 33, 107, -1,
      107, 33, 32, -1,
      107, 32, 88, -1,
      86, 88, 6, -1,
      6, 88, 32, -1,
      86, 6, 14, -1,
      86, 14, 72, -1,
      72, 14, 13, -1,
      72, 13, 124, -1,
      124, 13, 0, -1,
      124, 0, 126, -1,
      126, 0, 2, -1,
      126, 2, 128, -1,
      128, 2, 3, -1,
      128, 3, 130, -1,
      130, 3, 30, -1,
      130, 30, 132, -1,
      132, 30, 29, -1,
      132, 29, 134, -1,
      134, 29, 25, -1,
      134, 25, 136, -1,
      136, 25, 24, -1,
      136, 24, 137, -1,
      137, 24, 23, -1,
      137, 23, 105, -1,
      45, 99, 17, -1,
      17, 99, 101, -1,
      17, 101, 18, -1,
      18, 101, 103, -1,
      18, 103, 19, -1,
      19, 103, 105, -1,
      19, 105, 23, -1,
      99, 45, 44, -1,
      12, 95, 44, -1,
      44, 95, 97, -1,
      44, 97, 99, -1,
      12, 10, 95, -1,
      95, 10, 9, -1,
      95, 9, 93, -1,
      93, 9, 28, -1,
      93, 28, 91, -1,
      91, 28, 27, -1,
      91, 27, 73, -1,
      74, 73, 26, -1,
      26, 73, 27, -1,
      80, 74, 11, -1,
      11, 74, 26, -1,
      81, 80, 8, -1,
      8, 80, 11, -1,
      77, 81, 7, -1,
      7, 81, 8, -1,
      77, 7, 31, -1,
      77, 31, 108, -1,
      108, 31, 39, -1,
      108, 39, 110, -1,
      110, 39, 40, -1,
      110, 40, 112, -1,
      112, 40, 41, -1,
      112, 41, 113, -1,
      113, 41, 38, -1,
      113, 38, 84, -1,
      84, 38, 37, -1,
      84, 37, 82, -1,
      82, 37, 36, -1,
      82, 36, 120, -1,
      123, 138, 139, -1,
      123, 139, 70, -1,
      70, 139, 140, -1,
      70, 140, 71, -1,
      71, 140, 141, -1,
      71, 141, 87, -1,
      131, 142, 143, -1,
      131, 143, 129, -1,
      129, 143, 144, -1,
      129, 144, 127, -1,
      127, 144, 145, -1,
      127, 145, 125, -1,
      125, 145, 138, -1,
      125, 138, 123, -1,
      104, 146, 147, -1,
      104, 147, 106, -1,
      106, 147, 148, -1,
      106, 148, 135, -1,
      135, 148, 149, -1,
      135, 149, 133, -1,
      133, 149, 142, -1,
      133, 142, 131, -1,
      98, 150, 151, -1,
      98, 151, 100, -1,
      100, 151, 152, -1,
      100, 152, 102, -1,
      102, 152, 146, -1,
      102, 146, 104, -1,
      90, 153, 154, -1,
      90, 154, 92, -1,
      92, 154, 155, -1,
      92, 155, 94, -1,
      94, 155, 156, -1,
      94, 156, 96, -1,
      96, 156, 150, -1,
      96, 150, 98, -1,
      78, 157, 158, -1,
      78, 158, 76, -1,
      76, 158, 159, -1,
      76, 159, 75, -1,
      75, 159, 160, -1,
      75, 160, 89, -1,
      89, 160, 153, -1,
      89, 153, 90, -1,
      78, 79, 157, -1,
      157, 79, 161, -1,
      79, 87, 161, -1,
      161, 87, 141, -1,
    ]
  }
}

Shape {
  appearance Appearance {
    material Material {
      diffuseColor 1.0000 1.0000 1.0000
      specularColor 0.5020 0.5020 0.5020
      ambientIntensity 0.2
      transparency 0.0000
      shininess 0.5
    }
  }
  geometry IndexedFaceSet {
    ccw TRUE
    solid FALSE
    coord DEF co Coordinate {
      point [
        0.022949 -0.295276 0.036340,
        0.023146 -0.295276 0.036499,
        0.023577 -0.295276 0.036724,
        0.024889 -0.295276 0.037044,
        0.022417 -0.295276 0.034891,
        0.022433 -0.295276 0.035209,
        0.022533 -0.295276 0.035669,
        0.022709 -0.295276 0.036043,
        0.022998 -0.295276 0.033557,
        0.022827 -0.295276 0.033728,
        0.022599 -0.295276 0.034066,
        0.022467 -0.295276 0.034430,
        0.024529 -0.295276 0.033041,
        0.023851 -0.295276 0.033117,
        0.023398 -0.295276 0.033283,
        0.026707 -0.295276 0.033974,
        0.026455 -0.295276 0.033728,
        0.025888 -0.295276 0.033346,
        0.025280 -0.295276 0.033125,
        0.027566 -0.295276 0.036307,
        0.027564 -0.295276 0.036174,
        0.027435 -0.295276 0.035279,
        0.027141 -0.295276 0.034564,
        0.027566 -0.295276 0.037404,
      ]
    }
    coordIndex [
      20, 19, 0, -1,
      19, 23, 3, -1,
      3, 2, 19, -1,
      19, 2, 1, -1,
      19, 1, 0, -1,
      20, 0, 21, -1,
      21, 0, 7, -1,
      21, 7, 22, -1,
      9, 8, 16, -1,
      9, 16, 10, -1,
      17, 16, 18, -1,
      18, 16, 12, -1,
      7, 6, 22, -1,
      22, 6, 5, -1,
      22, 5, 15, -1,
      15, 5, 4, -1,
      15, 4, 16, -1,
      16, 4, 11, -1,
      16, 11, 10, -1,
      8, 14, 16, -1,
      16, 14, 13, -1,
      16, 13, 12, -1,
    ]
  }
}

Shape {
  appearance Appearance {
    material Material {
      diffuseColor 0.0000 0.0000 0.0000
      specularColor 0.0000 0.0000 0.0000
      ambientIntensity 0.2
      transparency 0.0000
      shininess 0.5
    }
  }
  geometry IndexedFaceSet {
    ccw TRUE
    solid FALSE
    coord DEF co Coordinate {
      point [
        0.037198 -0.295276 0.031609,
        0.036535 -0.295276 0.031530,
        0.033703 -0.295276 0.031570,
        0.033217 -0.295276 0.031741,
        0.056266 -0.295276 0.038878,
        0.056266 -0.295276 0.033491,
        0.059265 -0.295276 0.033491,
        0.062811 -0.295276 0.031665,
        0.062447 -0.295276 0.047679,
        0.062447 -0.295276 0.045837,
        0.061993 -0.295276 0.040712,
        0.061993 -0.295276 0.038878,
        0.062811 -0.295276 0.033491,
        0.059265 -0.295276 0.038878,
        0.059265 -0.295276 0.045837,
        0.059265 -0.295276 0.040712,
        0.056266 -0.295276 0.045837,
        0.056266 -0.295276 0.040712,
        0.059265 -0.295276 0.031665,
        0.054199 -0.295276 0.031665,
        0.054199 -0.295276 0.047679,
        0.032290 -0.295276 0.034138,
        0.032290 -0.295276 0.032067,
        0.033147 -0.295276 0.033616,
        0.033217 -0.295276 0.033591,
        0.033217 -0.295276 0.037852,
        0.032389 -0.295276 0.039236,
        0.032302 -0.295276 0.040016,
        0.032381 -0.295276 0.040731,
        0.032620 -0.295276 0.041378,
        0.032992 -0.295276 0.041920,
        0.033200 -0.295276 0.037863,
        0.032871 -0.295276 0.038207,
        0.032610 -0.295276 0.038624,
        0.034091 -0.295276 0.031530,
        0.035393 -0.295276 0.031395,
        0.039466 -0.295276 0.042857,
        0.039466 -0.295276 0.040909,
        0.033217 -0.295276 0.042122,
        0.033588 -0.295276 0.042456,
        0.034085 -0.295276 0.042761,
        0.039919 -0.295276 0.033970,
        0.039673 -0.295276 0.033335,
        0.039299 -0.295276 0.032806,
        0.035161 -0.295276 0.043174,
        0.036756 -0.295276 0.043365,
        0.038163 -0.295276 0.043240,
        0.039343 -0.295276 0.036668,
        0.039718 -0.295276 0.036115,
        0.039931 -0.295276 0.035524,
        0.040015 -0.295276 0.034776,
        0.038725 -0.295276 0.032304,
        0.038255 -0.295276 0.032015,
        0.036560 -0.295276 0.041735,
        0.035966 -0.295276 0.041691,
        0.034370 -0.295276 0.040196,
        0.035430 -0.295276 0.041549,
        0.034980 -0.295276 0.041310,
        0.034388 -0.295276 0.039930,
        0.034467 -0.295276 0.039618,
        0.034612 -0.295276 0.039347,
        0.034807 -0.295276 0.039132,
        0.035515 -0.295276 0.038690,
        0.037789 -0.295276 0.041606,
        0.036756 -0.295276 0.038150,
        0.038929 -0.295276 0.041210,
        0.037533 -0.295276 0.037835,
        0.038865 -0.295276 0.037094,
        0.034677 -0.295276 0.041042,
        0.034505 -0.295276 0.040787,
        0.034406 -0.295276 0.040516,
        0.034408 -0.295276 0.033162,
        0.035340 -0.295276 0.036692,
        0.034144 -0.295276 0.037240,
        0.035589 -0.295276 0.033033,
        0.035678 -0.295276 0.033033,
        0.036657 -0.295276 0.036141,
        0.036706 -0.295276 0.033148,
        0.037956 -0.295276 0.034580,
        0.037936 -0.295276 0.034830,
        0.037224 -0.295276 0.033338,
        0.037407 -0.295276 0.033449,
        0.037637 -0.295276 0.033653,
        0.037812 -0.295276 0.033912,
        0.037914 -0.295276 0.034197,
        0.037845 -0.295276 0.035143,
        0.037690 -0.295276 0.035409,
        0.037440 -0.295276 0.035669,
        0.049958 -0.295276 0.043103,
        0.052037 -0.295276 0.043103,
        0.059265 -0.295276 0.047679,
        0.047474 -0.295276 0.031530,
        0.046290 -0.295276 0.034506,
        0.046536 -0.295276 0.033565,
        0.046589 -0.295276 0.033565,
        0.044270 -0.295276 0.040318,
        0.046835 -0.295276 0.034490,
        0.046681 -0.295276 0.033957,
        0.044270 -0.295276 0.034933,
        0.041059 -0.295276 0.043103,
        0.043302 -0.295276 0.043103,
        0.045545 -0.295276 0.031690,
        0.045478 -0.295276 0.031530,
        0.044665 -0.295276 0.029610,
        0.041472 -0.295276 0.026442,
        0.041472 -0.295276 0.028227,
        0.043889 -0.295276 0.028463,
        0.044263 -0.295276 0.028876,
        0.044270 -0.295276 0.028890,
        0.041882 -0.295276 0.028092,
        0.042610 -0.295276 0.027998,
        0.044270 -0.295276 0.026636,
        0.043576 -0.295276 0.026371,
        0.042765 -0.295276 0.026278,
        0.042323 -0.295276 0.026294,
        0.043130 -0.295276 0.028061,
        0.043565 -0.295276 0.028235,
        0.046847 -0.295276 0.029938,
        0.045939 -0.295276 0.028169,
        0.045205 -0.295276 0.027288,
        0.045068 -0.295276 0.027163,
        0.044367 -0.295276 0.026673,
        0.065837 -0.295276 0.031665,
        0.065837 -0.295276 0.047679,
        0.070241 -0.295276 0.031665,
        0.077650 -0.295276 0.035326,
        0.076459 -0.295276 0.033909,
        0.074791 -0.295276 0.032711,
        0.072966 -0.295276 0.031998,
        0.076459 -0.295276 0.045559,
        0.077022 -0.295276 0.045009,
        0.078014 -0.295276 0.043614,
        0.078607 -0.295276 0.042087,
        0.070405 -0.295276 0.047679,
        0.072850 -0.295276 0.047409,
        0.074783 -0.295276 0.046703,
        0.078874 -0.295276 0.039877,
        0.078826 -0.295276 0.038857,
        0.078439 -0.295276 0.036983,
        0.032290 -0.299213 0.034138,
        0.033147 -0.299213 0.033616,
        0.035589 -0.299213 0.033033,
        0.034408 -0.299213 0.033162,
        0.032290 -0.299213 0.032067,
        0.033703 -0.299213 0.031570,
        0.035393 -0.299213 0.031395,
        0.037198 -0.299213 0.031609,
        0.038255 -0.299213 0.032015,
        0.038725 -0.299213 0.032304,
        0.039299 -0.299213 0.032806,
        0.039673 -0.299213 0.033335,
        0.039919 -0.299213 0.033970,
        0.040015 -0.299213 0.034776,
        0.039931 -0.299213 0.035524,
        0.039718 -0.299213 0.036115,
        0.039343 -0.299213 0.036668,
        0.038865 -0.299213 0.037094,
        0.037533 -0.299213 0.037835,
        0.036756 -0.299213 0.038150,
        0.035515 -0.299213 0.038690,
        0.034807 -0.299213 0.039132,
        0.034612 -0.299213 0.039347,
        0.034467 -0.299213 0.039618,
        0.034388 -0.299213 0.039930,
        0.034370 -0.299213 0.040196,
        0.034406 -0.299213 0.040516,
        0.034505 -0.299213 0.040787,
        0.034677 -0.299213 0.041042,
        0.034980 -0.299213 0.041310,
        0.035430 -0.299213 0.041549,
        0.035966 -0.299213 0.041691,
        0.036560 -0.299213 0.041735,
        0.037789 -0.299213 0.041606,
        0.038929 -0.299213 0.041210,
        0.039466 -0.299213 0.040909,
        0.039466 -0.299213 0.042857,
        0.038163 -0.299213 0.043240,
        0.036756 -0.299213 0.043365,
        0.035161 -0.299213 0.043174,
        0.034085 -0.299213 0.042761,
        0.033588 -0.299213 0.042456,
        0.032992 -0.299213 0.041920,
        0.032620 -0.299213 0.041378,
        0.032381 -0.299213 0.040731,
        0.032302 -0.299213 0.040016,
        0.032389 -0.299213 0.039236,
        0.032610 -0.299213 0.038624,
        0.032871 -0.299213 0.038207,
        0.035340 -0.299213 0.036692,
        0.034144 -0.299213 0.037240,
        0.033200 -0.299213 0.037863,
        0.036657 -0.299213 0.036141,
        0.037440 -0.299213 0.035669,
        0.037690 -0.299213 0.035409,
        0.037845 -0.299213 0.035143,
        0.037936 -0.299213 0.034830,
        0.037956 -0.299213 0.034580,
        0.037914 -0.299213 0.034197,
        0.037812 -0.299213 0.033912,
        0.037637 -0.299213 0.033653,
        0.037407 -0.299213 0.033449,
        0.037224 -0.299213 0.033338,
        0.036706 -0.299213 0.033148,
        0.035678 -0.299213 0.033033,
        0.049958 -0.299213 0.043103,
        0.052037 -0.299213 0.043103,
        0.046835 -0.299213 0.034490,
        0.046681 -0.299213 0.033957,
        0.046589 -0.299213 0.033565,
        0.046536 -0.299213 0.033565,
        0.046290 -0.299213 0.034506,
        0.043302 -0.299213 0.043103,
        0.041059 -0.299213 0.043103,
        0.045545 -0.299213 0.031690,
        0.044665 -0.299213 0.029610,
        0.044263 -0.299213 0.028876,
        0.043889 -0.299213 0.028463,
        0.043565 -0.299213 0.028235,
        0.043130 -0.299213 0.028061,
        0.042610 -0.299213 0.027998,
        0.041882 -0.299213 0.028092,
        0.041472 -0.299213 0.028227,
        0.041472 -0.299213 0.026442,
        0.042323 -0.299213 0.026294,
        0.042765 -0.299213 0.026278,
        0.043576 -0.299213 0.026371,
        0.044367 -0.299213 0.026673,
        0.045068 -0.299213 0.027163,
        0.045205 -0.299213 0.027288,
        0.045939 -0.299213 0.028169,
        0.046847 -0.299213 0.029938,
        0.062811 -0.299213 0.033491,
        0.062811 -0.299213 0.031665,
        0.056266 -0.299213 0.033491,
        0.056266 -0.299213 0.038878,
        0.061993 -0.299213 0.038878,
        0.061993 -0.299213 0.040712,
        0.056266 -0.299213 0.040712,
        0.056266 -0.299213 0.045837,
        0.062447 -0.299213 0.045837,
        0.062447 -0.299213 0.047679,
        0.054199 -0.299213 0.047679,
        0.054199 -0.299213 0.031665,
        0.076459 -0.299213 0.033909,
        0.074807 -0.299213 0.034991,
        0.074791 -0.299213 0.032711,
        0.073775 -0.299213 0.034272,
        0.072966 -0.299213 0.031998,
        0.072455 -0.299213 0.033758,
        0.070241 -0.299213 0.031665,
        0.070229 -0.299213 0.033491,
        0.065837 -0.299213 0.031665,
        0.067904 -0.299213 0.033491,
        0.065837 -0.299213 0.047679,
        0.067904 -0.299213 0.045837,
        0.070405 -0.299213 0.047679,
        0.070323 -0.299213 0.045837,
        0.070915 -0.299213 0.045820,
        0.072850 -0.299213 0.047409,
        0.072595 -0.299213 0.045556,
        0.074783 -0.299213 0.046703,
        0.073948 -0.299213 0.045018,
        0.076459 -0.299213 0.045559,
        0.074945 -0.299213 0.044331,
        0.077022 -0.299213 0.045009,
        0.075388 -0.299213 0.043894,
        0.078014 -0.299213 0.043614,
        0.076009 -0.299213 0.042998,
        0.078607 -0.299213 0.042087,
        0.076462 -0.299213 0.041830,
        0.078874 -0.299213 0.039877,
        0.076701 -0.299213 0.039820,
        0.078826 -0.299213 0.038857,
        0.076630 -0.299213 0.038651,
        0.078439 -0.299213 0.036983,
        0.076296 -0.299213 0.037218,
        0.077650 -0.299213 0.035326,
        0.075723 -0.299213 0.036050,
        0.074990 -0.299213 0.035161,
        0.070323 -0.295276 0.045837,
        0.067904 -0.295276 0.045837,
        0.067904 -0.295276 0.033491,
        0.070229 -0.295276 0.033491,
        0.074990 -0.295276 0.035161,
        0.074807 -0.295276 0.034991,
        0.073775 -0.295276 0.034272,
        0.072455 -0.295276 0.033758,
        0.076701 -0.295276 0.039820,
        0.076630 -0.295276 0.038651,
        0.076296 -0.295276 0.037218,
        0.075723 -0.295276 0.036050,
        0.074945 -0.295276 0.044331,
        0.075388 -0.295276 0.043894,
        0.076009 -0.295276 0.042998,
        0.076462 -0.295276 0.041830,
        0.070915 -0.295276 0.045820,
        0.072595 -0.295276 0.045556,
        0.073948 -0.295276 0.045018,
      ]
    }
    coordIndex [
      21, 139, 140, -1,
      141, 74, 71, -1,
      141, 71, 142, -1,
      142, 71, 24, -1,
      142, 24, 140, -1,
      140, 24, 23, -1,
      140, 23, 21, -1,
      143, 139, 22, -1,
      22, 139, 21, -1,
      22, 3, 143, -1,
      143, 3, 144, -1,
      35, 145, 34, -1,
      34, 145, 144, -1,
      34, 144, 2, -1,
      2, 144, 3, -1,
      35, 1, 145, -1,
      145, 1, 146, -1,
      1, 0, 146, -1,
      146, 0, 52, -1,
      146, 52, 147, -1,
      147, 52, 51, -1,
      147, 51, 148, -1,
      148, 51, 43, -1,
      148, 43, 149, -1,
      149, 43, 42, -1,
      149, 42, 150, -1,
      150, 42, 41, -1,
      150, 41, 151, -1,
      151, 41, 50, -1,
      151, 50, 152, -1,
      152, 50, 49, -1,
      152, 49, 153, -1,
      153, 49, 48, -1,
      153, 48, 154, -1,
      154, 48, 47, -1,
      154, 47, 155, -1,
      155, 47, 67, -1,
      155, 67, 156, -1,
      156, 67, 66, -1,
      156, 66, 157, -1,
      157, 66, 64, -1,
      157, 64, 158, -1,
      158, 64, 62, -1,
      158, 62, 159, -1,
      159, 62, 61, -1,
      159, 61, 160, -1,
      160, 61, 60, -1,
      160, 60, 161, -1,
      161, 60, 59, -1,
      161, 59, 162, -1,
      162, 59, 58, -1,
      162, 58, 163, -1,
      163, 58, 55, -1,
      163, 55, 164, -1,
      164, 55, 70, -1,
      164, 70, 165, -1,
      165, 70, 69, -1,
      165, 69, 166, -1,
      166, 69, 68, -1,
      166, 68, 167, -1,
      167, 68, 57, -1,
      167, 57, 168, -1,
      168, 57, 56, -1,
      168, 56, 169, -1,
      169, 56, 54, -1,
      169, 54, 170, -1,
      170, 54, 53, -1,
      170, 53, 171, -1,
      171, 53, 63, -1,
      171, 63, 172, -1,
      172, 63, 65, -1,
      172, 65, 173, -1,
      173, 65, 37, -1,
      173, 37, 174, -1,
      175, 174, 36, -1,
      36, 174, 37, -1,
      175, 36, 46, -1,
      175, 46, 176, -1,
      176, 46, 45, -1,
      176, 45, 177, -1,
      177, 45, 44, -1,
      177, 44, 178, -1,
      178, 44, 40, -1,
      178, 40, 179, -1,
      179, 40, 39, -1,
      179, 39, 180, -1,
      39, 38, 180, -1,
      180, 38, 181, -1,
      38, 30, 181, -1,
      181, 30, 29, -1,
      181, 29, 182, -1,
      182, 29, 28, -1,
      182, 28, 183, -1,
      183, 28, 27, -1,
      183, 27, 184, -1,
      184, 27, 26, -1,
      184, 26, 185, -1,
      185, 26, 33, -1,
      185, 33, 186, -1,
      186, 33, 32, -1,
      186, 32, 187, -1,
      72, 188, 189, -1,
      187, 32, 31, -1,
      187, 31, 190, -1,
      190, 31, 25, -1,
      190, 25, 189, -1,
      189, 25, 73, -1,
      189, 73, 72, -1,
      188, 72, 76, -1,
      188, 76, 191, -1,
      191, 76, 87, -1,
      191, 87, 192, -1,
      192, 87, 86, -1,
      192, 86, 193, -1,
      193, 86, 85, -1,
      193, 85, 194, -1,
      194, 85, 79, -1,
      194, 79, 195, -1,
      195, 79, 78, -1,
      195, 78, 196, -1,
      196, 78, 84, -1,
      196, 84, 197, -1,
      197, 84, 83, -1,
      197, 83, 198, -1,
      198, 83, 82, -1,
      198, 82, 199, -1,
      199, 82, 81, -1,
      199, 81, 200, -1,
      200, 81, 80, -1,
      200, 80, 201, -1,
      201, 80, 77, -1,
      201, 77, 202, -1,
      202, 77, 75, -1,
      202, 75, 203, -1,
      203, 75, 74, -1,
      203, 74, 141, -1,
      167, 168, 179, -1,
      179, 168, 178, -1,
      191, 158, 188, -1,
      188, 158, 159, -1,
      147, 148, 199, -1,
      199, 148, 149, -1,
      199, 149, 198, -1,
      198, 149, 150, -1,
      198, 150, 197, -1,
      197, 150, 151, -1,
      197, 151, 196, -1,
      196, 151, 152, -1,
      196, 152, 195, -1,
      195, 152, 153, -1,
      195, 153, 194, -1,
      194, 153, 154, -1,
      194, 154, 193, -1,
      193, 154, 155, -1,
      193, 155, 192, -1,
      192, 155, 156, -1,
      192, 156, 191, -1,
      191, 156, 157, -1,
      191, 157, 158, -1,
      145, 141, 144, -1,
      144, 141, 142, -1,
      144, 142, 143, -1,
      143, 142, 140, -1,
      143, 140, 139, -1,
      168, 169, 178, -1,
      178, 169, 170, -1,
      178, 170, 177, -1,
      177, 170, 171, -1,
      177, 171, 176, -1,
      176, 171, 172, -1,
      176, 172, 175, -1,
      175, 172, 173, -1,
      175, 173, 174, -1,
      199, 200, 147, -1,
      147, 200, 201, -1,
      147, 201, 146, -1,
      146, 201, 202, -1,
      146, 202, 145, -1,
      145, 202, 203, -1,
      145, 203, 141, -1,
      179, 180, 167, -1,
      167, 180, 181, -1,
      167, 181, 166, -1,
      166, 181, 182, -1,
      166, 182, 165, -1,
      165, 182, 183, -1,
      165, 183, 164, -1,
      164, 183, 184, -1,
      164, 184, 163, -1,
      163, 184, 185, -1,
      163, 185, 162, -1,
      162, 185, 186, -1,
      162, 186, 161, -1,
      161, 186, 187, -1,
      161, 187, 160, -1,
      160, 187, 190, -1,
      160, 190, 159, -1,
      159, 190, 189, -1,
      159, 189, 188, -1,
      204, 205, 88, -1,
      88, 205, 89, -1,
      206, 204, 96, -1,
      96, 204, 88, -1,
      206, 96, 97, -1,
      206, 97, 207, -1,
      207, 97, 94, -1,
      207, 94, 208, -1,
      209, 208, 93, -1,
      93, 208, 94, -1,
      210, 209, 92, -1,
      92, 209, 93, -1,
      210, 92, 211, -1,
      211, 92, 95, -1,
      211, 95, 100, -1,
      212, 211, 99, -1,
      99, 211, 100, -1,
      212, 99, 213, -1,
      213, 99, 98, -1,
      213, 98, 101, -1,
      103, 214, 102, -1,
      102, 214, 213, -1,
      102, 213, 101, -1,
      103, 108, 214, -1,
      214, 108, 215, -1,
      108, 107, 215, -1,
      215, 107, 106, -1,
      215, 106, 216, -1,
      216, 106, 116, -1,
      216, 116, 217, -1,
      217, 116, 115, -1,
      217, 115, 218, -1,
      218, 115, 110, -1,
      218, 110, 219, -1,
      219, 110, 109, -1,
      219, 109, 220, -1,
      220, 109, 105, -1,
      220, 105, 221, -1,
      222, 221, 104, -1,
      104, 221, 105, -1,
      222, 104, 114, -1,
      222, 114, 223, -1,
      223, 114, 113, -1,
      223, 113, 224, -1,
      224, 113, 112, -1,
      224, 112, 225, -1,
      225, 112, 111, -1,
      225, 111, 226, -1,
      111, 121, 226, -1,
      226, 121, 120, -1,
      226, 120, 227, -1,
      227, 120, 119, -1,
      227, 119, 228, -1,
      228, 119, 118, -1,
      228, 118, 229, -1,
      229, 118, 117, -1,
      229, 117, 230, -1,
      89, 205, 91, -1,
      91, 205, 230, -1,
      91, 230, 117, -1,
      207, 208, 230, -1,
      205, 204, 230, -1,
      230, 204, 206, -1,
      230, 206, 207, -1,
      211, 212, 210, -1,
      210, 212, 213, -1,
      210, 213, 209, -1,
      221, 222, 220, -1,
      220, 222, 223, -1,
      220, 223, 219, -1,
      219, 223, 224, -1,
      219, 224, 218, -1,
      218, 224, 225, -1,
      218, 225, 217, -1,
      217, 225, 226, -1,
      217, 226, 216, -1,
      208, 209, 230, -1,
      230, 209, 213, -1,
      230, 213, 229, -1,
      213, 214, 229, -1,
      229, 214, 215, -1,
      229, 215, 228, -1,
      228, 215, 216, -1,
      228, 216, 227, -1,
      227, 216, 226, -1,
      231, 232, 12, -1,
      12, 232, 7, -1,
      231, 12, 233, -1,
      233, 12, 6, -1,
      233, 6, 5, -1,
      234, 233, 4, -1,
      4, 233, 5, -1,
      234, 4, 235, -1,
      235, 4, 13, -1,
      235, 13, 11, -1,
      236, 235, 10, -1,
      10, 235, 11, -1,
      17, 237, 15, -1,
      15, 237, 236, -1,
      15, 236, 10, -1,
      238, 237, 16, -1,
      16, 237, 17, -1,
      9, 239, 14, -1,
      14, 239, 238, -1,
      14, 238, 16, -1,
      240, 239, 8, -1,
      8, 239, 9, -1,
      20, 241, 90, -1,
      90, 241, 240, -1,
      90, 240, 8, -1,
      242, 241, 19, -1,
      19, 241, 20, -1,
      242, 19, 232, -1,
      232, 19, 18, -1,
      232, 18, 7, -1,
      242, 232, 231, -1,
      231, 233, 242, -1,
      242, 233, 234, -1,
      242, 234, 241, -1,
      239, 240, 238, -1,
      238, 240, 241, -1,
      238, 241, 237, -1,
      237, 241, 234, -1,
      237, 234, 236, -1,
      236, 234, 235, -1,
      243, 244, 245, -1,
      245, 244, 246, -1,
      245, 246, 247, -1,
      247, 246, 248, -1,
      247, 248, 249, -1,
      249, 248, 250, -1,
      249, 250, 251, -1,
      251, 250, 252, -1,
      251, 252, 253, -1,
      253, 252, 254, -1,
      253, 254, 255, -1,
      254, 256, 255, -1,
      255, 256, 257, -1,
      255, 257, 258, -1,
      258, 257, 259, -1,
      258, 259, 260, -1,
      260, 259, 261, -1,
      260, 261, 262, -1,
      262, 261, 263, -1,
      262, 263, 264, -1,
      264, 263, 265, -1,
      264, 265, 266, -1,
      266, 265, 267, -1,
      266, 267, 268, -1,
      268, 267, 269, -1,
      268, 269, 270, -1,
      270, 269, 271, -1,
      270, 271, 272, -1,
      272, 271, 273, -1,
      272, 273, 274, -1,
      274, 273, 275, -1,
      274, 275, 276, -1,
      276, 275, 277, -1,
      276, 277, 243, -1,
      243, 277, 278, -1,
      243, 278, 244, -1,
      249, 251, 124, -1,
      124, 251, 122, -1,
      249, 124, 128, -1,
      249, 128, 247, -1,
      247, 128, 127, -1,
      247, 127, 245, -1,
      245, 127, 126, -1,
      245, 126, 243, -1,
      243, 126, 125, -1,
      243, 125, 276, -1,
      276, 125, 138, -1,
      276, 138, 274, -1,
      274, 138, 137, -1,
      274, 137, 272, -1,
      272, 137, 136, -1,
      272, 136, 270, -1,
      270, 136, 132, -1,
      270, 132, 268, -1,
      268, 132, 131, -1,
      268, 131, 266, -1,
      266, 131, 130, -1,
      266, 130, 264, -1,
      264, 130, 129, -1,
      264, 129, 262, -1,
      262, 129, 135, -1,
      262, 135, 260, -1,
      260, 135, 134, -1,
      260, 134, 258, -1,
      258, 134, 133, -1,
      258, 133, 255, -1,
      253, 255, 123, -1,
      123, 255, 133, -1,
      251, 253, 122, -1,
      122, 253, 123, -1,
      256, 254, 279, -1,
      279, 254, 280, -1,
      254, 252, 280, -1,
      280, 252, 281, -1,
      252, 250, 281, -1,
      281, 250, 282, -1,
      278, 283, 284, -1,
      278, 284, 244, -1,
      244, 284, 285, -1,
      244, 285, 246, -1,
      246, 285, 286, -1,
      246, 286, 248, -1,
      248, 286, 282, -1,
      248, 282, 250, -1,
      271, 287, 288, -1,
      271, 288, 273, -1,
      273, 288, 289, -1,
      273, 289, 275, -1,
      275, 289, 290, -1,
      275, 290, 277, -1,
      277, 290, 283, -1,
      277, 283, 278, -1,
      263, 291, 292, -1,
      263, 292, 265, -1,
      265, 292, 293, -1,
      265, 293, 267, -1,
      267, 293, 294, -1,
      267, 294, 269, -1,
      269, 294, 287, -1,
      269, 287, 271, -1,
      256, 279, 295, -1,
      256, 295, 257, -1,
      257, 295, 296, -1,
      257, 296, 259, -1,
      259, 296, 297, -1,
      259, 297, 261, -1,
      261, 297, 291, -1,
      261, 291, 263, -1,
    ]
  }
}

Shape {
  appearance Appearance {
    material Material {
      diffuseColor 1.0000 1.0000 1.0000
      specularColor 0.5020 0.5020 0.5020
      ambientIntensity 0.2
      transparency 0.0000
      shininess 0.5
    }
  }
  geometry IndexedFaceSet {
    ccw TRUE
    solid FALSE
    coord DEF co Coordinate {
      point [
        0.070323 -0.295276 0.045837,
        0.067904 -0.295276 0.045837,
        0.067904 -0.295276 0.033491,
        0.070229 -0.295276 0.033491,
        0.074990 -0.295276 0.035161,
        0.074807 -0.295276 0.034991,
        0.073775 -0.295276 0.034272,
        0.072455 -0.295276 0.033758,
        0.076701 -0.295276 0.039820,
        0.076630 -0.295276 0.038651,
        0.076296 -0.295276 0.037218,
        0.075723 -0.295276 0.036050,
        0.074945 -0.295276 0.044331,
        0.075388 -0.295276 0.043894,
        0.076009 -0.295276 0.042998,
        0.076462 -0.295276 0.041830,
        0.070915 -0.295276 0.045820,
        0.072595 -0.295276 0.045556,
        0.073948 -0.295276 0.045018,
      ]
    }
    coordIndex [
      5, 4, 16, -1,
      5, 16, 6, -1,
      1, 2, 0, -1,
      0, 2, 3, -1,
      0, 3, 16, -1,
      16, 3, 7, -1,
      16, 7, 6, -1,
      4, 11, 16, -1,
      16, 11, 10, -1,
      16, 10, 9, -1,
      12, 9, 8, -1,
      12, 18, 9, -1,
      9, 18, 17, -1,
      9, 17, 16, -1,
      15, 14, 8, -1,
      8, 14, 13, -1,
      8, 13, 12, -1,
    ]
  }
}

Shape {
  appearance Appearance {
    material Material {
      diffuseColor 0.0000 0.0000 0.0000
      specularColor 0.0000 0.0000 0.0000
      ambientIntensity 0.2
      transparency 0.0000
      shininess 0.5
    }
  }
  geometry IndexedFaceSet {
    ccw TRUE
    solid FALSE
    coord DEF co Coordinate {
      point [
        0.082047 -0.295276 0.031665,
        0.079763 -0.295276 0.031665,
        0.088073 -0.295276 0.047679,
        0.094172 -0.295276 0.031665,
        0.091888 -0.295276 0.031665,
        0.090255 -0.295276 0.036045,
        0.083586 -0.295276 0.036045,
        0.085862 -0.295276 0.047679,
        0.084241 -0.299213 0.037855,
        0.083586 -0.299213 0.036045,
        0.089616 -0.299213 0.037855,
        0.090255 -0.299213 0.036045,
        0.086636 -0.299213 0.044511,
        0.085862 -0.299213 0.047679,
        0.079763 -0.299213 0.031665,
        0.082047 -0.299213 0.031665,
        0.086774 -0.299213 0.044989,
        0.086898 -0.299213 0.045632,
        0.088073 -0.299213 0.047679,
        0.086947 -0.299213 0.045632,
        0.087076 -0.299213 0.044955,
        0.087197 -0.299213 0.044511,
        0.094172 -0.299213 0.031665,
        0.091888 -0.299213 0.031665,
        0.084241 -0.295276 0.037855,
        0.089616 -0.295276 0.037855,
        0.087197 -0.295276 0.044511,
        0.086947 -0.295276 0.045632,
        0.087076 -0.295276 0.044955,
        0.086898 -0.295276 0.045632,
        0.086636 -0.295276 0.044511,
        0.086774 -0.295276 0.044989,
      ]
    }
    coordIndex [
      8, 9, 10, -1,
      10, 9, 11, -1,
      12, 13, 8, -1,
      8, 13, 14, -1,
      8, 14, 9, -1,
      9, 14, 15, -1,
      12, 16, 13, -1,
      13, 16, 17, -1,
      13, 17, 18, -1,
      18, 17, 19, -1,
      18, 19, 20, -1,
      20, 21, 18, -1,
      18, 21, 10, -1,
      18, 10, 22, -1,
      22, 10, 11, -1,
      22, 11, 23, -1,
      18, 22, 2, -1,
      2, 22, 3, -1,
      13, 18, 7, -1,
      7, 18, 2, -1,
      14, 13, 1, -1,
      1, 13, 7, -1,
      15, 14, 0, -1,
      0, 14, 1, -1,
      9, 15, 6, -1,
      6, 15, 0, -1,
      11, 9, 5, -1,
      5, 9, 6, -1,
      23, 11, 4, -1,
      4, 11, 5, -1,
      22, 23, 3, -1,
      3, 23, 4, -1,
      8, 10, 24, -1,
      24, 10, 25, -1,
      10, 21, 25, -1,
      25, 21, 26, -1,
      19, 27, 28, -1,
      19, 28, 20, -1,
      20, 28, 26, -1,
      20, 26, 21, -1,
      19, 17, 27, -1,
      27, 17, 29, -1,
      12, 30, 31, -1,
      12, 31, 16, -1,
      16, 31, 29, -1,
      16, 29, 17, -1,
      12, 8, 30, -1,
      30, 8, 24, -1,
    ]
  }
}

Shape {
  appearance Appearance {
    material Material {
      diffuseColor 1.0000 1.0000 1.0000
      specularColor 0.5020 0.5020 0.5020
      ambientIntensity 0.2
      transparency 0.0000
      shininess 0.5
    }
  }
  geometry IndexedFaceSet {
    ccw TRUE
    solid FALSE
    coord DEF co Coordinate {
      point [
        0.084241 -0.295276 0.037855,
        0.089616 -0.295276 0.037855,
        0.087197 -0.295276 0.044511,
        0.086947 -0.295276 0.045632,
        0.087076 -0.295276 0.044955,
        0.086898 -0.295276 0.045632,
        0.086636 -0.295276 0.044511,
        0.086774 -0.295276 0.044989,
      ]
    }
    coordIndex [
      3, 5, 4, -1,
      4, 5, 7, -1,
      4, 7, 2, -1,
      2, 7, 6, -1,
      2, 6, 1, -1,
      1, 6, 0, -1,
    ]
  }
}

Shape {
  appearance Appearance {
    material Material {
      diffuseColor 0.0000 0.0000 0.0000
      specularColor 0.0000 0.0000 0.0000
      ambientIntensity 0.2
      transparency 0.0000
      shininess 0.5
    }
  }
  geometry IndexedFaceSet {
    ccw TRUE
    solid FALSE
    coord DEF co Coordinate {
      point [
        -0.010585 -0.295276 0.060593,
        -0.007498 -0.295276 0.057980,
        -0.023302 -0.295276 0.073219,
        -0.020686 -0.295276 0.071460,
        -0.016623 -0.295276 0.066651,
        -0.014537 -0.295276 0.062465,
        -0.013973 -0.295276 0.062275,
        -0.031479 -0.295276 0.076887,
        -0.025765 -0.295276 0.074874,
        -0.046376 -0.295276 0.075007,
        -0.041079 -0.295276 0.076856,
        -0.036170 -0.295276 0.077380,
        -0.049367 -0.295276 0.073219,
        -0.049833 -0.295276 0.072940,
        -0.074291 -0.295276 0.056935,
        -0.073246 -0.295276 0.059261,
        -0.070556 -0.295276 0.062693,
        -0.061833 -0.295276 0.067632,
        -0.057462 -0.295276 0.068158,
        -0.052509 -0.295276 0.070648,
        -0.056152 -0.295276 0.068087,
        -0.054843 -0.295276 0.067930,
        -0.069696 -0.295276 0.063501,
        -0.066059 -0.295276 0.066023,
        -0.067717 -0.295276 0.034369,
        -0.071125 -0.295276 0.037303,
        -0.063622 -0.295276 0.032326,
        -0.073780 -0.295276 0.041119,
        -0.075383 -0.295276 0.045363,
        -0.075907 -0.295276 0.049713,
        -0.075869 -0.295276 0.050898,
        -0.075622 -0.295276 0.052239,
        -0.075083 -0.295276 0.055174,
        -0.055907 -0.295276 0.025187,
        -0.056956 -0.295276 0.025627,
        -0.059182 -0.295276 0.027306,
        -0.062016 -0.295276 0.031837,
        -0.061872 -0.295276 0.031530,
        -0.060876 -0.295276 0.029396,
        -0.046485 -0.295276 0.025187,
        -0.048446 -0.295276 0.024434,
        -0.051200 -0.295276 0.024095,
        -0.051641 -0.295276 0.024104,
        -0.054329 -0.295276 0.024523,
        -0.040530 -0.295276 0.031530,
        -0.040539 -0.295276 0.031493,
        -0.041884 -0.295276 0.028954,
        -0.043638 -0.295276 0.026987,
        -0.045906 -0.295276 0.025409,
        -0.003785 -0.295276 0.051262,
        -0.003266 -0.295276 0.047550,
        -0.025993 -0.295276 0.038247,
        -0.025211 -0.295276 0.038556,
        -0.023874 -0.295276 0.045045,
        -0.007478 -0.295276 0.036733,
        -0.010578 -0.295276 0.034110,
        -0.042660 -0.295276 0.043109,
        -0.027404 -0.295276 0.051080,
        -0.044648 -0.295276 0.044920,
        -0.047064 -0.295276 0.046215,
        -0.026693 -0.295276 0.037751,
        -0.005220 -0.295276 0.039878,
        -0.010380 -0.295276 0.048428,
        -0.010913 -0.295276 0.050615,
        -0.011787 -0.295276 0.052239,
        -0.068451 -0.295276 0.052239,
        -0.003789 -0.295276 0.043482,
        -0.024329 -0.295276 0.038669,
        -0.024219 -0.295276 0.038661,
        -0.023877 -0.295276 0.038585,
        -0.067784 -0.295276 0.045406,
        -0.066423 -0.295276 0.043089,
        -0.060642 -0.295276 0.041916,
        -0.064381 -0.295276 0.040993,
        -0.061902 -0.295276 0.039466,
        -0.056431 -0.295276 0.045685,
        -0.058759 -0.295276 0.044068,
        -0.068733 -0.295276 0.049941,
        -0.068599 -0.295276 0.048194,
        -0.053915 -0.295276 0.046646,
        -0.051200 -0.295276 0.046980,
        -0.049812 -0.295276 0.046898,
        -0.027859 -0.295276 0.035139,
        -0.027830 -0.295276 0.035589,
        -0.039814 -0.295276 0.036619,
        -0.027601 -0.295276 0.036455,
        -0.027163 -0.295276 0.037232,
        -0.012635 -0.295276 0.041415,
        -0.011382 -0.295276 0.043191,
        -0.010598 -0.295276 0.045220,
        -0.010325 -0.295276 0.047436,
        -0.025198 -0.295276 0.031713,
        -0.025952 -0.295276 0.032009,
        -0.026690 -0.295276 0.032535,
        -0.026955 -0.295276 0.032804,
        -0.027451 -0.295276 0.033519,
        -0.027751 -0.295276 0.034291,
        -0.039875 -0.295276 0.034304,
        -0.039814 -0.295276 0.035481,
        -0.014052 -0.295276 0.032410,
        -0.017839 -0.295276 0.031610,
        -0.024557 -0.295276 0.031610,
        -0.023646 -0.295276 0.038555,
        -0.018522 -0.295276 0.038555,
        -0.016484 -0.295276 0.038945,
        -0.014474 -0.295276 0.039875,
        -0.012790 -0.295276 0.041248,
        -0.020117 -0.295276 0.056317,
        -0.067420 -0.295276 0.055234,
        -0.068394 -0.295276 0.052694,
        -0.019206 -0.295276 0.056317,
        -0.011971 -0.295276 0.052580,
        -0.013289 -0.295276 0.054052,
        -0.015055 -0.295276 0.055285,
        -0.017042 -0.295276 0.056050,
        -0.022566 -0.295276 0.063149,
        -0.025133 -0.295276 0.066219,
        -0.051313 -0.295276 0.059619,
        -0.025429 -0.295276 0.066488,
        -0.028628 -0.295276 0.068708,
        -0.049576 -0.295276 0.063218,
        -0.066237 -0.295276 0.056935,
        -0.052135 -0.295276 0.060067,
        -0.020252 -0.295276 0.056935,
        -0.020811 -0.295276 0.059480,
        -0.054689 -0.295276 0.060998,
        -0.057348 -0.295276 0.061326,
        -0.058525 -0.295276 0.061266,
        -0.047022 -0.295276 0.066269,
        -0.032198 -0.295276 0.070075,
        -0.043965 -0.295276 0.068503,
        -0.036057 -0.295276 0.070549,
        -0.040246 -0.295276 0.070010,
        -0.061336 -0.295276 0.060602,
        -0.063875 -0.295276 0.059256,
        -0.065842 -0.295276 0.057502,
        -0.006750 -0.295276 0.056935,
        -0.005176 -0.295276 0.054739,
        -0.004176 -0.295276 0.052239,
        -0.060876 -0.299213 0.029396,
        -0.059182 -0.299213 0.027306,
        -0.061902 -0.299213 0.039466,
        -0.063875 -0.299213 0.059256,
        -0.061336 -0.299213 0.060602,
        -0.061833 -0.299213 0.067632,
        -0.041884 -0.299213 0.028954,
        -0.040539 -0.299213 0.031493,
        -0.039875 -0.299213 0.034304,
        -0.054843 -0.299213 0.067930,
        -0.051313 -0.299213 0.059619,
        -0.049576 -0.299213 0.063218,
        -0.054250 -0.299213 0.032040,
        -0.053337 -0.299213 0.031417,
        -0.056956 -0.299213 0.025627,
        -0.052281 -0.299213 0.031034,
        -0.064381 -0.299213 0.040993,
        -0.063622 -0.299213 0.032326,
        -0.062016 -0.299213 0.031837,
        -0.057462 -0.299213 0.068158,
        -0.023874 -0.299213 0.045045,
        -0.027404 -0.299213 0.051080,
        -0.039814 -0.299213 0.036619,
        -0.042660 -0.299213 0.043109,
        -0.039814 -0.299213 0.035481,
        -0.045906 -0.299213 0.025409,
        -0.043638 -0.299213 0.026987,
        -0.047213 -0.299213 0.037076,
        -0.046922 -0.299213 0.036035,
        -0.046894 -0.299213 0.034930,
        -0.047148 -0.299213 0.033833,
        -0.047663 -0.299213 0.032843,
        -0.020117 -0.299213 0.056317,
        -0.019206 -0.299213 0.056317,
        -0.014537 -0.299213 0.062465,
        -0.017042 -0.299213 0.056050,
        -0.013973 -0.299213 0.062275,
        -0.015055 -0.299213 0.055285,
        -0.010585 -0.299213 0.060593,
        -0.007498 -0.299213 0.057980,
        -0.052509 -0.299213 0.070648,
        -0.047022 -0.299213 0.066269,
        -0.049833 -0.299213 0.072940,
        -0.043965 -0.299213 0.068503,
        -0.046376 -0.299213 0.075007,
        -0.058525 -0.299213 0.061266,
        -0.057348 -0.299213 0.061326,
        -0.056152 -0.299213 0.068087,
        -0.054689 -0.299213 0.060998,
        -0.052135 -0.299213 0.060067,
        -0.054980 -0.299213 0.032862,
        -0.055470 -0.299213 0.033799,
        -0.055724 -0.299213 0.034846,
        -0.054329 -0.299213 0.024523,
        -0.051641 -0.299213 0.024104,
        -0.051313 -0.299213 0.030927,
        -0.051200 -0.299213 0.024095,
        -0.050270 -0.299213 0.031049,
        -0.048446 -0.299213 0.024434,
        -0.049274 -0.299213 0.031421,
        -0.048397 -0.299213 0.032020,
        -0.007478 -0.299213 0.036733,
        -0.012790 -0.299213 0.041248,
        -0.010578 -0.299213 0.034110,
        -0.014474 -0.299213 0.039875,
        -0.014052 -0.299213 0.032410,
        -0.016484 -0.299213 0.038945,
        -0.017839 -0.299213 0.031610,
        -0.018522 -0.299213 0.038555,
        -0.024557 -0.299213 0.031610,
        -0.023646 -0.299213 0.038555,
        -0.025198 -0.299213 0.031713,
        -0.013289 -0.299213 0.054052,
        -0.011971 -0.299213 0.052580,
        -0.005176 -0.299213 0.054739,
        -0.010913 -0.299213 0.050615,
        -0.003785 -0.299213 0.051262,
        -0.010380 -0.299213 0.048428,
        -0.003266 -0.299213 0.047550,
        -0.010325 -0.299213 0.047436,
        -0.003789 -0.299213 0.043482,
        -0.010598 -0.299213 0.045220,
        -0.005220 -0.299213 0.039878,
        -0.011382 -0.299213 0.043191,
        -0.012635 -0.299213 0.041415,
        -0.020686 -0.299213 0.071460,
        -0.025133 -0.299213 0.066219,
        -0.016623 -0.299213 0.066651,
        -0.022566 -0.299213 0.063149,
        -0.020811 -0.299213 0.059480,
        -0.068394 -0.299213 0.052694,
        -0.075869 -0.299213 0.050898,
        -0.068733 -0.299213 0.049941,
        -0.075907 -0.299213 0.049713,
        -0.068599 -0.299213 0.048194,
        -0.075383 -0.299213 0.045363,
        -0.067784 -0.299213 0.045406,
        -0.073780 -0.299213 0.041119,
        -0.066423 -0.299213 0.043089,
        -0.071125 -0.299213 0.037303,
        -0.067717 -0.299213 0.034369,
        -0.055724 -0.299213 0.035887,
        -0.055453 -0.299213 0.036979,
        -0.060642 -0.299213 0.041916,
        -0.054917 -0.299213 0.037961,
        -0.058759 -0.299213 0.044068,
        -0.054248 -0.299213 0.038696,
        -0.056431 -0.299213 0.045685,
        -0.053348 -0.299213 0.039311,
        -0.053915 -0.299213 0.046646,
        -0.052348 -0.299213 0.039684,
        -0.051200 -0.299213 0.046980,
        -0.051313 -0.299213 0.039807,
        -0.049812 -0.299213 0.046898,
        -0.050498 -0.299213 0.039731,
        -0.047064 -0.299213 0.046215,
        -0.049428 -0.299213 0.039385,
        -0.044648 -0.299213 0.044920,
        -0.048492 -0.299213 0.038792,
        -0.047735 -0.299213 0.037996,
        -0.041079 -0.299213 0.076856,
        -0.040246 -0.299213 0.070010,
        -0.036170 -0.299213 0.077380,
        -0.036057 -0.299213 0.070549,
        -0.031479 -0.299213 0.076887,
        -0.032198 -0.299213 0.070075,
        -0.025765 -0.299213 0.074874,
        -0.028628 -0.299213 0.068708,
        -0.025429 -0.299213 0.066488,
        -0.066059 -0.299213 0.066023,
        -0.069696 -0.299213 0.063501,
        -0.065842 -0.299213 0.057502,
        -0.070556 -0.299213 0.062693,
        -0.067420 -0.299213 0.055234,
        -0.073246 -0.299213 0.059261,
        -0.075083 -0.299213 0.055174,
        -0.024219 -0.299213 0.038661,
        -0.026955 -0.299213 0.032804,
        -0.026690 -0.299213 0.032535,
        -0.023877 -0.299213 0.038585,
        -0.025952 -0.299213 0.032009,
        -0.027859 -0.299213 0.035139,
        -0.027751 -0.299213 0.034291,
        -0.027451 -0.299213 0.033519,
        -0.025211 -0.299213 0.038556,
        -0.025993 -0.299213 0.038247,
        -0.027830 -0.299213 0.035589,
        -0.026693 -0.299213 0.037751,
        -0.027163 -0.299213 0.037232,
        -0.027601 -0.299213 0.036455,
        -0.024329 -0.299213 0.038669,
        -0.051313 -0.295276 0.039807,
        -0.050498 -0.295276 0.039731,
        -0.049428 -0.295276 0.039385,
        -0.048492 -0.295276 0.038792,
        -0.047735 -0.295276 0.037996,
        -0.047213 -0.295276 0.037076,
        -0.046922 -0.295276 0.036035,
        -0.046894 -0.295276 0.034930,
        -0.047148 -0.295276 0.033833,
        -0.047663 -0.295276 0.032843,
        -0.048397 -0.295276 0.032020,
        -0.049274 -0.295276 0.031421,
        -0.050270 -0.295276 0.031049,
        -0.051313 -0.295276 0.030927,
        -0.052281 -0.295276 0.031034,
        -0.053337 -0.295276 0.031417,
        -0.054250 -0.295276 0.032040,
        -0.054980 -0.295276 0.032862,
        -0.055470 -0.295276 0.033799,
        -0.055724 -0.295276 0.034846,
        -0.055724 -0.295276 0.035887,
        -0.055453 -0.295276 0.036979,
        -0.054917 -0.295276 0.037961,
        -0.054248 -0.295276 0.038696,
        -0.053348 -0.295276 0.039311,
        -0.052348 -0.295276 0.039684,
      ]
    }
    coordIndex [
      139, 140, 141, -1,
      142, 143, 144, -1,
      145, 146, 147, -1,
      148, 149, 150, -1,
      151, 140, 152, -1,
      152, 140, 153, -1,
      152, 153, 154, -1,
      155, 156, 141, -1,
      141, 156, 157, -1,
      141, 157, 139, -1,
      144, 143, 158, -1,
      159, 160, 161, -1,
      161, 160, 162, -1,
      161, 162, 163, -1,
      163, 162, 164, -1,
      163, 164, 147, -1,
      147, 164, 165, -1,
      147, 165, 145, -1,
      166, 167, 162, -1,
      162, 167, 168, -1,
      162, 168, 164, -1,
      164, 168, 169, -1,
      164, 169, 170, -1,
      171, 172, 173, -1,
      173, 172, 174, -1,
      173, 174, 175, -1,
      175, 174, 176, -1,
      175, 176, 177, -1,
      177, 176, 178, -1,
      148, 150, 179, -1,
      179, 150, 180, -1,
      179, 180, 181, -1,
      181, 180, 182, -1,
      181, 182, 183, -1,
      143, 184, 158, -1,
      158, 184, 185, -1,
      158, 185, 186, -1,
      186, 185, 187, -1,
      186, 187, 148, -1,
      148, 187, 188, -1,
      148, 188, 149, -1,
      151, 189, 140, -1,
      140, 189, 190, -1,
      140, 190, 141, -1,
      141, 190, 191, -1,
      153, 192, 154, -1,
      154, 192, 193, -1,
      154, 193, 194, -1,
      194, 193, 195, -1,
      194, 195, 196, -1,
      196, 195, 197, -1,
      196, 197, 198, -1,
      198, 197, 164, -1,
      198, 164, 199, -1,
      199, 164, 170, -1,
      200, 201, 202, -1,
      202, 201, 203, -1,
      202, 203, 204, -1,
      204, 203, 205, -1,
      204, 205, 206, -1,
      206, 205, 207, -1,
      206, 207, 208, -1,
      208, 207, 209, -1,
      208, 209, 210, -1,
      176, 211, 178, -1,
      178, 211, 212, -1,
      178, 212, 213, -1,
      213, 212, 214, -1,
      213, 214, 215, -1,
      215, 214, 216, -1,
      215, 216, 217, -1,
      217, 216, 218, -1,
      217, 218, 219, -1,
      219, 218, 220, -1,
      219, 220, 221, -1,
      221, 220, 222, -1,
      221, 222, 200, -1,
      200, 222, 223, -1,
      200, 223, 201, -1,
      224, 225, 226, -1,
      226, 225, 227, -1,
      226, 227, 173, -1,
      173, 227, 228, -1,
      173, 228, 171, -1,
      229, 230, 231, -1,
      231, 230, 232, -1,
      231, 232, 233, -1,
      233, 232, 234, -1,
      233, 234, 235, -1,
      235, 234, 236, -1,
      235, 236, 237, -1,
      237, 236, 238, -1,
      237, 238, 155, -1,
      155, 238, 239, -1,
      155, 239, 156, -1,
      191, 240, 141, -1,
      141, 240, 241, -1,
      141, 241, 242, -1,
      242, 241, 243, -1,
      242, 243, 244, -1,
      244, 243, 245, -1,
      244, 245, 246, -1,
      246, 245, 247, -1,
      246, 247, 248, -1,
      248, 247, 249, -1,
      248, 249, 250, -1,
      250, 249, 251, -1,
      250, 251, 252, -1,
      252, 251, 253, -1,
      252, 253, 254, -1,
      254, 253, 255, -1,
      254, 255, 256, -1,
      256, 255, 257, -1,
      256, 257, 162, -1,
      162, 257, 258, -1,
      162, 258, 166, -1,
      183, 182, 259, -1,
      259, 182, 260, -1,
      259, 260, 261, -1,
      261, 260, 262, -1,
      261, 262, 263, -1,
      263, 262, 264, -1,
      263, 264, 265, -1,
      265, 264, 266, -1,
      265, 266, 224, -1,
      224, 266, 267, -1,
      224, 267, 225, -1,
      144, 268, 142, -1,
      142, 268, 269, -1,
      142, 269, 270, -1,
      270, 269, 271, -1,
      270, 271, 272, -1,
      272, 271, 273, -1,
      272, 273, 229, -1,
      229, 273, 274, -1,
      229, 274, 230, -1,
      275, 276, 277, -1,
      209, 278, 210, -1,
      210, 278, 275, -1,
      210, 275, 279, -1,
      279, 275, 277, -1,
      280, 281, 275, -1,
      275, 281, 282, -1,
      275, 282, 276, -1,
      283, 284, 285, -1,
      284, 286, 285, -1,
      285, 286, 287, -1,
      285, 287, 288, -1,
      280, 275, 285, -1,
      285, 275, 289, -1,
      285, 289, 283, -1,
      217, 50, 49, -1,
      217, 49, 215, -1,
      215, 49, 138, -1,
      215, 138, 213, -1,
      138, 137, 213, -1,
      213, 137, 136, -1,
      213, 136, 178, -1,
      136, 1, 178, -1,
      178, 1, 0, -1,
      178, 0, 177, -1,
      177, 0, 6, -1,
      177, 6, 175, -1,
      175, 6, 5, -1,
      175, 5, 173, -1,
      173, 5, 4, -1,
      173, 4, 226, -1,
      226, 4, 3, -1,
      226, 3, 224, -1,
      224, 3, 265, -1,
      265, 3, 2, -1,
      2, 8, 265, -1,
      265, 8, 7, -1,
      265, 7, 263, -1,
      263, 7, 11, -1,
      263, 11, 261, -1,
      13, 181, 12, -1,
      12, 181, 183, -1,
      12, 183, 9, -1,
      9, 183, 259, -1,
      9, 259, 10, -1,
      10, 259, 261, -1,
      10, 261, 11, -1,
      181, 13, 19, -1,
      181, 19, 179, -1,
      179, 19, 21, -1,
      179, 21, 148, -1,
      148, 21, 20, -1,
      148, 20, 186, -1,
      186, 20, 18, -1,
      186, 18, 158, -1,
      158, 18, 17, -1,
      158, 17, 144, -1,
      144, 17, 23, -1,
      144, 23, 268, -1,
      268, 23, 22, -1,
      268, 22, 269, -1,
      269, 22, 16, -1,
      269, 16, 271, -1,
      29, 232, 230, -1,
      271, 16, 15, -1,
      271, 15, 273, -1,
      273, 15, 14, -1,
      273, 14, 274, -1,
      14, 32, 274, -1,
      274, 32, 31, -1,
      274, 31, 230, -1,
      230, 31, 30, -1,
      230, 30, 29, -1,
      232, 29, 28, -1,
      232, 28, 234, -1,
      234, 28, 27, -1,
      234, 27, 236, -1,
      236, 27, 25, -1,
      236, 25, 238, -1,
      238, 25, 24, -1,
      238, 24, 239, -1,
      239, 24, 26, -1,
      239, 26, 156, -1,
      156, 26, 36, -1,
      156, 36, 157, -1,
      157, 36, 37, -1,
      157, 37, 139, -1,
      37, 38, 139, -1,
      139, 38, 35, -1,
      139, 35, 140, -1,
      140, 35, 34, -1,
      140, 34, 153, -1,
      153, 34, 33, -1,
      153, 33, 192, -1,
      33, 43, 192, -1,
      192, 43, 42, -1,
      192, 42, 193, -1,
      193, 42, 41, -1,
      193, 41, 195, -1,
      98, 163, 147, -1,
      195, 41, 40, -1,
      195, 40, 197, -1,
      197, 40, 39, -1,
      197, 39, 164, -1,
      39, 48, 164, -1,
      164, 48, 47, -1,
      164, 47, 165, -1,
      165, 47, 46, -1,
      165, 46, 145, -1,
      145, 46, 45, -1,
      145, 45, 146, -1,
      146, 45, 44, -1,
      146, 44, 147, -1,
      147, 44, 97, -1,
      147, 97, 98, -1,
      161, 163, 84, -1,
      84, 163, 98, -1,
      159, 161, 53, -1,
      53, 161, 84, -1,
      160, 159, 57, -1,
      57, 159, 53, -1,
      162, 160, 56, -1,
      56, 160, 57, -1,
      162, 56, 58, -1,
      162, 58, 256, -1,
      256, 58, 59, -1,
      256, 59, 254, -1,
      254, 59, 81, -1,
      254, 81, 252, -1,
      252, 81, 80, -1,
      252, 80, 250, -1,
      250, 80, 79, -1,
      250, 79, 248, -1,
      248, 79, 75, -1,
      248, 75, 246, -1,
      246, 75, 76, -1,
      246, 76, 244, -1,
      244, 76, 72, -1,
      244, 72, 242, -1,
      242, 72, 74, -1,
      242, 74, 141, -1,
      141, 74, 73, -1,
      141, 73, 155, -1,
      155, 73, 71, -1,
      155, 71, 237, -1,
      237, 71, 70, -1,
      237, 70, 235, -1,
      235, 70, 78, -1,
      235, 78, 233, -1,
      233, 78, 77, -1,
      233, 77, 231, -1,
      77, 65, 231, -1,
      231, 65, 229, -1,
      65, 109, 229, -1,
      229, 109, 108, -1,
      229, 108, 272, -1,
      272, 108, 121, -1,
      272, 121, 270, -1,
      121, 135, 270, -1,
      270, 135, 134, -1,
      270, 134, 142, -1,
      142, 134, 133, -1,
      142, 133, 143, -1,
      143, 133, 127, -1,
      143, 127, 184, -1,
      184, 127, 126, -1,
      184, 126, 185, -1,
      185, 126, 125, -1,
      185, 125, 187, -1,
      187, 125, 122, -1,
      187, 122, 188, -1,
      188, 122, 117, -1,
      188, 117, 149, -1,
      149, 117, 120, -1,
      149, 120, 150, -1,
      150, 120, 128, -1,
      150, 128, 180, -1,
      180, 128, 130, -1,
      180, 130, 182, -1,
      182, 130, 132, -1,
      182, 132, 260, -1,
      260, 132, 131, -1,
      260, 131, 262, -1,
      107, 171, 123, -1,
      123, 171, 228, -1,
      123, 228, 124, -1,
      124, 228, 227, -1,
      124, 227, 115, -1,
      115, 227, 225, -1,
      115, 225, 116, -1,
      116, 225, 267, -1,
      116, 267, 118, -1,
      118, 267, 266, -1,
      118, 266, 119, -1,
      119, 266, 264, -1,
      119, 264, 129, -1,
      129, 264, 262, -1,
      129, 262, 131, -1,
      172, 171, 110, -1,
      110, 171, 107, -1,
      172, 110, 114, -1,
      172, 114, 174, -1,
      174, 114, 113, -1,
      174, 113, 176, -1,
      176, 113, 112, -1,
      176, 112, 211, -1,
      211, 112, 111, -1,
      211, 111, 212, -1,
      212, 111, 64, -1,
      212, 64, 214, -1,
      64, 63, 214, -1,
      214, 63, 62, -1,
      214, 62, 216, -1,
      216, 62, 90, -1,
      216, 90, 218, -1,
      218, 90, 89, -1,
      218, 89, 220, -1,
      220, 89, 88, -1,
      220, 88, 222, -1,
      222, 88, 87, -1,
      222, 87, 223, -1,
      223, 87, 106, -1,
      223, 106, 201, -1,
      201, 106, 105, -1,
      201, 105, 203, -1,
      203, 105, 104, -1,
      203, 104, 205, -1,
      205, 104, 103, -1,
      205, 103, 207, -1,
      209, 207, 102, -1,
      102, 207, 103, -1,
      209, 102, 69, -1,
      209, 69, 278, -1,
      278, 69, 68, -1,
      278, 68, 275, -1,
      275, 68, 67, -1,
      275, 67, 289, -1,
      289, 67, 52, -1,
      289, 52, 283, -1,
      283, 52, 51, -1,
      283, 51, 284, -1,
      284, 51, 60, -1,
      284, 60, 286, -1,
      286, 60, 86, -1,
      286, 86, 287, -1,
      287, 86, 85, -1,
      287, 85, 288, -1,
      288, 85, 83, -1,
      288, 83, 285, -1,
      285, 83, 82, -1,
      285, 82, 280, -1,
      280, 82, 96, -1,
      280, 96, 281, -1,
      281, 96, 95, -1,
      281, 95, 282, -1,
      282, 95, 94, -1,
      282, 94, 276, -1,
      276, 94, 93, -1,
      276, 93, 277, -1,
      277, 93, 92, -1,
      277, 92, 279, -1,
      279, 92, 91, -1,
      279, 91, 210, -1,
      210, 91, 101, -1,
      210, 101, 208, -1,
      206, 208, 100, -1,
      100, 208, 101, -1,
      206, 100, 99, -1,
      206, 99, 204, -1,
      204, 99, 55, -1,
      204, 55, 202, -1,
      202, 55, 54, -1,
      202, 54, 200, -1,
      200, 54, 61, -1,
      200, 61, 221, -1,
      221, 61, 66, -1,
      221, 66, 219, -1,
      219, 66, 50, -1,
      219, 50, 217, -1,
      251, 290, 291, -1,
      251, 291, 253, -1,
      253, 291, 292, -1,
      253, 292, 255, -1,
      255, 292, 293, -1,
      255, 293, 257, -1,
      257, 293, 294, -1,
      257, 294, 258, -1,
      258, 294, 295, -1,
      258, 295, 166, -1,
      166, 295, 296, -1,
      166, 296, 167, -1,
      167, 296, 297, -1,
      167, 297, 168, -1,
      168, 297, 298, -1,
      168, 298, 169, -1,
      169, 298, 299, -1,
      169, 299, 170, -1,
      170, 299, 300, -1,
      170, 300, 199, -1,
      199, 300, 301, -1,
      199, 301, 198, -1,
      198, 301, 302, -1,
      198, 302, 196, -1,
      196, 302, 303, -1,
      196, 303, 194, -1,
      194, 303, 304, -1,
      194, 304, 154, -1,
      154, 304, 305, -1,
      154, 305, 152, -1,
      152, 305, 306, -1,
      152, 306, 151, -1,
      151, 306, 307, -1,
      151, 307, 189, -1,
      189, 307, 308, -1,
      189, 308, 190, -1,
      190, 308, 309, -1,
      190, 309, 191, -1,
      191, 309, 310, -1,
      191, 310, 240, -1,
      240, 310, 311, -1,
      240, 311, 241, -1,
      241, 311, 312, -1,
      241, 312, 243, -1,
      243, 312, 313, -1,
      243, 313, 245, -1,
      245, 313, 314, -1,
      245, 314, 247, -1,
      247, 314, 315, -1,
      247, 315, 249, -1,
      249, 315, 290, -1,
      249, 290, 251, -1,
    ]
  }
}

Shape {
  appearance Appearance {
    material Material {
      diffuseColor 1.0000 1.0000 1.0000
      specularColor 0.5020 0.5020 0.5020
      ambientIntensity 0.2
      transparency 0.0000
      shininess 0.5
    }
  }
  geometry IndexedFaceSet {
    ccw TRUE
    solid FALSE
    coord DEF co Coordinate {
      point [
        -0.051313 -0.295276 0.039807,
        -0.050498 -0.295276 0.039731,
        -0.049428 -0.295276 0.039385,
        -0.048492 -0.295276 0.038792,
        -0.047735 -0.295276 0.037996,
        -0.047213 -0.295276 0.037076,
        -0.046922 -0.295276 0.036035,
        -0.046894 -0.295276 0.034930,
        -0.047148 -0.295276 0.033833,
        -0.047663 -0.295276 0.032843,
        -0.048397 -0.295276 0.032020,
        -0.049274 -0.295276 0.031421,
        -0.050270 -0.295276 0.031049,
        -0.051313 -0.295276 0.030927,
        -0.052281 -0.295276 0.031034,
        -0.053337 -0.295276 0.031417,
        -0.054250 -0.295276 0.032040,
        -0.054980 -0.295276 0.032862,
        -0.055470 -0.295276 0.033799,
        -0.055724 -0.295276 0.034846,
        -0.055724 -0.295276 0.035887,
        -0.055453 -0.295276 0.036979,
        -0.054917 -0.295276 0.037961,
        -0.054248 -0.295276 0.038696,
        -0.053348 -0.295276 0.039311,
        -0.052348 -0.295276 0.039684,
      ]
    }
    coordIndex [
      12, 1, 13, -1,
      13, 1, 0, -1,
      13, 0, 25, -1,
      21, 20, 14, -1,
      14, 20, 19, -1,
      14, 19, 18, -1,
      18, 17, 14, -1,
      14, 17, 16, -1,
      14, 16, 15, -1,
      10, 4, 3, -1,
      25, 24, 13, -1,
      13, 24, 23, -1,
      13, 23, 14, -1,
      14, 23, 22, -1,
      14, 22, 21, -1,
      12, 11, 1, -1,
      1, 11, 10, -1,
      1, 10, 2, -1,
      2, 10, 3, -1,
      8, 7, 9, -1,
      9, 7, 6, -1,
      9, 6, 10, -1,
      10, 6, 5, -1,
      10, 5, 4, -1,
    ]
  }
}
